{"type":"FeatureCollection","features":[{"type":"Feature","properties":{"id":"01","name":"Alt Camp","capital":"Valls"},"geometry":{"type":"Polygon","coordinates":[[[1.496,41.4357],[1.4907,41.434],[1.4852,41.4323],[1.4785,41.4331],[1.4761,41.4277],[1.4797,41.4226],[1.4825,41.4163],[1.4865,41.411],[1.4887,41.4046],[1.4876,41.3996],[1.4825,41.3982],[1.4804,41.3908],[1.4778,41.3857],[1.4732,41.3807],[1.4784,41.3812],[1.4838,41.3817],[1.489,41.3849],[1.4943,41.3885],[1.5002,41.3905],[1.5053,41.3911],[1.5104,41.3939],[1.5162,41.3902],[1.5219,41.388],[1.5273,41.3877],[1.5325,41.3871],[1.5283,41.3677],[1.5183,41.3646],[1.5125,41.3592],[1.5044,41.3616],[1.4937,41.3553],[1.4722,41.3553],[1.4628,41.3562],[1.4477,41.3485],[1.4272,41.3361],[1.4088,41.3274],[1.4021,41.325],[1.4065,41.32],[1.412,41.3189],[1.4203,41.3138],[1.4255,41.3082],[1.4204,41.3037],[1.4157,41.2987],[1.4103,41.2986],[1.399,41.2923],[1.4041,41.2899],[1.4092,41.2888],[1.4146,41.2875],[1.4197,41.2873],[1.4252,41.2864],[1.4304,41.2863],[1.436,41.2861],[1.434,41.281],[1.4386,41.2743],[1.4334,41.2728],[1.4284,41.2727],[1.4233,41.2735],[1.4182,41.2744],[1.4131,41.2747],[1.408,41.2739],[1.4029,41.271],[1.4021,41.2655],[1.4071,41.2628],[1.4123,41.2629],[1.4188,41.2629],[1.426,41.2597],[1.431,41.2572],[1.4351,41.2513],[1.4261,41.2482],[1.4209,41.2486],[1.4151,41.2453],[1.4098,41.2417],[1.4045,41.2405],[1.3993,41.2391],[1.3942,41.24],[1.3889,41.2419],[1.3837,41.2418],[1.3785,41.2422],[1.3733,41.2429],[1.3681,41.2448],[1.3662,41.2498],[1.3611,41.2519],[1.356,41.2518],[1.3522,41.2468],[1.3474,41.2418],[1.3459,41.2367],[1.3409,41.2374],[1.3358,41.2382],[1.3375,41.2332],[1.3427,41.2292],[1.3478,41.2324],[1.3492,41.2273],[1.3528,41.2223],[1.3477,41.2224],[1.3431,41.2174],[1.338,41.2151],[1.336,41.2207],[1.3299,41.2195],[1.3221,41.2223],[1.3166,41.2276],[1.3088,41.2317],[1.3036,41.2367],[1.2984,41.2369],[1.2927,41.237],[1.2875,41.236],[1.2824,41.2333],[1.2765,41.2362],[1.2714,41.234],[1.2664,41.2292],[1.2623,41.2241],[1.2514,41.2245],[1.2423,41.2214],[1.253,41.2131],[1.2605,41.2012],[1.246,41.204],[1.2338,41.2039],[1.2328,41.209],[1.2331,41.2143],[1.2273,41.2188],[1.2221,41.2149],[1.2169,41.2158],[1.2119,41.2196],[1.2068,41.2245],[1.2016,41.2282],[1.1963,41.224],[1.1914,41.229],[1.1864,41.2308],[1.1816,41.2243],[1.1746,41.2256],[1.1696,41.2247],[1.1643,41.227],[1.1592,41.2288],[1.1535,41.2321],[1.1585,41.2368],[1.1539,41.2419],[1.1488,41.2452],[1.1438,41.2472],[1.1402,41.2522],[1.1415,41.2573],[1.1361,41.2583],[1.1311,41.2594],[1.126,41.259],[1.1209,41.2604],[1.1159,41.2593],[1.1108,41.2582],[1.1057,41.2569],[1.1008,41.2631],[1.0957,41.2659],[1.0906,41.2646],[1.0531,41.2681],[1.0581,41.2733],[1.0574,41.2941],[1.0662,41.3047],[1.0539,41.3063],[1.0429,41.3183],[1.0641,41.3263],[1.0658,41.3213],[1.0709,41.3209],[1.0759,41.3203],[1.0811,41.3184],[1.0861,41.3175],[1.0912,41.3164],[1.0962,41.3154],[1.1041,41.3155],[1.1024,41.3105],[1.1075,41.3081],[1.1125,41.3081],[1.1176,41.3064],[1.1226,41.3056],[1.1277,41.3057],[1.1328,41.3057],[1.1379,41.3082],[1.1429,41.3085],[1.1481,41.3118],[1.1533,41.3115],[1.1586,41.3152],[1.1639,41.3156],[1.169,41.3175],[1.1742,41.3202],[1.1792,41.3198],[1.1843,41.3193],[1.1907,41.3159],[1.1927,41.3213],[1.1952,41.3263],[1.2005,41.3305],[1.206,41.3326],[1.211,41.334],[1.2162,41.3389],[1.2212,41.3432],[1.2247,41.3485],[1.2264,41.3536],[1.2259,41.3586],[1.2259,41.364],[1.2287,41.3691],[1.2321,41.3747],[1.2371,41.3752],[1.2405,41.3839],[1.2537,41.3848],[1.256,41.3908],[1.2612,41.3986],[1.2594,41.4039],[1.271,41.4081],[1.2816,41.4162],[1.2869,41.4177],[1.2902,41.4229],[1.2959,41.4262],[1.302,41.4284],[1.3071,41.4333],[1.3113,41.4387],[1.3163,41.4419],[1.3201,41.4469],[1.3258,41.4424],[1.3278,41.4374],[1.3282,41.4323],[1.3283,41.4272],[1.3411,41.4307],[1.3469,41.4288],[1.3556,41.4283],[1.3653,41.4318],[1.3718,41.4368],[1.3688,41.4418],[1.3742,41.4453],[1.3795,41.4462],[1.3992,41.4377],[1.4043,41.4357],[1.4096,41.441],[1.4146,41.4433],[1.4202,41.4472],[1.4262,41.4497],[1.4322,41.449],[1.4373,41.449],[1.4433,41.4525],[1.4487,41.457],[1.4539,41.461],[1.4551,41.4662],[1.4606,41.4688],[1.4657,41.4738],[1.4715,41.4772],[1.4796,41.476],[1.4847,41.4721],[1.4871,41.467],[1.4834,41.4584],[1.4797,41.4532],[1.4745,41.4489],[1.4691,41.4448],[1.4723,41.4397],[1.4792,41.4356],[1.496,41.4357]]]}},{"type":"Feature","properties":{"id":"02","name":"Alt Empordà","capital":"Figueres"},"geometry":{"type":"MultiPolygon","coordinates":[[[[3.223378701541024,42.23681611016021],[3.223359872055719,42.23680819368863],[3.2233567338081683,42.236813848311186],[3.2233535955606176,42.23682063385826],[3.2233567338081683,42.23682628848081],[3.223366148550821,42.23682741940533],[3.2233739941696977,42.236824026631794],[3.223378701541024,42.23681611016021]]],[[[3.2121061163385707,42.237225504833404],[3.212098270719694,42.23722324298438],[3.2120857177294906,42.237226635757914],[3.21208257948194,42.23722776668243],[3.21208257948194,42.237234552229495],[3.2120810103581645,42.23724133777657],[3.2120841486057152,42.237242468701076],[3.2120904251008167,42.23724020685206],[3.21210297809102,42.23723568315401],[3.212107685462346,42.23723115945596],[3.2121061163385707,42.237225504833404]]],[[[3.143799020147982,42.11591575617406],[3.143791174529105,42.115912363400525],[3.1437880362815545,42.11591688709857],[3.143791174529105,42.11592706541918],[3.1437974510242066,42.11593724373978],[3.143806865766859,42.115940636513315],[3.1438131422619606,42.11593385096624],[3.1438084348906346,42.11592593449466],[3.143799020147982,42.11591575617406]]],[[[3.2132280398379796,42.23601654653052],[3.2132233324666535,42.236012022832476],[3.2132154868477767,42.236013153756986],[3.2132076412288995,42.236013153756986],[3.2131997956100227,42.23601880837955],[3.2131997956100227,42.23602672485113],[3.2131982264862473,42.23603464132271],[3.2131997956100227,42.23603577224722],[3.21321077947645,42.236031248549175],[3.2132186250953274,42.23602672485113],[3.213226470714204,42.236022201153084],[3.2132280398379796,42.23601654653052]]],[[[3.137695128661687,42.12303944967251],[3.137685713919035,42.123034925974466],[3.137671591805056,42.12304171152154],[3.137670022681281,42.123053020766655],[3.1376810065477083,42.12305980631372],[3.1376998360330135,42.12304736614409],[3.137695128661687,42.12303944967251]]],[[[3.163522906004724,42.11535707946534],[3.163518198633398,42.11535707946534],[3.1635150603858473,42.11535707946534],[3.16350721476697,42.11536499593692],[3.1634993691480933,42.11537404333301],[3.1634962309005425,42.11537856703106],[3.1634993691480933,42.115383090729104],[3.1635056456431947,42.11538535257813],[3.163513491262072,42.115383090729104],[3.163522906004724,42.11537517425752],[3.163529182499826,42.11536612686143],[3.1635307516236013,42.115361603163386],[3.163522906004724,42.11535707946534]]],[[[3.13371583076728,42.12771695345241],[3.1337064160246277,42.127714691603394],[3.133700139529526,42.127715822527904],[3.1336938630344244,42.12771921530144],[3.1336891556630984,42.12772713177302],[3.133692293910649,42.12773391732009],[3.1336938630344244,42.12773731009362],[3.1336954321582,42.12773957194265],[3.133697001281975,42.12774070286716],[3.1336985704057505,42.12773957194265],[3.133707985148403,42.12773617916911],[3.13371583076728,42.12773165547107],[3.1337189690148306,42.12773052454656],[3.1337221072623813,42.12772939362205],[3.1337221072623813,42.12772713177302],[3.1337221072623813,42.127722608074976],[3.133720538138606,42.12771921530144],[3.13371583076728,42.12771695345241]]],[[[3.210020750841068,42.2375082359613],[3.2100176125935174,42.237504843187764],[3.21000976697464,42.237505974112274],[3.210000352231988,42.237505974112274],[3.209998783108212,42.237503712263255],[3.2099925066131108,42.23750710503679],[3.2099862301180093,42.237511628734836],[3.209984660994234,42.23751615243288],[3.2099877992417847,42.23752067613093],[3.209994075736886,42.23752519982897],[3.2100034904795387,42.23752633075348],[3.2100113360984155,42.23752406890446],[3.2100191817172927,42.2375184142819],[3.210020750841068,42.237513890583855],[3.210020750841068,42.2375082359613]]],[[[3.2233,42.2368],[3.2233,42.2369],[3.2233,42.2368],[3.2234,42.2368],[3.2233,42.2368]]],[[[3.138442031578776,42.12134080105612],[3.138434185959899,42.12133288458454],[3.1384247712172466,42.121338539207095],[3.1384153564745945,42.12135211030123],[3.13841692559837,42.121365681395375],[3.1384279094647978,42.12137020509342],[3.1384388933312253,42.1213588958483],[3.138442031578776,42.12134080105612]]],[[[3.138504796529792,42.121516094355414],[3.138493812663364,42.12151157065737],[3.1384906744158134,42.121522879902486],[3.1384953817871395,42.121543236543694],[3.1385063656535674,42.12154889116625],[3.1385220568913215,42.12153871284565],[3.1385189186437707,42.12152966544955],[3.138504796529792,42.121516094355414]]],[[[3.163929309062552,42.1144353759884],[3.163921463443675,42.11443311413937],[3.1639120487010226,42.1144353759884],[3.1639026339583705,42.114441030610955],[3.1638994957108193,42.11444668523352],[3.1638994957108193,42.11445007800705],[3.1638994957108193,42.11445233985607],[3.163904203082146,42.11445799447863],[3.1639151869485733,42.114460256327654],[3.163921463443675,42.11446138725216],[3.1639277399387766,42.114460256327654],[3.1639324473101027,42.1144546017051],[3.1639324473101027,42.114448947082536],[3.1639324473101027,42.11444216153547],[3.163929309062552,42.1144353759884]]],[[[3.2252883251756823,42.23846839087163],[3.2252773413092544,42.23846612902261],[3.225275772185479,42.23846612902261],[3.2252726339379283,42.23847178364517],[3.2252742030617036,42.23847743826772],[3.2252773413092544,42.238483092890284],[3.2252820486805804,42.23848874751284],[3.225286756051907,42.238493271210885],[3.225291463423233,42.23849779490894],[3.225300878165885,42.23849892583345],[3.225307154660987,42.23849553305991],[3.2253055855372117,42.2384853547393],[3.22529930904211,42.23847065272066],[3.2252883251756823,42.23846839087163]]],[[[3.2235,42.2367],[3.2234,42.2367],[3.2235,42.2367],[3.2235,42.2368],[3.2235,42.2367]]],[[[3.1217073265141657,42.13635495487188],[3.1216963426477378,42.13635382394737],[3.121688497028861,42.13635834764541],[3.121682220533759,42.13636174041895],[3.1216790822862084,42.13636852596602],[3.1216790822862084,42.136374180588575],[3.12168535878131,42.13638096613565],[3.121693204400187,42.13638096613565],[3.121702619142839,42.13637757336211],[3.121712033885492,42.136374180588575],[3.121718310380593,42.1363673950415],[3.121716741256818,42.13635947856993],[3.1217073265141657,42.13635495487188]]],[[[3.16903680695147,42.42231713409694],[3.1690273922088172,42.42231374132341],[3.169017977466165,42.422314872247924],[3.169005424475962,42.42231826502146],[3.169002286228411,42.422322788719505],[3.169002286228411,42.42232618149304],[3.169010131847288,42.42233409796462],[3.169025823085042,42.42234653813425],[3.1690320995801438,42.42233749073815],[3.1690399451990205,42.42232844334206],[3.169041514322796,42.422322788719505],[3.16903680695147,42.42231713409694]]],[[[3.2204648386901114,42.23577452868504],[3.2204617004425606,42.23576321943993],[3.220452285699908,42.23576661221346],[3.2204444400810313,42.235770004986996],[3.2204287488432772,42.23577679053407],[3.220424041471951,42.23578131423211],[3.220424041471951,42.23578470700565],[3.2204334562146033,42.235789230703695],[3.2204460092048066,42.23579262347723],[3.22045856219501,42.23579262347723],[3.2204648386901114,42.23579149255272],[3.2204664078138867,42.235788099779185],[3.2204664078138867,42.23578131423211],[3.2204648386901114,42.23577452868504]]],[[[3.2204852372991914,42.23584125323123],[3.2204805299278654,42.23582768213709],[3.2204726843089886,42.23582994398611],[3.2204617004425606,42.23583672953318],[3.2204569930712346,42.23584238415574],[3.2204538548236834,42.23584916970281],[3.2204601313187853,42.23585708617439],[3.2204695460614374,42.23586387172146],[3.2204773916803147,42.23586613357048],[3.220483668175416,42.23586500264597],[3.220486806422967,42.23586047894793],[3.220488375546742,42.23585595524988],[3.2204852372991914,42.23584125323123]]],[[[3.2035,42.2401],[3.2035,42.24],[3.2035,42.2401],[3.2036,42.2401],[3.2035,42.2401]]],[[[3.3090057859644464,42.323421178332644],[3.308996371221794,42.32342004740813],[3.30898067998404,42.32342570203069],[3.3089791108602644,42.32343474942678],[3.3089759726127137,42.32344379682287],[3.3089791108602644,42.323449451445434],[3.3089869564791417,42.32345171329445],[3.3089948020980184,42.323449451445434],[3.3090073550882217,42.32344153497385],[3.309015200707099,42.323431356653245],[3.3090167698308743,42.32342570203069],[3.309013631583323,42.323422309257154],[3.3090057859644464,42.323421178332644]]],[[[3.123858595210235,42.13315556942862],[3.123847611343807,42.1331544385041],[3.1238397657249304,42.133158962202145],[3.1238366274773797,42.1331634859002],[3.123838196601155,42.13317479514531],[3.1238444730962565,42.133183842541406],[3.123850749591358,42.133184973465916],[3.123861733457786,42.13318158069238],[3.123872717324214,42.133178187918844],[3.1238758555717645,42.13317140237178],[3.123874286447989,42.13316235497568],[3.1238680099528873,42.133157831277636],[3.123858595210235,42.13315556942862]]],[[[3.164494193621695,42.113721762621594],[3.1644926244979197,42.113721762621594],[3.1644800715077164,42.11372515539512],[3.1644659493937377,42.11372967909317],[3.1644612420224116,42.113733071866704],[3.1644612420224116,42.11374325018731],[3.1644643802699624,42.11375116665889],[3.164478502383941,42.11375682128145],[3.1644863480028183,42.11375682128145],[3.1644910553741443,42.11375455943243],[3.1644973318692458,42.1137421192628],[3.1644957627454704,42.11372854816866],[3.164494193621695,42.113721762621594]]],[[[3.163726892095526,42.114783700737966],[3.163723753847975,42.11478256981346],[3.1637190464766487,42.114783700737966],[3.163715908229098,42.11478596258699],[3.163711200857772,42.11479387905857],[3.163695509620018,42.11480066460564],[3.1636813875060392,42.114804057379175],[3.163679818382264,42.1148063192282],[3.1636813875060392,42.11480971200173],[3.1636860948773653,42.11481536662429],[3.1636892331249165,42.11481762847331],[3.163695509620018,42.1148164975488],[3.163708062610221,42.11481423569978],[3.1637190464766487,42.114813104775266],[3.1637300303430766,42.114810842926246],[3.1637331685906274,42.11480745015271],[3.1637347377144027,42.114802926454665],[3.1637300303430766,42.11479387905857],[3.163726892095526,42.114783700737966]]],[[[3.123525940969851,42.13620228006282],[3.1235212335985247,42.136195494515746],[3.1235133879796475,42.13619775636477],[3.123480436380364,42.136220374855],[3.1234788672565887,42.13623281502463],[3.1234945584943428,42.13623507687365],[3.123510249732097,42.13622829132658],[3.1235212335985247,42.136214720232445],[3.123525940969851,42.13620228006282]]],[[[3.165379179431019,42.113107670611804],[3.165366626440816,42.113107670611804],[3.165363488193265,42.113107670611804],[3.165352504326837,42.11311219430985],[3.165347796955511,42.113117848932404],[3.1653493660792864,42.113125765403986],[3.1653540734506125,42.11312915817752],[3.1653650573170404,42.11313028910203],[3.165374472059693,42.11313028910203],[3.165387025049896,42.11312915817752],[3.165398008916324,42.113126896328495],[3.16540271628765,42.11312237263045],[3.16540271628765,42.113116718007895],[3.165399578040099,42.11311332523436],[3.165379179431019,42.113107670611804]]],[[[3.2100081978508648,42.23743698771707],[3.209994075736886,42.23743359494353],[3.209981522746683,42.237440380490604],[3.2099768153753567,42.23744490418865],[3.2099705388802553,42.23745055881121],[3.2099721080040307,42.23745508250926],[3.2099799536229074,42.2374596062073],[3.2099862301180093,42.23746299898084],[3.209994075736886,42.23746526082986],[3.2100034904795387,42.23746526082986],[3.210014474345966,42.23746186805632],[3.2100176125935174,42.23745508250926],[3.2100160434697416,42.237448296962185],[3.210012905222191,42.23744151141511],[3.2100081978508648,42.23743698771707]]],[[[3.1384498771976532,42.12189269221777],[3.13843732420745,42.1218859066707],[3.138429478588573,42.121888168519725],[3.138421632969696,42.12189947776484],[3.138429478588573,42.12191304885898],[3.1384467389501025,42.121925489028605],[3.138462430187856,42.121925489028605],[3.138462430187856,42.12191078700995],[3.1384498771976532,42.12189269221777]]],[[[3.1376778683001576,42.12307790110591],[3.137671591805056,42.12307337740786],[3.1376653153099547,42.12307790110591],[3.137660607938628,42.12308807942651],[3.137655900567302,42.12309599589809],[3.1376621770624036,42.12310165052065],[3.137674730052607,42.12310730514321],[3.137690421290361,42.12311295976577],[3.1377045434043396,42.12311295976577],[3.1377045434043396,42.12310504329419],[3.1376919904141363,42.123091472200045],[3.1376778683001576,42.12307790110591]]],[[[3.172706987462124,42.112938031935066],[3.1726991418432466,42.11293463916153],[3.1726897271005945,42.112939162859576],[3.1726787432341665,42.11294821025567],[3.1726740358628405,42.112958388576274],[3.1726787432341665,42.112967435972365],[3.1726865888530433,42.1129708287459],[3.172696003595696,42.1129708287459],[3.1727054183383485,42.1129708287459],[3.1727148330810007,42.11296404319883],[3.1727132639572253,42.11295499580274],[3.17271169483345,42.11294594840665],[3.172706987462124,42.112938031935066]]],[[[3.165371333812142,42.410850690474014],[3.165383886802345,42.410850690474014],[3.165394870668773,42.410850690474014],[3.1653964397925485,42.41084164307792],[3.1653964397925485,42.41083146475732],[3.1653901632974466,42.41082694105927],[3.16538231767857,42.410821286436715],[3.165371333812142,42.41081450088964],[3.1653619190694897,42.4108099771916],[3.1653572116981636,42.410812239040624],[3.1653572116981636,42.410820155512205],[3.1653619190694897,42.41083711937988],[3.1653650573170404,42.41084390492695],[3.165368195564591,42.410848428624995],[3.165371333812142,42.410850690474014]]],[[[3.1808303412473546,42.2468236611632],[3.1808256338760286,42.24682253023869],[3.180819357380927,42.24682818486124],[3.1808146500096006,42.246836101332825],[3.180808373514499,42.24684627965343],[3.1808052352669485,42.24685645797403],[3.180806804390724,42.246863243521105],[3.1808130808858253,42.24687002906818],[3.1808209265047025,42.24687568369073],[3.18083191037113,42.246862112596595],[3.1808334794949054,42.24685193427599],[3.1808366177424565,42.24684627965343],[3.180838186866232,42.24683949410636],[3.180838186866232,42.246833839483806],[3.180835048618681,42.24682818486124],[3.1808303412473546,42.2468236611632]]],[[[3.317750512764735,42.31701109820099],[3.317734821526981,42.31700544357844],[3.317720699413002,42.31701109820099],[3.3177065772990235,42.317015621899046],[3.317695593432596,42.31702014559709],[3.317692455185045,42.31702353837062],[3.317692455185045,42.317026931144156],[3.317703439051473,42.3170314548422],[3.317715992041676,42.31703484761574],[3.3177269759081036,42.31703484761574],[3.3177379597745316,42.3170314548422],[3.3177473745171837,42.31702466929514],[3.317750512764735,42.317016752823555],[3.317750512764735,42.31701109820099]]],[[[3.2252224219771155,42.23858148332279],[3.2252130072344634,42.238578090549254],[3.2252067307393615,42.238578090549254],[3.2251988851204847,42.2385826142473],[3.2251910395016075,42.23859279256791],[3.2251910395016075,42.23859957811498],[3.225195746872934,42.23860636366204],[3.225209868986912,42.23860975643558],[3.2252224219771155,42.23860862551107],[3.2252302675959927,42.23860749458656],[3.2252381132148695,42.23860749458656],[3.225231836719768,42.238584876096326],[3.2252224219771155,42.23858148332279]]],[[[3.295341856128288,42.294840454075946],[3.2953277340143092,42.2948359303779],[3.2953151810241064,42.29483819222692],[3.295307335405229,42.294842715924965],[3.295302628033903,42.29484950147204],[3.2953010589101277,42.2948551560946],[3.2953120427765556,42.29486646533971],[3.295326164890534,42.2948653344152],[3.295338717880737,42.29486420349069],[3.2953449943758386,42.29486194164166],[3.295349701747165,42.29485176332106],[3.295349701747165,42.29484384684948],[3.295341856128288,42.294840454075946]]],[[[3.1236467635005565,42.13330258961512],[3.123649901748107,42.13329467314354],[3.1236310722628025,42.133299196841584],[3.123616950148824,42.133304851464146],[3.1236043971586205,42.13331163701121],[3.123598120663519,42.13331842255828],[3.123598120663519,42.133327469954374],[3.1236043971586205,42.133336517350465],[3.123609104529947,42.13333764827498],[3.123618519272599,42.133335386425955],[3.123632641386578,42.13332407718084],[3.1236420561292304,42.1333105060867],[3.1236467635005565,42.13330258961512]]],[[[3.2232390495250134,42.2368149792357],[3.223224927411035,42.236813848311186],[3.2232186509159333,42.2368149792357],[3.223213943544607,42.23681950293375],[3.223207667049506,42.23682741940533],[3.2232108052970565,42.23683533587691],[3.2232202200397087,42.23683985957496],[3.2232296347823612,42.236840990499466],[3.2232421877725645,42.236842121423976],[3.2232516025152167,42.23683759772593],[3.223257879010318,42.236830812178866],[3.2232625863816446,42.236822895707284],[3.223253171638992,42.23681611016021],[3.2232390495250134,42.2368149792357]]],[[[3.2501055868073636,42.33263595125301],[3.250099310312262,42.3326348203285],[3.2500851881982835,42.33263595125301],[3.2500742043318556,42.332639344026546],[3.2500647895892034,42.33264612957362],[3.2500616513416523,42.3326540460452],[3.2500647895892034,42.332660831592264],[3.2500773425794063,42.332667617139336],[3.2500883264458342,42.332667617139336],[3.250102448559813,42.33266309344129],[3.250107155931139,42.33265517696971],[3.250107155931139,42.33264726049813],[3.2501055868073636,42.33263595125301]]],[[[3.1573091758541514,42.11731810256842],[3.1572934846163974,42.11730905517233],[3.1572809316261945,42.117311317021354],[3.157276224254868,42.117322626266464],[3.1572746551310926,42.11733280458707],[3.15728250074997,42.11734298290767],[3.1572966228639485,42.117349768454744],[3.157307606730376,42.11734637568121],[3.1573154523492533,42.11733280458707],[3.1573091758541514,42.11731810256842]]],[[[3.188406070834972,42.342577908634325],[3.1883997943398708,42.342577908634325],[3.188388810473443,42.34257903955884],[3.1883762574832395,42.34258582510591],[3.1883637044930366,42.34259374157749],[3.1883558588741594,42.34260052712456],[3.1883527206266087,42.34260957452065],[3.1883558588741594,42.3426140982187],[3.1883621353692613,42.34261636006772],[3.188373119235689,42.34261522914321],[3.188380964854566,42.34261183636968],[3.188393517844769,42.342602788973586],[3.1884029325874215,42.34259261065298],[3.188406070834972,42.34258695603042],[3.188409209082523,42.34258130140786],[3.188406070834972,42.342577908634325]]],[[[3.2206044907061218,42.236488142051854],[3.220593506839694,42.23648474927832],[3.220585661220817,42.23648474927832],[3.22057781560194,42.23649040390087],[3.220569969983063,42.236498320372455],[3.220569969983063,42.2365028440705],[3.2205715391068384,42.236506236844036],[3.2205872303445924,42.23651754608915],[3.2205966450872445,42.23652093886269],[3.2206029215823464,42.23651980793818],[3.220609198077448,42.236516415164644],[3.220617043696325,42.2365118914666],[3.220613905448774,42.23649153482539],[3.2206044907061218,42.236488142051854]]],[[[3.1322800825127914,42.12691399704919],[3.1322769442652407,42.12691399704919],[3.1322596839037113,42.12691738982273],[3.132242423542182,42.126921913520775],[3.132237716170856,42.12692530629431],[3.13223300879953,42.12693322276589],[3.1322361470470805,42.12694000831296],[3.132242423542182,42.12694340108649],[3.132250269161059,42.12694566293552],[3.1322612530274867,42.12694792478454],[3.1322706677701393,42.12694566293552],[3.1322769442652407,42.12694000831296],[3.132281651636567,42.12693322276589],[3.1322847898841175,42.1269241753698],[3.1322847898841175,42.126920782596265],[3.132283220760342,42.12691625889822],[3.1322800825127914,42.12691399704919]]],[[[3.1636421594116544,42.363699054812635],[3.1636343137927776,42.36369792388812],[3.1636280372976757,42.363701316661654],[3.1636233299263496,42.363708102208726],[3.163624899050125,42.36371488775579],[3.1636280372976757,42.36372167330286],[3.163632744669002,42.363728458849934],[3.1636437285354297,42.363737506246025],[3.163650005030531,42.36374089901956],[3.1636547124018577,42.363738637170535],[3.163660988896959,42.363735244397006],[3.163675111010938,42.36372280422737],[3.1636578506494084,42.36371149498226],[3.1636421594116544,42.363699054812635]]],[[[3.167690498752179,42.36885041596289],[3.1676873605046283,42.36885041596289],[3.167682653133302,42.36885946335898],[3.167681084009527,42.36886737983056],[3.167682653133302,42.36887416537763],[3.167685791380853,42.36887982000019],[3.1676920678759544,42.368884343698234],[3.1676999134948316,42.368889998320796],[3.1677093282374837,42.368892260169815],[3.167721881227687,42.36888886739628],[3.167729726846564,42.36888547462274],[3.1677328650941146,42.36887755815116],[3.167710897361259,42.368863987057026],[3.167690498752179,42.36885041596289]]],[[[3.302205203521875,42.307751088300165],[3.302187943160346,42.30774769552663],[3.3021816666652444,42.30774769552663],[3.302176959293918,42.307751088300165],[3.302173821046367,42.307760135696256],[3.3021706827988164,42.30776805216784],[3.3021816666652444,42.30777596863942],[3.3022036343981,42.30777370679039],[3.30222403300718,42.30777144494137],[3.3022365859973832,42.30776805216784],[3.3022381551211586,42.3077646593943],[3.3022365859973832,42.307761266620766],[3.302220894759629,42.30775561199821],[3.302205203521875,42.307751088300165]]],[[[3.1645,42.1137],[3.1644,42.1136],[3.1644,42.1137],[3.1645,42.1137]]],[[[3.1925234516216143,42.24096999589125],[3.192517175126513,42.2409654721932],[3.192501483888759,42.24096886496674],[3.1924889308985556,42.240979043287346],[3.1924763779083523,42.24098922160795],[3.192474808784577,42.24099374530599],[3.1924779470321276,42.24099826900404],[3.192485792651005,42.240999399928555],[3.192495207393657,42.240999399928555],[3.1925046221363096,42.241000530853064],[3.1925140368789617,42.240999399928555],[3.1925203133740636,42.24099600715502],[3.1925234516216143,42.240990352532464],[3.1925297281167158,42.24098243606088],[3.1925281589929404,42.2409745195893],[3.1925234516216143,42.24096999589125]]],[[[3.1663206536962574,42.113312367948396],[3.1663175154487067,42.113312367948396],[3.166308100706054,42.11331462979742],[3.1663018242109526,42.11331915349547],[3.166298685963402,42.11332480811802],[3.1662939785920754,42.11333498643863],[3.1662939785920754,42.113340641061185],[3.166298685963402,42.11334290291021],[3.1663096698298294,42.11334290291021],[3.1663222228200327,42.11334290291021],[3.166334775810236,42.11334403383472],[3.1663410523053375,42.11334516475923],[3.166342621429113,42.11334403383472],[3.166344190552888,42.11334290291021],[3.1663457596766635,42.113332724589604],[3.166347328800439,42.11332820089156],[3.166347328800439,42.11332593904254],[3.166347328800439,42.11332480811802],[3.1663363449340114,42.11331915349547],[3.1663253610675834,42.11331349887291],[3.1663206536962574,42.113312367948396]]],[[[3.224596341590732,42.23748109377302],[3.224580650352978,42.237477700999484],[3.22456966648655,42.237477700999484],[3.2245586826201227,42.23748222469753],[3.224555544372572,42.23748674839558],[3.224560251743898,42.237494664867164],[3.2245712356103255,42.23750145041423],[3.224585357724304,42.237505974112274],[3.2245979107145075,42.237505974112274],[3.224610463704711,42.23750145041423],[3.2246214475711383,42.23749805764069],[3.224612032828486,42.237484486546556],[3.224596341590732,42.23748109377302]]],[[[3.134538051625588,42.127379937947964],[3.1345270677591603,42.1273641050048],[3.134505100026305,42.12736749777834],[3.1344909779123262,42.127388985344055],[3.134494116159877,42.12739577089113],[3.1345176530165078,42.12740368736271],[3.1345333442542618,42.12739803274015],[3.134538051625588,42.127379937947964]]],[[[3.1808,42.2469],[3.1808,42.247],[3.1809,42.247],[3.1809,42.2469],[3.1808,42.2469]]],[[[3.1564,42.1177],[3.1563,42.1177],[3.1564,42.1177],[3.1564,42.1178],[3.1564,42.1177]]],[[[3.166810220314181,42.36731009677811],[3.166797667323978,42.3673089658536],[3.166789821705101,42.36731009677811],[3.166781976086224,42.36731462047616],[3.1667756995911227,42.36732253694774],[3.1667788378386734,42.36733045341932],[3.16678668345755,42.36733384619286],[3.166796098200203,42.3673383698909],[3.166805512942855,42.36734176266444],[3.1668149276855075,42.367345155437974],[3.1668243424281597,42.36734402451346],[3.166829049799486,42.36733950081541],[3.166829049799486,42.36733045341932],[3.1668227733043843,42.36731235862714],[3.166810220314181,42.36731009677811]]],[[[3.134076729235621,42.12798272071264],[3.1340594688740917,42.12798272071264],[3.1340594688740917,42.12799968458031],[3.1340688836167443,42.12801099382543],[3.1340845748544983,42.12801664844799],[3.134108111711129,42.12802004122152],[3.1341206647013324,42.12801551752347],[3.1341096808349045,42.128001946429336],[3.1340908513495997,42.12798950625971],[3.134076729235621,42.12798272071264]]],[[[3.1375,42.1232],[3.1375,42.1233],[3.1375,42.1232],[3.1376,42.1232],[3.1375,42.1232]]],[[[3.2746356987881473,42.337264825278915],[3.274623145797944,42.33726030158087],[3.274612161931516,42.33726143250538],[3.2746043163126393,42.33726595620343],[3.2746058854364146,42.337273872675006],[3.2746090236839653,42.33727952729757],[3.274618438426618,42.337291967467195],[3.2746247149217194,42.33729875301427],[3.27462785316927,42.337301014863286],[3.2746404061594734,42.337302145787795],[3.274646682654575,42.337302145787795],[3.2746529591496767,42.337299883938776],[3.274659235644778,42.337294229316214],[3.274649820902126,42.337282920071104],[3.2746419752832487,42.33727047990148],[3.2746356987881473,42.337264825278915]]],[[[3.163885373596841,42.11471471434276],[3.163874389730413,42.11471471434276],[3.163864974987761,42.11471584526727],[3.1638524219975577,42.114720368965315],[3.1638571293688837,42.11473054728592],[3.16386183674021,42.11473507098397],[3.1638681132353117,42.114740725606524],[3.163874389730413,42.11474411838006],[3.1638806662255146,42.114746380229086],[3.163888511844392,42.114748642078105],[3.1638963574632686,42.114747511153595],[3.1639026339583705,42.11474411838006],[3.163905772205921,42.11473733283299],[3.163908910453472,42.11473054728592],[3.163908910453472,42.11472263081434],[3.163905772205921,42.114719238040806],[3.1638963574632686,42.11471584526727],[3.163885373596841,42.11471471434276]]],[[[3.1720275568673766,42.356371794902095],[3.1720134347533984,42.356371794902095],[3.1719993126394197,42.356375187675624],[3.1719914670205425,42.35637858044916],[3.1719836214016657,42.35638423507172],[3.1719820522778903,42.35638875876977],[3.1719836214016657,42.356392151543304],[3.171989897896767,42.35639780616586],[3.1720150038771737,42.35640685356195],[3.1720275568673766,42.35639780616586],[3.1720416789813553,42.35638875876977],[3.1720416789813553,42.356381973222696],[3.172035402486254,42.356375187675624],[3.1720275568673766,42.356371794902095]]],[[[3.1637880879227662,42.363680960020446],[3.163775534932563,42.363679829095936],[3.163751998075932,42.363686614643],[3.16374258333328,42.36369113834105],[3.1637410142095046,42.36369792388812],[3.1637457215808307,42.363709233133235],[3.1637598436948093,42.36371375683128],[3.163778673180114,42.363708102208726],[3.163797502665419,42.363701316661654],[3.163802210036745,42.36369453111458],[3.163799071789194,42.363686614643],[3.1637880879227662,42.363680960020446]]],[[[3.1671193376979345,42.36755550739713],[3.1670958008413037,42.36755211462359],[3.167086386098651,42.3675532455481],[3.167081678727325,42.36755776924615],[3.1670801096035497,42.367567947566755],[3.167081678727325,42.367578125887356],[3.167081678727325,42.36758830420796],[3.167081678727325,42.36759056605698],[3.167102077336405,42.36759508975503],[3.1671146303266084,42.36757925681187],[3.1671271833168113,42.36756455479322],[3.1671287524405867,42.367560031095174],[3.1671193376979345,42.36755550739713]]],[[[3.2131072173072743,42.236077616454146],[3.213099371688397,42.2360730927561],[3.213089956945745,42.23607422368062],[3.2130821113268677,42.23607422368062],[3.213058574470237,42.23609005662377],[3.213052297975135,42.236095711246335],[3.2130444523562582,42.2361024967934],[3.213042883232483,42.23610815141596],[3.213047590603809,42.236114936963034],[3.213052297975135,42.23611719881205],[3.213058574470237,42.236116067887544],[3.2130726965842156,42.23610815141596],[3.213086818698194,42.23609910401987],[3.2130978025646217,42.236094580321826],[3.2131087864310497,42.23609005662377],[3.213110355554825,42.23608553292573],[3.2131072173072743,42.236077616454146]]],[[[3.1650700620472656,42.362898360258434],[3.165051232561961,42.36289157471136],[3.165046525190635,42.36289270563587],[3.1650402486955334,42.362898360258434],[3.1650371104479826,42.3629051458055],[3.165038679571758,42.36290966950355],[3.165043386943084,42.36291532412611],[3.1650653546759395,42.362926633371224],[3.1650763385423675,42.36292889522024],[3.165087322408795,42.36292889522024],[3.165093598903897,42.362926633371224],[3.165095168027672,42.36291984782415],[3.165098306275223,42.36291306227708],[3.165087322408795,42.36290401488099],[3.1650700620472656,42.362898360258434]]],[[[3.170745582742877,42.43249206192765],[3.1707377371240004,42.43249093100314],[3.1707267532575725,42.43249206192765],[3.1707173385149203,42.43249658562569],[3.170709492896043,42.43250563302178],[3.170709492896043,42.43251581134239],[3.1707173385149203,42.43252825151202],[3.1707236150100218,42.43253277521006],[3.1707314606288985,42.43253390613457],[3.170739306247776,42.432531644285554],[3.1707471518666526,42.432530513361044],[3.170748720990428,42.43252372781397],[3.1707518592379786,42.432510156719836],[3.17075499748553,42.43249658562569],[3.1707534283617544,42.43249432377667],[3.170745582742877,42.43249206192765]]],[[[3.161144114361222,42.11549505225575],[3.161136268742345,42.11549165948222],[3.161131561371019,42.115493921331236],[3.161128423123468,42.115502968727334],[3.1611268539996926,42.11550749242538],[3.1611252848759173,42.115510885198916],[3.1611409761136713,42.11552332536854],[3.16115509822765,42.11553463461366],[3.1611629438465267,42.11553689646268],[3.1611629438465267,42.11553689646268],[3.1611676512178533,42.11553689646268],[3.1611723585891793,42.11553463461366],[3.161183342455607,42.1155289799911],[3.161186480703158,42.11552558721756],[3.161186480703158,42.115522194444026],[3.16117549683673,42.11551427797245],[3.1611629438465267,42.11550636150087],[3.161144114361222,42.11549505225575]]],[[[3.2608,42.3377],[3.2608,42.3378],[3.2608,42.3377],[3.2609,42.3377],[3.2608,42.3377]]],[[[3.15542779644745,42.39511726866889],[3.1554199508285734,42.395113875895355],[3.1554136743334715,42.395116137744374],[3.15540739783837,42.39511953051791],[3.155402690467044,42.395124054215955],[3.1553995522194933,42.39512970883852],[3.155394844848167,42.39513649438558],[3.155391706600616,42.395143279932654],[3.1553885683530654,42.39515345825326],[3.1553854301055146,42.39516363657386],[3.15540739783837,42.39516476749837],[3.1554199508285734,42.395151196404235],[3.1554325038187763,42.39513649438558],[3.1554356420663274,42.39512970883852],[3.1554325038187763,42.395122923291446],[3.15542779644745,42.39511726866889]]],[[[3.280422627271812,42.276383766046926],[3.28041635077671,42.27638263512242],[3.2804037977865073,42.276383766046926],[3.280386537424978,42.276384896971436],[3.280383399177427,42.27638715882046],[3.2803786918061006,42.27639168251851],[3.28037555355855,42.27639846806558],[3.280372415310999,42.27640864638618],[3.280372415310999,42.276412039159716],[3.2803786918061006,42.27641543193325],[3.280386537424978,42.27641769378228],[3.28039595216763,42.27641882470679],[3.2804100742816087,42.276413170084226],[3.2804241963955874,42.276402991763625],[3.280430472890689,42.27639620621655],[3.2804289037669134,42.27638942066949],[3.280422627271812,42.276383766046926]]],[[[3.223058600290843,42.236802539066076],[3.2230413399293134,42.23680140814156],[3.2230209413202333,42.23681045553765],[3.2230021118349286,42.23682063385826],[3.2229974044636025,42.23682628848081],[3.2230021118349286,42.236833074027885],[3.2230099574538054,42.23683646680142],[3.2230225104440087,42.23683533587691],[3.2230334943104366,42.236833074027885],[3.2230491855481906,42.236830812178866],[3.223063307662169,42.236825157556304],[3.223063307662169,42.23681724108472],[3.223060169414618,42.23681045553765],[3.223058600290843,42.236802539066076]]],[[[3.180816219133376,42.24708490472538],[3.180806804390724,42.24708490472538],[3.18079111315297,42.24708942842342],[3.1807816984103177,42.247096213970494],[3.180776991038991,42.247104130442075],[3.180775421915216,42.24711091598914],[3.180780129286542,42.2471165706117],[3.1807895440291944,42.24712222523426],[3.1807989587718466,42.24712222523426],[3.1808099426382745,42.24711883246072],[3.180822495628478,42.2471165706117],[3.1808256338760286,42.24710978506463],[3.1808287721235793,42.247106392291094],[3.18083191037113,42.247096213970494],[3.180824064752253,42.247087166574396],[3.180816219133376,42.24708490472538]]],[[[3.1622,42.1155],[3.1622,42.1156],[3.1623,42.1156],[3.1623,42.1155],[3.1622,42.1155]]],[[[3.1883354602650793,42.34256320661568],[3.188326045522427,42.34256207569116],[3.188313492532224,42.34257112308726],[3.1883040777895713,42.34258130140786],[3.188294663046919,42.34259261065298],[3.1882915247993684,42.34260165804907],[3.188294663046919,42.34261070544517],[3.188299370418245,42.3426140982187],[3.188307216037122,42.34261070544517],[3.188315061655999,42.342605050822606],[3.188329183769978,42.342594872502005],[3.1883417367601807,42.34258356325689],[3.1883433058839565,42.342577908634325],[3.1883464441315073,42.342568861238234],[3.1883464441315073,42.3425654684647],[3.188344875007732,42.34256320661568],[3.1883354602650793,42.34256320661568]]],[[[3.2804037977865073,42.276337398141955],[3.2804132125291594,42.27633400536842],[3.2804289037669134,42.27633400536842],[3.2804445950046675,42.27633061259488],[3.280458717118646,42.27632156519879],[3.280463424489972,42.27631364872721],[3.2804602862424215,42.27630573225563],[3.280450871499769,42.276301208557584],[3.2804398876333414,42.27630007763307],[3.2804289037669134,42.27630233948209],[3.280417919900486,42.27630799410465],[3.2804100742816087,42.27631477965172],[3.280402228662732,42.27632043427428],[3.2803975212914054,42.27633287444391],[3.2803990904151807,42.27633626721744],[3.2804037977865073,42.276337398141955]]],[[[3.225128274550592,42.34933405166652],[3.225103168570185,42.34932048057238],[3.2250796317135544,42.34932161149689],[3.225057663980699,42.34932387334592],[3.2250498183618217,42.34932726611945],[3.2250482492380463,42.34933292074201],[3.225051387485597,42.34933744444005],[3.225057663980699,42.3493419681381],[3.2250686478471264,42.349345360911634],[3.2250843390848805,42.349346491836144],[3.22510159944641,42.349345360911634],[3.225114152436613,42.349345360911634],[3.22512199805549,42.34933970628908],[3.225128274550592,42.34933405166652]]],[[[3.1957636922178096,42.33580932543251],[3.195758984846483,42.33580706358349],[3.195749570103831,42.33580932543251],[3.1957401553611784,42.33581384913056],[3.195733878866077,42.335818372828605],[3.1957307406185262,42.33582289652665],[3.195729171494751,42.335828551149206],[3.1957307406185262,42.33583194392274],[3.1957401553611784,42.33583646762079],[3.1957480009800556,42.33583986039432],[3.1957574157227078,42.33584212224335],[3.195769968712911,42.33584438409237],[3.1957793834555632,42.33584325316786],[3.195790367321991,42.3358375985453],[3.1957872290744405,42.33582289652665],[3.1957762452080125,42.33581611097958],[3.1957636922178096,42.33580932543251]]],[[[3.1829000155071037,42.35387018988247],[3.1828921698882264,42.35387018988247],[3.182865494784045,42.35387358265601],[3.182860787412719,42.3538826300521],[3.1828560800413923,42.353891677448196],[3.1828560800413923,42.35389959391978],[3.1828639256602695,42.35390637946684],[3.1828717712791463,42.35391090316489],[3.182885893393125,42.35390864131587],[3.1828984463833283,42.35390072484429],[3.182906292002205,42.353891677448196],[3.1829078611259805,42.35388149912759],[3.182906292002205,42.35387471358052],[3.1829000155071037,42.35387018988247]]],[[[3.1976513481196123,42.24285637797657],[3.197638795129409,42.242855247052056],[3.197613689149003,42.24286203259913],[3.19760427440635,42.24286768722169],[3.1975964287874734,42.242873341844245],[3.1975901522923715,42.242881258315826],[3.1975901522923715,42.24288578201387],[3.1975932905399227,42.24288917478741],[3.197602705282575,42.24289256756094],[3.1976121200252274,42.24289369848545],[3.1976246730154303,42.24289596033448],[3.1976356568818582,42.24289482940996],[3.197638795129409,42.24289143663643],[3.1976356568818582,42.24288465108936],[3.1976356568818582,42.2428789964668],[3.1976403642531843,42.242874472768754],[3.197646640748286,42.2428688181462],[3.1976513481196123,42.24286090167462],[3.1976529172433876,42.24285750890108],[3.1976513481196123,42.24285637797657]]],[[[3.1854592563847763,42.344880470939906],[3.1854451342707977,42.344880470939906],[3.185432581280595,42.344880470939906],[3.1854200282903915,42.34488386371344],[3.185407475300188,42.344889518336004],[3.185405906176413,42.34489404203405],[3.1854090444239636,42.344899696656604],[3.1854200282903915,42.34490195850563],[3.1854388577756962,42.34490195850563],[3.1854592563847763,42.34490195850563],[3.1854718093749796,42.344905351279166],[3.1854843623651825,42.344907613128186],[3.1854906388602844,42.344906482203676],[3.185493777107835,42.34490422035465],[3.1854906388602844,42.344898565732095],[3.1854859314889583,42.34489178018502],[3.1854592563847763,42.344880470939906]]],[[[3.2536612212824134,42.246797649899435],[3.253650237415986,42.24679538805041],[3.2536455300446594,42.246798780823944],[3.2536423917971087,42.246805566371016],[3.2536376844257826,42.24681687561613],[3.253639253549558,42.24682818486124],[3.253643960920884,42.246833839483806],[3.253659652158638,42.246836101332825],[3.2536690669012907,42.246833839483806],[3.2536737742726167,42.246833839483806],[3.253683189015269,42.246827053936734],[3.2536894655103707,42.24681800654064],[3.2536894655103707,42.24681009006906],[3.2536894655103707,42.24680217359748],[3.2536737742726167,42.246799911748454],[3.2536612212824134,42.246797649899435]]],[[[3.3037947259063523,42.32785440241804],[3.3037868802874755,42.327847616870976],[3.3037837420399248,42.327848747795485],[3.303780603792374,42.32785214056902],[3.303777465544823,42.32785892611609],[3.303777465544823,42.32786571166316],[3.303780603792374,42.3278792827573],[3.3037853111637,42.32789398477595],[3.3037915876588015,42.32790755587009],[3.303796295030128,42.32790981771911],[3.303801002401454,42.3279086867946],[3.303813555391657,42.32790190124753],[3.303816693639208,42.327896246624974],[3.303815124515433,42.32788380645535],[3.303815124515433,42.32787136628572],[3.3038025715252295,42.32786118796511],[3.3037947259063523,42.32785440241804]]],[[[3.1382113703837926,42.12258594894337],[3.138200386517365,42.12258029432081],[3.138187833527162,42.12258255616983],[3.138176849660734,42.12259160356593],[3.1381752805369585,42.12259386541495],[3.138176849660734,42.12261309113165],[3.138184695279611,42.122624400376765],[3.1381956791460386,42.12262892407481],[3.138208232136242,42.122626662225784],[3.1382176468788945,42.12261422205616],[3.1382176468788945,42.122597258188485],[3.1382113703837926,42.12258594894337]]],[[[3.321331253220191,42.31856159570638],[3.3213249767250894,42.31856046478186],[3.321315561982437,42.318564988479906],[3.3213045781160093,42.31856951217796],[3.3212904560020307,42.31856951217796],[3.321276333888052,42.31856951217796],[3.3212700573929506,42.318583083272095],[3.3212888868782553,42.31858873789465],[3.3213092854873354,42.31859439251721],[3.321323407601314,42.31859665436623],[3.3213296840964155,42.31859552344172],[3.3213359605915174,42.318593261592696],[3.3213406679628434,42.31858647604563],[3.321339098839068,42.31857742864954],[3.321334391467742,42.31856725032893],[3.321331253220191,42.31856159570638]]],[[[3.1761669053868746,42.35449446021287],[3.1761590597679974,42.35449446021287],[3.176152783272896,42.35449672206189],[3.1761496450253452,42.354500114835425],[3.1761402302826927,42.354508031307006],[3.176137092035142,42.354509162231516],[3.1761433685302434,42.35453404257077],[3.1761512141491206,42.354535173495286],[3.176157490644222,42.35453856626882],[3.1761794583770775,42.35454422089138],[3.17618887311973,42.35454195904235],[3.17618887311973,42.354537435344305],[3.17618887311973,42.35453064979724],[3.1761857348721794,42.35452499517468],[3.1761794583770775,42.35451481685408],[3.176173181881976,42.35451029315603],[3.1761700436344253,42.35450576945798],[3.1761700436344253,42.354498983910915],[3.1761669053868746,42.35449446021287]]],[[[3.2812228803972645,42.25780380724615],[3.2812166039021626,42.25779589077457],[3.281197774416858,42.25779815262359],[3.2811914979217565,42.25780154539713],[3.281185221426655,42.257806069095174],[3.2811805140553285,42.25781172371773],[3.281177375807778,42.25781964018931],[3.281177375807778,42.257825294811866],[3.2811805140553285,42.25783208035894],[3.281193067045532,42.257835473132474],[3.2812071891595105,42.25783321128345],[3.2812181730259384,42.25783321128345],[3.281229156892366,42.25782981850992],[3.281233864263692,42.257825294811866],[3.281233864263692,42.257817378340285],[3.281229156892366,42.25781059279322],[3.2812228803972645,42.25780380724615]]],[[[3.1856977631986365,42.344536669888384],[3.185694624951086,42.344536669888384],[3.185680502837107,42.344544586359966],[3.1856742263420057,42.34455815745411],[3.1856679498469043,42.344571728548246],[3.185666380723129,42.34457625224629],[3.1856695189706796,42.34458077594434],[3.1856773645895564,42.34458416871787],[3.1856899175797597,42.34458416871787],[3.185702470569963,42.344581906868854],[3.185711885312615,42.34457964501983],[3.1857134544363905,42.34456946669923],[3.185711885312615,42.34455928837862],[3.185711885312615,42.344553633756064],[3.185711885312615,42.3445479791335],[3.185707177941289,42.34454006266192],[3.1856977631986365,42.344536669888384]]],[[[3.171428151585175,42.10813386460986],[3.1714234442138487,42.10813273368535],[3.1714140294711965,42.10813386460986],[3.171412460347421,42.10813386460986],[3.1714093220998705,42.10813273368535],[3.1714077529760947,42.10813160276084],[3.1714061838523193,42.1081270790628],[3.1714077529760947,42.108121424440235],[3.1714061838523193,42.108119162591215],[3.1713904926145653,42.10811350796865],[3.1713826469956885,42.10811350796865],[3.171376370500587,42.10811576981768],[3.171370094005485,42.10812255536475],[3.1713716631292606,42.108128209987306],[3.1713748013768117,42.10813273368535],[3.1713873543670146,42.10814517385498],[3.1713983382334425,42.108156483100096],[3.171404614728544,42.10815987587363],[3.171412460347421,42.10815987587363],[3.1714187368425226,42.10815874494912],[3.171428151585175,42.10815195940205],[3.171431289832726,42.108146304779495],[3.1714297207089506,42.108139519232424],[3.171428151585175,42.10813386460986]]],[[[3.1864274057541966,42.34698059775792],[3.186413283640218,42.3469794668334],[3.1863991615262393,42.34698285960694],[3.186386608536036,42.346988514229494],[3.1863756246696084,42.346996430701076],[3.1863724864220573,42.34700434717266],[3.186374055545833,42.34700773994619],[3.186377193793384,42.34701000179522],[3.1863881776598113,42.34701226364424],[3.1863991615262393,42.347014525493265],[3.1864164218877686,42.347014525493265],[3.1864274057541966,42.34700660902168],[3.186438389620624,42.34699982347461],[3.186441527868175,42.34699190700303],[3.1864368204968487,42.34698399053145],[3.1864274057541966,42.34698059775792]]],[[[3.2851864870539176,42.262466609007404],[3.28517550318749,42.26246547808289],[3.2851707958161636,42.26246547808289],[3.285153535454634,42.262468870856424],[3.2851456898357574,42.26247452547898],[3.28513784421688,42.26248018010154],[3.2851347059693294,42.26248357287508],[3.285136275093105,42.26248922749763],[3.2851409824644313,42.26249375119568],[3.2851472589595327,42.26249714396921],[3.285164519321062,42.26249827489372],[3.2851817796825915,42.262496013044704],[3.285194332672795,42.26249262027117],[3.2852053165392223,42.26248696564861],[3.2852068856629977,42.26248357287508],[3.285203747415447,42.262476787328005],[3.2851974709203455,42.26247113270545],[3.2851864870539176,42.262466609007404]]],[[[3.185970790735556,42.34610526218595],[3.1859566686215772,42.34610413126144],[3.185936270012497,42.34610413126144],[3.1859174405271924,42.34610526218595],[3.18590802578454,42.34611091680851],[3.185904887536989,42.34611544050656],[3.1859064566607644,42.346118833280094],[3.1859127331558663,42.34612222605362],[3.1859221478985185,42.34612448790265],[3.1859535303740265,42.34612561882716],[3.1859849128495346,42.34612561882716],[3.1859927584684113,42.34612448790265],[3.1860006040872886,42.34612335697814],[3.186002173211064,42.346119964204604],[3.1859990349635128,42.34611430958204],[3.185991189344636,42.346109785883996],[3.185980205478208,42.34610752403498],[3.185970790735556,42.34610526218595]]],[[[3.1697,42.4232],[3.1697,42.4233],[3.1696,42.4233],[3.1697,42.4233],[3.1697,42.4232]]],[[[3.137695128661687,42.122998736390095],[3.1376841447952595,42.12299195084303],[3.1376684535575055,42.12299308176754],[3.137651193195976,42.12300326008814],[3.137640209329548,42.12301230748424],[3.137643347577099,42.123016831182284],[3.137659038814853,42.1230190930313],[3.137682575671484,42.12302248580484],[3.137702974280564,42.1230281404274],[3.1377170963945424,42.12302927135191],[3.1377233728896443,42.123023616729355],[3.1377170963945424,42.12301343840875],[3.1376998360330135,42.12300099823912],[3.137695128661687,42.122998736390095]]],[[[3.1715,42.3565],[3.1715,42.3566],[3.1715,42.3565],[3.1716,42.3565],[3.1715,42.3565]]],[[[3.1696519034714257,42.42255802101791],[3.1696393504812224,42.42255802101791],[3.169626797491019,42.42256254471596],[3.1696158136245915,42.422567068414004],[3.1696079680057143,42.422572723036566],[3.169601691510613,42.42257950858363],[3.169606398881939,42.42258968690424],[3.1696252283672437,42.42259194875326],[3.1696440578525484,42.422593079677775],[3.169653472595201,42.422593079677775],[3.169662887337853,42.42258968690424],[3.1696675947091792,42.42258516320619],[3.169669163832955,42.422576115810095],[3.1696644564616285,42.422568199338514],[3.169658179966527,42.42256254471596],[3.1696519034714257,42.42255802101791]]],[[[3.1625500492639778,42.39150961947694],[3.1625296506548977,42.39150848855243],[3.1625139594171436,42.391515274099504],[3.16249826817939,42.39152205964657],[3.162490422560513,42.39152771426913],[3.1624888534367375,42.391533368891686],[3.1624966990556143,42.39153789258973],[3.1625045446744915,42.39153902351424],[3.1625123902933683,42.39153789258973],[3.1625359271499995,42.39153789258973],[3.162557894882855,42.391534499816196],[3.162567309625507,42.39152997611815],[3.1625720169968337,42.39152319057108],[3.1625720169968337,42.39151753594852],[3.162567309625507,42.39151414317499],[3.162557894882855,42.39151188132597],[3.1625500492639778,42.39150961947694]]],[[[3.1526943828307084,42.119716793457485],[3.1526865372118316,42.11971340068395],[3.1526755533454036,42.11971340068395],[3.152672415097853,42.119715662532975],[3.1526786915929543,42.119725840853576],[3.152684968088056,42.11973715009869],[3.152684968088056,42.11976203043795],[3.1526865372118316,42.11978804170172],[3.1526865372118316,42.11979482724878],[3.152697521078259,42.11979256539976],[3.1527100740684624,42.11979030355074],[3.1527147814397884,42.11978691077721],[3.1527147814397884,42.119781256154646],[3.1527100740684624,42.11976655413599],[3.152703797573361,42.11974167379674],[3.1526943828307084,42.119716793457485]]],[[[3.124315210228876,42.13083151955731],[3.124304226362448,42.130828126783776],[3.1242916733722446,42.13082925770829],[3.1242791203820413,42.1308303886328],[3.1242712747631645,42.13083265048183],[3.1242759821344905,42.13083943602889],[3.124280689505817,42.130845090651455],[3.1242822586295924,42.13085074527401],[3.1242822586295924,42.13085866174559],[3.124285396877143,42.13086657821717],[3.124290104248469,42.130874494688754],[3.1242963807435706,42.13087675653777],[3.124304226362448,42.130874494688754],[3.124319917600202,42.13086657821717],[3.1243261940953033,42.1308597926701],[3.1243261940953033,42.13085300712304],[3.124324624971528,42.130846221575965],[3.124315210228876,42.13083151955731]]],[[[3.285880039762643,42.33217001035424],[3.2858565029060123,42.332166617580704],[3.2858376734207075,42.33218131959936],[3.285820413059178,42.33219489069349],[3.285815705687852,42.332203938089584],[3.285820413059178,42.33221298548568],[3.2858266895542796,42.33221977103275],[3.2858313969256057,42.332220901957264],[3.285834535173157,42.332220901957264],[3.2858408116682583,42.33221637825922],[3.2858470881633597,42.332210723636656],[3.2858565029060123,42.332200545316056],[3.2858659176486644,42.33219149791996],[3.2858737632675417,42.3321858432974],[3.2858816088864184,42.33218018867485],[3.285884747133969,42.332173403127776],[3.285880039762643,42.33217001035424]]],[[[3.1639,42.3915],[3.1638,42.3915],[3.1638,42.3914],[3.1638,42.3915],[3.1639,42.3915]]],[[[3.2920733713041357,42.29896493576968],[3.292049834447505,42.29895928114713],[3.2920404197048523,42.29896380484517],[3.2920310049622,42.29896719761871],[3.292020021095772,42.29897398316577],[3.2920137446006708,42.298981899637354],[3.292015313724446,42.29898755425992],[3.2920262975908736,42.29899320888247],[3.292038850581077,42.29899999442954],[3.292046696199954,42.29900225627856],[3.2920608183139324,42.29900112535405],[3.292070233056585,42.29899433980698],[3.2920733713041357,42.29898755425992],[3.2920733713041357,42.298981899637354],[3.2920733713041357,42.29897285224126],[3.2920733713041357,42.29896493576968]]],[[[3.2902437729820226,42.304750745570935],[3.2902312199918193,42.304750745570935],[3.2902155287540653,42.30477336406117],[3.2902155287540653,42.304786935155306],[3.2902155287540653,42.30479937532493],[3.290217097877841,42.30480163717396],[3.290224943496718,42.30480389902298],[3.2902327891155947,42.30480276809847],[3.290245342105798,42.30479937532493],[3.290250049477124,42.3047959825514],[3.2902531877246752,42.30479258977787],[3.2902547568484506,42.30478241145726],[3.290256325972226,42.30477223313666],[3.2902578950960013,42.30476205481605],[3.2902594642197767,42.30475300741996],[3.2902547568484506,42.304750745570935],[3.2902437729820226,42.304750745570935]]],[[[3.1607204509418647,42.115504099651844],[3.160717312694314,42.115502968727334],[3.160709467075437,42.115504099651844],[3.1607063288278865,42.11550523057635],[3.1607000523327846,42.1155097542744],[3.1606953449614585,42.11551540889696],[3.160692206713908,42.11552332536854],[3.160692206713908,42.115531241840124],[3.1606843610950306,42.11553463461366],[3.160676515476154,42.11553802738719],[3.1606749463523784,42.115540289236215],[3.1606796537237045,42.115548205707796],[3.1606827919712552,42.11555386033035],[3.1606874993425818,42.11555951495291],[3.160692206713908,42.11556177680193],[3.1606984832090093,42.11556177680193],[3.1607110361992126,42.1155583840284],[3.1607188818180894,42.11555272940584],[3.160723589189416,42.11554594385877],[3.16072202006564,42.11552558721756],[3.16072202006564,42.11550523057635],[3.1607204509418647,42.115504099651844]]],[[[3.1669,42.3672],[3.1668,42.3672],[3.1668,42.3673],[3.1669,42.3673],[3.1669,42.3672]]],[[[3.321580743900479,42.31840439719927],[3.3215744674053775,42.31840326627476],[3.3215634835389496,42.31840326627476],[3.3215509305487467,42.31842814661401],[3.3215540687962974,42.31843832493461],[3.321555637920073,42.31844963417973],[3.321560345291399,42.318453026953264],[3.321576036529153,42.31845076510424],[3.3215901586431316,42.31844397955717],[3.3216042807571102,42.31843606308559],[3.3216089881284363,42.318432670312056],[3.3216089881284363,42.31842927753852],[3.3216011425095595,42.318423622915965],[3.321591727766907,42.3184179682934],[3.3215854512718055,42.31840892089731],[3.321580743900479,42.31840439719927]]],[[[3.3004,42.3059],[3.3004,42.306],[3.3005,42.3059],[3.3004,42.3059]]],[[[3.163122779441998,42.38446169792076],[3.16311179557557,42.384459436071744],[3.163100811709142,42.38446169792076],[3.1630882587189393,42.38446622161881],[3.163083551347613,42.38448092363746],[3.163080413100062,42.384495625656115],[3.1630772748525113,42.38450241120318],[3.163075705728736,42.38450806582574],[3.1630772748525113,42.38451258952379],[3.1630819822238374,42.38451598229732],[3.1630929660902654,42.38451598229732],[3.1631039499566933,42.38450919675025],[3.1631133646993455,42.384495625656115],[3.1631243485657734,42.38448205456197],[3.163127486813324,42.38447187624137],[3.163127486813324,42.38446622161881],[3.163122779441998,42.38446169792076]]],[[[3.1678,42.3688],[3.1678,42.3687],[3.1678,42.3688],[3.1677,42.3688],[3.1678,42.3688]]],[[[3.169113694016464,42.35828984287374],[3.1691011410262613,42.358284188251176],[3.169082311540956,42.3582864501002],[3.1690634820556514,42.35828984287374],[3.16905720556055,42.35829210472276],[3.169052498189224,42.35830002119434],[3.1690509290654485,42.35830793766592],[3.1690603438081006,42.3583158541375],[3.1690744659220793,42.35832037783555],[3.1690854497885073,42.35832037783555],[3.1691027101500366,42.35831472321299],[3.16911840138779,42.3583056758169],[3.1691215396353414,42.35830115211885],[3.169124677882892,42.35829549749629],[3.1691215396353414,42.35829097379825],[3.169113694016464,42.35828984287374]]],[[[3.1319003545591455,42.128087896692215],[3.1318799559500654,42.12808337299417],[3.1318579882172095,42.128086765767705],[3.13184072785568,42.12810259871087],[3.13184072785568,42.12810825333342],[3.1318579882172095,42.12812069350305],[3.1318799559500654,42.12811956257854],[3.1319003545591455,42.128117300729514],[3.131906631054247,42.12811277703147],[3.1319082001780223,42.12809920593733],[3.1319003545591455,42.128087896692215]]],[[[3.171949100678607,42.356464530712046],[3.17194125505973,42.356464530712046],[3.1719318403170775,42.356464530712046],[3.1719208564506496,42.356467923485575],[3.171917718203099,42.35647923273069],[3.171922425574425,42.35649054197581],[3.171928702069527,42.356501851220926],[3.1719396859359543,42.35651089861702],[3.1719475315548316,42.356513160466044],[3.171953808049933,42.35651202954153],[3.17196165366881,42.356504113069946],[3.1719679301639117,42.356493934749345],[3.1719726375352377,42.35648149457972],[3.1719726375352377,42.356475839957156],[3.1719679301639117,42.3564701853346],[3.171958515421259,42.356466792561065],[3.171949100678607,42.356464530712046]]],[[[3.3179,42.3169],[3.3178,42.3169],[3.3178,42.317],[3.3179,42.317],[3.3179,42.3169]]],[[[3.185620876133642,42.3461787722792],[3.185608323143439,42.34617764135469],[3.1855973392770114,42.34617764135469],[3.18557380242038,42.3461787722792],[3.1855518346875247,42.34617990320372],[3.1855424199448725,42.34618216505274],[3.1855361434497707,42.3461878196753],[3.18553300520222,42.34619686707139],[3.1855722332966048,42.346203652618456],[3.1855910627819095,42.34620139076944],[3.1856098922672147,42.34620025984493],[3.1856177378860915,42.3461979979959],[3.1856255835049683,42.34619573614688],[3.1856287217525194,42.34619121244883],[3.1856271526287436,42.34618329597725],[3.185620876133642,42.3461787722792]]],[[[3.166287702096974,42.366674517202604],[3.166276718230546,42.366674517202604],[3.166267303487894,42.36669035014577],[3.166264165240343,42.366710706786975],[3.1662610269927924,42.366729932503674],[3.1662594578690166,42.36673558712623],[3.1662610269927924,42.366741241748784],[3.1662688726116692,42.36674350359781],[3.166279856478097,42.3667423726733],[3.166287702096974,42.366740110824274],[3.1662939785920754,42.36673671805074],[3.1662955477158508,42.36672540880563],[3.1662939785920754,42.36671409956051],[3.1662939785920754,42.366701659390884],[3.1662939785920754,42.36669035014577],[3.1662939785920754,42.36668017182516],[3.1662924094683,42.36667677905163],[3.166287702096974,42.366674517202604]]],[[[3.1639167560723487,42.36509687750895],[3.1639073413296965,42.36509461565993],[3.163897926587044,42.36509574658444],[3.1638869427206164,42.365098008433456],[3.163877527977964,42.36510140120699],[3.163863405863985,42.365107055829554],[3.1638524219975577,42.365114972301136],[3.1638477146262316,42.36512062692369],[3.1638477146262316,42.365126281546246],[3.1638477146262316,42.36513080524429],[3.1638508528737823,42.36513419801783],[3.16386183674021,42.36513306709332],[3.1638759588541885,42.36513306709332],[3.163905772205921,42.36512401969723],[3.1639167560723487,42.365116103225645],[3.1639277399387766,42.365108186754064],[3.1639277399387766,42.36510479398053],[3.1639230325674506,42.36510027028248],[3.1639167560723487,42.36509687750895]]],[[[3.1233972728202684,42.13537783609387],[3.1233941345727176,42.135376705169364],[3.123389427201391,42.13538914533899],[3.123380012458739,42.13539819273508],[3.123375305087413,42.13541063290471],[3.1233831507062897,42.135415156602754],[3.1233941345727176,42.13541628752726],[3.12340354931537,42.13541741845178],[3.123419240553124,42.13541854937629],[3.1234380700384285,42.13541628752726],[3.1234427774097546,42.13540158550862],[3.1234255170482252,42.13538235979192],[3.1233972728202684,42.13537783609387]]],[[[3.1757,42.3548],[3.1756,42.3548],[3.1757,42.3549],[3.1757,42.3548]]],[[[3.165,42.3625],[3.165,42.3626],[3.1651,42.3626],[3.165,42.3625]]],[[[3.2558893770434776,42.248112915106404],[3.255870547558173,42.24810386771031],[3.255864271063071,42.24810386771031],[3.255856425444194,42.248111784181894],[3.2558501489490923,42.248120831577985],[3.2558501489490923,42.248131009898586],[3.255859563691745,42.24813892637017],[3.255875254929499,42.2481423191437],[3.2558925152910283,42.2481423191437],[3.255911344776333,42.24814571191724],[3.255920759518985,42.24814571191724],[3.255922328642761,42.2481423191437],[3.25591919039521,42.2481321408231],[3.2559176212714345,42.248121962502495],[3.2559082065287823,42.248120831577985],[3.2558893770434776,42.248112915106404]]],[[[3.226256474545102,42.23739740535917],[3.2262611819164286,42.23738948888759],[3.226262751040204,42.237381572416005],[3.2262596127926533,42.237373655944424],[3.226242352431124,42.23738044149149],[3.2262392141835727,42.23738722703856],[3.2262345068122467,42.23739401258563],[3.226220384698268,42.23739401258563],[3.2262188155744926,42.23739966720819],[3.2262172464507173,42.23740645275526],[3.2262188155744926,42.23740645275526],[3.2262141082031666,42.237413238302324],[3.226207831708065,42.237417762000376],[3.226195278717862,42.23742228569842],[3.2261890022227604,42.23742454754744],[3.2261890022227604,42.23742567847195],[3.226196847841637,42.23743359494353],[3.2262094008318405,42.237438118641585],[3.2262188155744926,42.23743585679256],[3.2262282303171452,42.23743133309451],[3.226240783307348,42.23742454754744],[3.2262501980500007,42.237417762000376],[3.2262533362975514,42.23740758367977],[3.226256474545102,42.23739740535917]]],[[[3.1902074249291283,42.34036129659163],[3.1901933028151497,42.34035677289358],[3.1901666277109677,42.340359034742605],[3.190139952606786,42.34036129659163],[3.1901352452354597,42.34036242751614],[3.1901368143592355,42.34036921306321],[3.190154074720765,42.34038165323284],[3.1901729042060696,42.34039070062893],[3.1901823189487217,42.34039183155344],[3.1901917336913743,42.34038956970442],[3.1902121323004544,42.34038165323284],[3.190219977919331,42.34037712953479],[3.190218408795556,42.34037147491223],[3.1902137014242298,42.340366951214186],[3.1902074249291283,42.34036129659163]]],[[[3.185481224117632,42.34619573614688],[3.1854592563847763,42.346193474297856],[3.1854357195281455,42.34619573614688],[3.1854153209190654,42.34619686707139],[3.185394922309985,42.34620252169395],[3.1853886458148835,42.34620704539199],[3.185390214938659,42.346212700014554],[3.185394922309985,42.34621609278809],[3.1854294430330437,42.34622514018418],[3.185449841642124,42.34621948556162],[3.1854702402512043,42.346212700014554],[3.185482793241407,42.34620591446748],[3.1854859314889583,42.34620252169395],[3.1854875006127337,42.3461979979959],[3.185481224117632,42.34619573614688]]],[[[3.295398344584202,42.29482349020827],[3.2953920680891007,42.29481896651023],[3.2953857915939992,42.29482122835925],[3.2953795150988974,42.29482575205729],[3.295377945975122,42.294833668528874],[3.2953795150988974,42.294840454075946],[3.29536853123247,42.29484384684948],[3.29536853123247,42.2948551560946],[3.2953763768513467,42.2948653344152],[3.2953826533464485,42.29487551273581],[3.2953952063366514,42.29487211996227],[3.2954108975744054,42.294860810717154],[3.2954265888121594,42.29484837054753],[3.295428157935935,42.294842715924965],[3.295425019688384,42.2948359303779],[3.295414035821956,42.294831406679855],[3.295404621079304,42.29482801390632],[3.295398344584202,42.29482349020827]]],[[[3.1238,42.1332],[3.1237,42.1333],[3.1238,42.1333],[3.1238,42.1332]]],[[[3.1859127331558663,42.34600460990442],[3.1858876271754597,42.34600347897991],[3.185876643309032,42.346017050074046],[3.1859111640320905,42.34602270469661],[3.185944115631374,42.34602949024367],[3.185959806869128,42.34603062116819],[3.1859739289831066,42.34602835931916],[3.185980205478208,42.34602383562112],[3.185983343725759,42.34601818099856],[3.185983343725759,42.346012526376],[3.185980205478208,42.346009133602465],[3.1859582377453526,42.34600460990442],[3.185936270012497,42.34600460990442],[3.1859127331558663,42.34600460990442]]],[[[3.283639331011376,42.27356663308858],[3.283612655907194,42.27356324031504],[3.283603241164542,42.27356663308858],[3.283603241164542,42.27357454956016],[3.2836063794120927,42.273580204182714],[3.283612655907194,42.27358359695625],[3.2836330545162746,42.273588120654296],[3.2836534531253547,42.27359377527686],[3.283670713486884,42.27359603712588],[3.283689542972189,42.27359377527686],[3.2836926812197396,42.273588120654296],[3.2836926812197396,42.27358133510723],[3.2836879738484135,42.27357454956016],[3.2836816973533116,42.27356776401309],[3.28367542085821,42.27356663308858],[3.283639331011376,42.27356663308858]]],[[[3.26182694140958,42.33545986975843],[3.2617986971816233,42.33545195328685],[3.2617877133151953,42.33545308421136],[3.2617782985725428,42.33545760790941],[3.2617735912012167,42.33546100068294],[3.261775160324992,42.33546778623001],[3.2617892824389707,42.33548022639964],[3.2618065428005,42.3354858810222],[3.261825372285805,42.33548701194671],[3.2618442017711096,42.33548701194671],[3.2618504782662114,42.33548814287122],[3.2618551856375375,42.33548701194671],[3.2618583238850882,42.33548022639964],[3.2618583238850882,42.33547344085257],[3.2618583238850882,42.33547004807904],[3.2618551856375375,42.33546891715452],[3.26182694140958,42.33545986975843]]],[[[3.1713277276635496,42.4329851450147],[3.171321451168448,42.43298401409019],[3.1713104673020203,42.43298627593921],[3.171297914311817,42.43298966871274],[3.1712837921978383,42.43300323980688],[3.1712837921978383,42.43301002535395],[3.171282223074063,42.43301567997651],[3.1712869304453895,42.43302359644809],[3.171297914311817,42.43302925107065],[3.1713104673020203,42.43303038199516],[3.1713261585397743,42.43303038199516],[3.1713308659111004,42.43302812014614],[3.1713355732824264,42.43302359644809],[3.171340280653753,42.43301681090102],[3.1713418497775283,42.43301115627846],[3.171340280653753,42.43299984703335],[3.1713324350348757,42.43298853778823],[3.1713277276635496,42.4329851450147]]],[[[3.2786903146237734,42.28076836037833],[3.2786871763762226,42.28076722945382],[3.2786620703958165,42.28076836037833],[3.278649517405613,42.28077401500089],[3.27863696441541,42.28077966962345],[3.278632257044084,42.280785324246004],[3.2786275496727577,42.280792109793076],[3.2786275496727577,42.28079889534014],[3.278632257044084,42.28080568088721],[3.2786401026629606,42.28080907366075],[3.278649517405613,42.28081020458526],[3.2786699160146933,42.28080794273624],[3.2786871763762226,42.28080228811368],[3.2786918837475487,42.28079550256661],[3.278693452871324,42.28078193147247],[3.2786903146237734,42.28077175315187],[3.2786903146237734,42.28076836037833]]],[[[3.136593603771358,42.1257819416131],[3.1365904655238075,42.12577741791505],[3.1365747742860535,42.125784203462125],[3.1365512374294227,42.12580342917882],[3.13654182268677,42.12582378582003],[3.136548099181872,42.12583622598966],[3.13656222129585,42.12583848783868],[3.136576343409829,42.12583396414063],[3.1365857581524814,42.12582491674454],[3.1365857581524814,42.125822654895515],[3.136596742018909,42.12581586934845],[3.1365983111426843,42.12580342917882],[3.136593603771358,42.125792119933706],[3.136593603771358,42.1257819416131]]],[[[3.2316,42.3511],[3.2316,42.3512],[3.2315,42.3512],[3.2316,42.3512],[3.2316,42.3511]]],[[[3.1825,42.3537],[3.1825,42.3538],[3.1826,42.3538],[3.1826,42.3537],[3.1825,42.3537]]],[[[3.157836401442685,42.382258656972205],[3.157825417576257,42.38225639512318],[3.1578144337098295,42.382259787896714],[3.157809726338503,42.38226431159476],[3.1578081572147276,42.382268835292805],[3.157809726338503,42.382277882688896],[3.157809726338503,42.38228466823597],[3.157809726338503,42.38229145378304],[3.157812864586054,42.38229937025462],[3.1578238484524817,42.38230389395267],[3.157831694071359,42.382305024877176],[3.1578395396902357,42.382306155801686],[3.157841108814011,42.382305024877176],[3.157861507423091,42.38229937025462],[3.157861507423091,42.38228579916048],[3.157861507423091,42.38227222806634],[3.1578583691755404,42.382267704368296],[3.157847385309113,42.38226204974574],[3.157836401442685,42.382258656972205]]],[[[3.1694228114002176,42.42295949921952],[3.169413396657565,42.42295836829501],[3.169408689286239,42.42296176106855],[3.169408689286239,42.422968546615614],[3.1694071201624636,42.422975332162686],[3.1694071201624636,42.42298211770976],[3.1694071201624636,42.42298890325682],[3.169403981914913,42.422994557879385],[3.169397705419811,42.42299908157743],[3.1693898598009342,42.423002474350966],[3.1693804450582816,42.423004736199985],[3.1693710303156295,42.4230058671245],[3.169366322944303,42.42300812897352],[3.1693647538205276,42.42301830729413],[3.169392998048485,42.42301717636961],[3.169413396657565,42.42300925989803],[3.1694353643904205,42.42300134342645],[3.1694432100092977,42.42299795065292],[3.169447917380624,42.4229866414078],[3.169449486504399,42.42297759401171],[3.1694416408855224,42.42296967754013],[3.1694228114002176,42.42295949921952]]],[[[3.170150884832002,42.41568878553456],[3.1701383318417986,42.41568765461005],[3.1701336244704725,42.41568878553456],[3.1701304862229214,42.41569104738359],[3.1701273479753707,42.41570122570419],[3.1701257788515953,42.4157114040248],[3.17012420972782,42.41571932049638],[3.1701226406040446,42.41572723696796],[3.1701226406040446,42.41573062974149],[3.1701304862229214,42.415734022515025],[3.170139900965574,42.41573515343954],[3.1701477465844508,42.41573515343954],[3.1701571613271033,42.415731760666006],[3.1701681451935313,42.41572836789247],[3.170171283441082,42.415726106043444],[3.1701775599361834,42.41571932049638],[3.170183836431285,42.41571253494931],[3.1701854055550607,42.41570801125126],[3.1701822673075095,42.4157023566287],[3.1701744216886327,42.415696702006144],[3.1701634378222048,42.41569104738359],[3.170150884832002,42.41568878553456]]],[[[3.2265655919288556,42.35045705970652],[3.2265577463099784,42.35045705970652],[3.226551469814877,42.35045705970652],[3.226546762443551,42.35046158340457],[3.226543624196,42.350463845253586],[3.226520087339369,42.35046610710261],[3.2265106725967168,42.35048533281931],[3.2265106725967168,42.350492118366375],[3.2265106725967168,42.35049777298894],[3.226515379968043,42.35050229668698],[3.2265216564631443,42.35050342761149],[3.2265295020820215,42.35050229668698],[3.2265530389386523,42.35049664206443],[3.226562453681305,42.35049551113991],[3.2265687301764063,42.3504943802154],[3.2265812831666096,42.350489856517356],[3.2265844214141604,42.35048533281931],[3.2265797140428343,42.350480809121265],[3.2265734375477324,42.35047854727224],[3.2265702993001817,42.350472892649684],[3.2265702993001817,42.35046610710261],[3.2265702993001817,42.350463845253586],[3.2265655919288556,42.35045705970652]]],[[[3.1578,42.3825],[3.1578,42.3824],[3.1578,42.3825],[3.1579,42.3825],[3.1578,42.3825]]],[[[3.1697,42.4191],[3.1697,42.4192],[3.1698,42.4191],[3.1697,42.4191]]],[[[3.2856,42.3321],[3.2855,42.3321],[3.2855,42.3322],[3.2856,42.3322],[3.2856,42.3321]]],[[[3.2508007086398645,42.331864660736116],[3.250791293897212,42.3318635298116],[3.2507818791545597,42.331864660736116],[3.2507756026594583,42.33186918443416],[3.2507756026594583,42.33187710090574],[3.2507756026594583,42.331885017377324],[3.250774033535683,42.331894064773415],[3.250774033535683,42.331903112169506],[3.250774033535683,42.33191102864109],[3.250778740907009,42.33191894511267],[3.2507850174021105,42.331921206961695],[3.2507928630209877,42.33192007603718],[3.250810123382517,42.33191894511267],[3.250817969001394,42.33191781418816],[3.2508211072489446,42.331913290490114],[3.2508211072489446,42.33190650494304],[3.250819538125169,42.33188388645281],[3.250813261630068,42.331875969981226],[3.250806985134966,42.33186918443416],[3.2508007086398645,42.331864660736116]]],[[[3.1698,42.419],[3.1697,42.4191],[3.1698,42.4191],[3.1698,42.419]]],[[[3.16617315606137,42.38985281506748],[3.1661684486900437,42.38985055321845],[3.166155895699841,42.38985168414296],[3.166146480957188,42.38985733876552],[3.1661402044620868,42.389865255237105],[3.166137066214536,42.389873171708686],[3.1661354970907603,42.38988221910478],[3.166137066214536,42.38989013557636],[3.1661386353383114,42.38989692112343],[3.166144911833413,42.389902575745985],[3.1661590339473915,42.389902575745985],[3.1661715869375944,42.389902575745985],[3.1661841399277977,42.389901444821476],[3.1661935546704503,42.38987204078417],[3.1661825708040223,42.38986186246357],[3.16617315606137,42.38985281506748]]],[[[3.174921021109209,42.43377339939927],[3.1749100372427814,42.43377226847476],[3.174900622500129,42.43377679217281],[3.17488650038615,42.43379262511597],[3.174877085643498,42.43381071990815],[3.174872378272172,42.43382316007778],[3.174872378272172,42.433828814700334],[3.174877085643498,42.43383333839839],[3.17488650038615,42.43383786209643],[3.174913175490332,42.433828814700334],[3.1749194519854336,42.43381185083266],[3.174927297604311,42.4337960178895],[3.174928866728086,42.4337858395689],[3.1749257284805354,42.43377679217281],[3.174921021109209,42.43377339939927]]],[[[3.1379,42.1227],[3.1379,42.1228],[3.138,42.1228],[3.1379,42.1228],[3.1379,42.1227]]],[[[3.1249224611299544,42.130689023068854],[3.1249193228824037,42.13068563029532],[3.124913046387302,42.13068223752178],[3.1249020625208743,42.13068563029532],[3.1249004933970985,42.13067545197472],[3.1249020625208743,42.13066527365411],[3.1249114772635265,42.13065396440899],[3.1249161846348525,42.13064830978644],[3.124914615511077,42.13064378608839],[3.124905200768425,42.13063813146583],[3.1249036316446497,42.13063813146583],[3.1249036316446497,42.13063813146583],[3.1249020625208743,42.130639262390346],[3.124897355149548,42.13064717886193],[3.1248910786544464,42.13066527365411],[3.1248832330355696,42.13068449937081],[3.1248644035502644,42.13071503433262],[3.1248549888076123,42.13072860542676],[3.124853419683837,42.13073991467188],[3.1248549888076123,42.13074104559639],[3.1248612653027137,42.13073991467188],[3.124873818292917,42.13072973635127],[3.1248879404068957,42.13071955803067],[3.124909908139751,42.13070485601202],[3.1249193228824037,42.130696939540435],[3.1249224611299544,42.130689023068854]]],[[[3.226199986089188,42.23730919324726],[3.226196847841637,42.2373035386247],[3.2261733109850064,42.23730580047373],[3.226156050623477,42.2373125860208],[3.2261387902619476,42.237318240643354],[3.2261278063955197,42.237327288039445],[3.2261262372717443,42.23733294266201],[3.226129375519295,42.23733746636005],[3.226140359385723,42.23734312098261],[3.2261591888710277,42.237346513756144],[3.226179587480108,42.237345382831634],[3.2261905713465358,42.2373419900581],[3.2262015552129633,42.23733520451103],[3.226204693460514,42.237325026190426],[3.2262031243367386,42.23731484786982],[3.226199986089188,42.23730919324726]]],[[[3.170850714035829,42.10810446057256],[3.170847575788278,42.10810219872354],[3.1708412992931767,42.10810332964805],[3.170831884550524,42.10810219872354],[3.170831884550524,42.108101067799026],[3.170831884550524,42.10809541317647],[3.170831884550524,42.10808749670489],[3.1708177624365455,42.10807958023331],[3.170803640322567,42.10807618745977],[3.1707942255799146,42.10807618745977],[3.170784810837262,42.10808071115782],[3.170780103465936,42.10808636578038],[3.1707816725897113,42.108090889478426],[3.170784810837262,42.10809654410098],[3.1707895182085886,42.108101067799026],[3.1708052094463426,42.10810672242159],[3.170819331560321,42.108112377044144],[3.170819331560321,42.10811463889317],[3.1708130550652194,42.108121424440235],[3.170806778570118,42.10813047183633],[3.1708052094463426,42.10813612645889],[3.1708099168176687,42.10814065015693],[3.1708146241889947,42.10814291200596],[3.170820900684096,42.10814065015693],[3.17083659192185,42.10813047183633],[3.1708491449120535,42.108118031666706],[3.170852283159604,42.108111246119634],[3.170850714035829,42.10810446057256]]],[[[3.2377,42.3425],[3.2376,42.3425],[3.2376,42.3426],[3.2377,42.3426],[3.2377,42.3425]]],[[[3.164877059822892,42.413235810268944],[3.1648707833277903,42.413235810268944],[3.164866075956464,42.41323920304248],[3.1648629377089135,42.41324938136308],[3.164864506832689,42.41325955968369],[3.164866075956464,42.41326747615527],[3.1648676450802395,42.41327652355136],[3.1648723524515656,42.413282178173915],[3.1648754906991163,42.41328783279648],[3.164880198070443,42.4132900946455],[3.1648880436893196,42.41329348741903],[3.1648990275557476,42.41329122557001],[3.164905304050849,42.41328670187196],[3.1649115805459505,42.413281047249406],[3.1649194261648277,42.41326973800429],[3.1649225644123784,42.41325842875917],[3.1649194261648277,42.41325164321211],[3.1649115805459505,42.413245988589544],[3.1649021658032983,42.413243726740525],[3.1648927510606457,42.413243726740525],[3.164884905441769,42.41323920304248],[3.164877059822892,42.413235810268944]]],[[[3.284177540466337,42.260913849653],[3.2841649874761343,42.26090819503044],[3.2841587109810324,42.260912718728484],[3.2841555727334817,42.260920635200065],[3.2841602801048078,42.26092742074714],[3.284175971342562,42.260939860916764],[3.284193231704091,42.26095117016188],[3.284208922941845,42.26096361033151],[3.284224614179599,42.2609726577276],[3.284235598046027,42.260976050501135],[3.2842403054173532,42.260973788652116],[3.2842450127886793,42.26096926495406],[3.2842450127886793,42.26096134848248],[3.2842418745411286,42.26095343201091],[3.284224614179599,42.260939860916764],[3.2842010773229684,42.26092628982263],[3.284177540466337,42.260913849653]]],[[[3.124712198544051,42.130883542084845],[3.1246980764300725,42.130883542084845],[3.124691799934971,42.130883542084845],[3.1246886616874203,42.13088580393387],[3.1246870925636445,42.1308891967074],[3.124683954316094,42.13090050595252],[3.124680816068543,42.13092199351824],[3.1246745395734417,42.13093330276335],[3.124671401325891,42.13094461200847],[3.1246729704496663,42.130949135706516],[3.1246823851923184,42.13095592125359],[3.1246870925636445,42.1309570521781],[3.1246902308111957,42.13095592125359],[3.1247027838013985,42.130940088310425],[3.1247137676678265,42.13092312444275],[3.1247216132867033,42.13091407704666],[3.124727889781805,42.13090502965056],[3.1247294589055805,42.130901636877034],[3.1247294589055805,42.13089937502801],[3.1247231824104786,42.1308891967074],[3.1247184750391526,42.13088580393387],[3.124712198544051,42.130883542084845]]],[[[3.2376,42.3449],[3.2376,42.345],[3.2377,42.345],[3.2376,42.3449]]],[[[3.2808,42.276],[3.2807,42.2761],[3.2808,42.2761],[3.2808,42.276]]],[[[3.2892834692314796,42.302681153714744],[3.289280330983929,42.30267323724316],[3.2892567941272977,42.30267889186572],[3.2892395337657683,42.30268793926181],[3.2892207042804635,42.30269585573339],[3.2892112895378114,42.30270151035595],[3.289201874795159,42.3027162123746],[3.289201874795159,42.30272299792167],[3.28920501304271,42.302727521619715],[3.2892128586615867,42.302728652544225],[3.2892207042804635,42.302728652544225],[3.289253655879747,42.302717343299115],[3.2892677779937256,42.30270829590302],[3.289280330983929,42.30269698665791],[3.289285038355255,42.302689070186325],[3.2892834692314796,42.302681153714744]]],[[[3.255599089145029,42.25059529440932],[3.255591243526152,42.25059416348481],[3.2555818287834994,42.25059642533384],[3.255570844917072,42.250602079956394],[3.2555629992981947,42.250609996427976],[3.2555582919268686,42.25061452012602],[3.255555153679318,42.25062130567309],[3.2555582919268686,42.250630353069184],[3.2555614301744193,42.250639400465275],[3.2555661375457454,42.250647316936856],[3.255575552288398,42.25065297155942],[3.255583397907275,42.25065410248393],[3.2555896744023767,42.2506518406349],[3.255600658268804,42.2506416623143],[3.2556085038876814,42.250630353069184],[3.255611642135232,42.25062469844663],[3.255614780382783,42.25061791289956],[3.255614780382783,42.250611127352485],[3.255611642135232,42.25060434180542],[3.255606934763906,42.25059868718286],[3.255599089145029,42.25059529440932]]],[[[3.225442099305671,42.238454819777495],[3.2254279771916927,42.23844464145689],[3.2254075785826126,42.238445772381404],[3.225387179973532,42.238445772381404],[3.2253809034784306,42.23844803423042],[3.225373057859554,42.238453688852985],[3.225366781364452,42.23846160532457],[3.2253652122406766,42.23847291456968],[3.2253683504882273,42.23847856919224],[3.225373057859554,42.238483092890284],[3.2253887490973074,42.23848648566382],[3.225402871211286,42.2384853547393],[3.2254201315728155,42.238483092890284],[3.2254264080679174,42.23848083104126],[3.2254311154392434,42.23847743826772],[3.225437391934345,42.23846612902261],[3.225442099305671,42.238454819777495]]],[[[3.226272165782856,42.237296753077636],[3.226256474545102,42.2372933603041],[3.2262439215548993,42.237296753077636],[3.2262329376884713,42.23730127677568],[3.2262282303171452,42.23730806232275],[3.2262297994409206,42.23731597879433],[3.2262376450597974,42.237326157114936],[3.226251767173776,42.23733520451103],[3.2262643201639793,42.23733859728456],[3.226276873154182,42.23733972820907],[3.226286287896835,42.23733859728456],[3.2262957026394874,42.23733520451103],[3.226301979134589,42.23733068081298],[3.2263051173821395,42.23732050249238],[3.2263004100108135,42.23731145509628],[3.2262941335157116,42.23730693139824],[3.226286287896835,42.23730240770019],[3.226278442277958,42.237299014926656],[3.226272165782856,42.237296753077636]]],[[[3.2265,42.2377],[3.2264,42.2377],[3.2264,42.2378],[3.2265,42.2378],[3.2265,42.2377]]],[[[3.2274191952626716,42.24872474526717],[3.2274066422724683,42.24872361434266],[3.2273768289207356,42.248734923587776],[3.2273721215494096,42.24875301837996],[3.2273674141780835,42.24876998224763],[3.227368983301859,42.24877563687019],[3.2273752597969603,42.24878468426628],[3.2273831054158375,42.24878920796433],[3.2273909510347143,42.24878581519079],[3.2274035040249176,42.248772244096656],[3.2274144878913456,42.248757542078],[3.227431748252875,42.24873831636131],[3.227436455624201,42.248729268965214],[3.227436455624201,42.248727007116194],[3.227431748252875,42.24872587619168],[3.2274191952626716,42.24872474526717]]],[[[3.2609,42.3403],[3.2608,42.3403],[3.2608,42.3404],[3.2608,42.3403],[3.2609,42.3403]]],[[[3.1643106061399737,42.36283163571225],[3.1643074678924226,42.36283050478774],[3.164301191397321,42.36283163571225],[3.1642949149022197,42.36283615941029],[3.164290207530893,42.362841814032855],[3.164288638407118,42.36284859957992],[3.1642949149022197,42.3628655634476],[3.1643027605210965,42.36288252731527],[3.1643090370161984,42.362899491182944],[3.164320020882626,42.36291532412611],[3.164324728253952,42.36291984782415],[3.164331004749054,42.36292097874866],[3.1643388503679306,42.36291532412611],[3.164340419491706,42.36291306227708],[3.164340419491706,42.36288818193783],[3.1643262973777277,42.36285990882504],[3.1643106061399737,42.36283163571225]]],[[[3.1735,42.3554],[3.1734,42.3554],[3.1734,42.3555],[3.1735,42.3555],[3.1735,42.3554]]],[[[3.195999060784119,42.3357980161874],[3.1959896460414665,42.33579688526288],[3.1959802312988144,42.335800278036416],[3.1959770930512637,42.33580593265898],[3.1959770930512637,42.33581158728153],[3.1959770930512637,42.335818372828605],[3.1959770930512637,42.33582515837567],[3.1959849386701404,42.33583194392274],[3.195999060784119,42.33583646762079],[3.196019459393199,42.3358375985453],[3.1960398580022793,42.3358375985453],[3.196053980116258,42.33583420577177],[3.1960618257351348,42.33582968207372],[3.19606339485891,42.33582402745116],[3.1960602566113594,42.335818372828605],[3.1960571183638087,42.33581158728153],[3.1960320123834025,42.33580593265898],[3.196014752021873,42.33580140896093],[3.195999060784119,42.3357980161874]]],[[[3.158465620076619,42.39675824013519],[3.158442083219988,42.39675597828617],[3.1584185463633574,42.39675710921068],[3.1583997168780527,42.396763894757754],[3.1583918712591754,42.3967684184558],[3.1583918712591754,42.396771811229335],[3.1584028551256034,42.39677520400287],[3.158424822858459,42.396780858625426],[3.1584483597150896,42.39678425139896],[3.1584750348192716,42.39678877509701],[3.158487587809475,42.39678877509701],[3.1584985716759024,42.39678425139896],[3.1585064172947797,42.39677746585189],[3.158515832037432,42.39677068030482],[3.158492295180801,42.39676276383324],[3.1584797421905977,42.39676050198422],[3.158465620076619,42.39675824013519]]],[[[3.3154,42.3147],[3.3153,42.3147],[3.3153,42.3148],[3.3154,42.3148],[3.3154,42.3147]]],[[[3.182581483380698,42.35120346988416],[3.1825642230191686,42.35120120803514],[3.1825469626576393,42.35120233895965],[3.182534409667436,42.35120346988416],[3.182521856677233,42.35121591005379],[3.182515580182131,42.351226088374396],[3.182510872810805,42.351237397619514],[3.18250930368703,42.35124192131756],[3.182514011058356,42.351247575940114],[3.182521856677233,42.351248706864624],[3.18252970229611,42.351247575940114],[3.1825516700289653,42.351246445015605],[3.1825626538953933,42.35124418316658],[3.182573637761821,42.35124079039304],[3.1825799142569227,42.35123400484598],[3.1825830525044734,42.351226088374396],[3.1825830525044734,42.35121591005379],[3.1825830525044734,42.3512068626577],[3.182581483380698,42.35120346988416]]],[[[3.1665952503569517,42.41436221108248],[3.1665779899954223,42.41436221108248],[3.1665622987576683,42.41436673478052],[3.166557591386342,42.414372389403084],[3.1665544531387915,42.41437804402564],[3.1665513148912408,42.41439274604429],[3.166552884015016,42.414400662515874],[3.166557591386342,42.41440744806294],[3.1665670061289948,42.41441197176099],[3.1665748517478716,42.41441423361001],[3.1665811282429734,42.41441649545904],[3.166584266490524,42.41441649545904],[3.1665936812331763,42.4144131026855],[3.166598388604503,42.41440744806294],[3.1666015268520535,42.41439953159136],[3.1666062342233796,42.41439274604429],[3.166618787213583,42.414390484195266],[3.166618787213583,42.414381436799175],[3.166618787213583,42.41437578217662],[3.1666172180898076,42.41436899662955],[3.1666062342233796,42.41436334200699],[3.1665952503569517,42.41436221108248]]],[[[3.291494364631014,42.30696509576461],[3.291484949888362,42.30696509576461],[3.2914755351457092,42.306968488538146],[3.2914567056604045,42.30698205963229],[3.291439445298875,42.306995630726426],[3.291430030556223,42.30700467812252],[3.291425323184897,42.307013725518615],[3.291430030556223,42.30701938014117],[3.2914472909177523,42.307023903839216],[3.291455136536629,42.307023903839216],[3.2914629821555064,42.30702164199019],[3.2914723968981585,42.307013725518615],[3.2914833807645865,42.307005809047034],[3.291494364631014,42.306996761650936],[3.291505348497442,42.306987714254845],[3.291510055868768,42.30698205963229],[3.2915116249925434,42.30697075038717],[3.291510055868768,42.30696735761364],[3.291505348497442,42.30696509576461],[3.291494364631014,42.30696509576461]]],[[[3.2113827502781125,42.34639477886092],[3.2113623516690324,42.3463936479364],[3.2113419530599523,42.3463936479364],[3.211316847079546,42.34639590978543],[3.211288602851589,42.346399302558964],[3.211285464604038,42.34640495718152],[3.211285464604038,42.346408349955055],[3.211285464604038,42.34641513550213],[3.2112917410991395,42.34642192104919],[3.2112948793466902,42.34642418289822],[3.211305863213118,42.346428706596264],[3.2113152779557708,42.346427575671754],[3.2113545060501556,42.34642079012468],[3.2113780429067864,42.3464128736531],[3.2113905958969897,42.346406088106036],[3.211400010639642,42.34639590978543],[3.211403148887193,42.34639477886092],[3.2113937341445404,42.34639477886092],[3.2113827502781125,42.34639477886092]]],[[[3.2232,42.2367],[3.2232,42.2368],[3.2233,42.2368],[3.2233,42.2367],[3.2232,42.2367]]],[[[3.152557869062249,42.11987851566264],[3.152546885195821,42.11987851566264],[3.1525374704531686,42.11987964658715],[3.1525170718440885,42.119884170285204],[3.1525076571014363,42.11988756305873],[3.152499811482559,42.119893217681295],[3.152495104111233,42.11990000322836],[3.1524919658636823,42.11990678877543],[3.1524888276161316,42.1199135743225],[3.1524856893685804,42.11992035986957],[3.152490396739907,42.1199237526431],[3.1525092262252117,42.11992488356762],[3.1525280557105164,42.1199237526431],[3.152539039576944,42.119922621718594],[3.152557869062249,42.11991470524701],[3.1525641455573505,42.119903396001895],[3.1525688529286766,42.119892086756785],[3.1525688529286766,42.11988756305873],[3.1525641455573505,42.11988190843618],[3.152557869062249,42.11987851566264]]],[[[3.1858,42.3459],[3.1857,42.3459],[3.1857,42.346],[3.1858,42.346],[3.1858,42.3459]]],[[[3.2171,42.3499],[3.2171,42.35],[3.2172,42.35],[3.2172,42.3499],[3.2171,42.3499]]],[[[3.155241070718178,42.39507203168843],[3.155228517727975,42.39507090076391],[3.1552191029853223,42.39507429353745],[3.155212826490221,42.395084471858056],[3.1552112573664455,42.39510030480122],[3.155212826490221,42.395116137744374],[3.155212826490221,42.39512518514047],[3.1552159647377716,42.39513423253656],[3.155220672109098,42.39513875623461],[3.155228517727975,42.395141018083635],[3.1552363633468516,42.395142149008144],[3.1552426398419535,42.39513988715912],[3.155248916337055,42.39513310161205],[3.1552551928321564,42.39512744698949],[3.1552630384510336,42.39510935219731],[3.1552583310797075,42.39509691202768],[3.155253623708381,42.395084471858056],[3.155248916337055,42.395077686310984],[3.155241070718178,42.39507203168843]]],[[[3.1871947072803657,42.349308040402754],[3.1871727395475102,42.34930577855373],[3.1871460644433283,42.34930577855373],[3.187117820215371,42.349306909478244],[3.1871115437202695,42.349308040402754],[3.1871068363489434,42.34931482594982],[3.187105267225168,42.34932048057238],[3.18711468196782,42.34933065889298],[3.1871303732055742,42.34933970628908],[3.187139787948227,42.34934309906261],[3.187155479185981,42.34934309906261],[3.1871711704237344,42.34933970628908],[3.1871868616614885,42.34933405166652],[3.1871994146516918,42.349325004270426],[3.187204122023018,42.349317087798845],[3.1872025528992425,42.3493125641008],[3.1871994146516918,42.34930917132726],[3.1871947072803657,42.349308040402754]]],[[[3.2501840429961333,42.332455003331155],[3.2501714900059304,42.332453872406646],[3.250158937015727,42.332453872406646],[3.2501401075304224,42.332453872406646],[3.2501197089213423,42.332453872406646],[3.2501102941786897,42.332453872406646],[3.2501008794360375,42.33245613425567],[3.2500930338171603,42.33246178887823],[3.250086757322059,42.33246744350079],[3.250075773455631,42.332473098123344],[3.2500647895892034,42.3324787527459],[3.250060082217877,42.33248440736846],[3.250056943970326,42.332491192915526],[3.250060082217877,42.33249458568906],[3.2500694969605295,42.33249571661358],[3.2500789117031816,42.33249458568906],[3.2501008794360375,42.33248893106651],[3.250122847168893,42.332483276443945],[3.250146384025524,42.33247649089688],[3.2501699208821546,42.33246970534981],[3.2501761973772565,42.33246631257627],[3.250182473872358,42.33246178887823],[3.2501856121199086,42.33245726518018],[3.2501840429961333,42.332455003331155]]],[[[3.2368,42.3496],[3.2367,42.3496],[3.2366,42.3496],[3.2367,42.3496],[3.2368,42.3496]]],[[[3.1673217546649606,42.38936764845201],[3.1673092016747577,42.38936425567847],[3.167288803065677,42.38936764845201],[3.1672699735803724,42.38937782677261],[3.1672574205901696,42.389389136017726],[3.1672495749712923,42.38940270711186],[3.167248005847517,42.389409492658935],[3.1672495749712923,42.389416278206006],[3.1672542823426184,42.38942193282856],[3.1672605588377203,42.38942193282856],[3.1672903721894525,42.38941514728149],[3.1673092016747577,42.389400445262844],[3.1673280311600625,42.38938461231968],[3.167329600283838,42.389380088621635],[3.1673280311600625,42.389373303074564],[3.1673217546649606,42.38936764845201]]],[[[3.1675,42.367],[3.1675,42.3671],[3.1676,42.367],[3.1675,42.367]]],[[[3.283959432261557,42.26077587686259],[3.2839453101475784,42.26077361501356],[3.2839327571573755,42.26077813871161],[3.2839264806622737,42.26078605518319],[3.2839311880335997,42.26080075720184],[3.2839406027762523,42.26081545922049],[3.2839468792713538,42.26082111384305],[3.283954724890231,42.260826768465606],[3.2839719852517604,42.26083016123914],[3.2839876764895144,42.260826768465606],[3.283993952984616,42.26082337569207],[3.2840017986034926,42.260818851994024],[3.283995522108391,42.26079397165477],[3.283978261746862,42.26078492425868],[3.283959432261557,42.26077587686259]]],[[[3.2204,42.236],[3.2203,42.236],[3.2204,42.2361],[3.2204,42.236]]],[[[3.2913,42.307],[3.2913,42.3071],[3.2914,42.3071],[3.2913,42.307]]],[[[3.1923539862538712,42.24105933892767],[3.1923414332636684,42.241055946154134],[3.1923304493972404,42.24105933892767],[3.1923226037783636,42.241064993550225],[3.1923163272832618,42.24107064817278],[3.1923116199119357,42.24107969556888],[3.1923069125406096,42.24108987388948],[3.1923053434168343,42.241101183134596],[3.1923100507881603,42.24111362330422],[3.192317896407037,42.24111927792678],[3.1923273111496897,42.241121539775804],[3.1923351567685665,42.241121539775804],[3.1923430023874437,42.24111927792678],[3.192349278882545,42.24111249237971],[3.1923539862538712,42.24110570683264],[3.192360262748973,42.24109552851204],[3.19236810836785,42.24108648111594],[3.1923665392440745,42.24106838632376],[3.192360262748973,42.241063862625715],[3.1923539862538712,42.24105933892767]]],[[[3.1653305365939817,42.410702539363],[3.1653258292226556,42.41069462289142],[3.1653179836037784,42.41069236104239],[3.1653054306135755,42.41069462289142],[3.1652944467471475,42.41069462289142],[3.1652866011282708,42.41069349196691],[3.1652787555093935,42.41069236104239],[3.16526620251919,42.410690099193374],[3.1652583569003134,42.410691230117884],[3.165252080405212,42.41069349196691],[3.165248942157661,42.410701408438484],[3.165252080405212,42.41071045583458],[3.1652583569003134,42.41072063415518],[3.165264633395415,42.41073081247579],[3.1652991541184736,42.41074099079639],[3.1653132762324523,42.41073081247579],[3.1653258292226556,42.41072063415518],[3.165332105717757,42.4107127176836],[3.1653305365939817,42.410702539363]]],[[[3.1629,42.4294],[3.1628,42.4294],[3.1628,42.4295],[3.1629,42.4295],[3.1629,42.4294]]],[[[3.1236,42.1353],[3.1236,42.1352],[3.1235,42.1353],[3.1236,42.1353]]],[[[3.1854404268994716,42.351869584421486],[3.185432581280595,42.351869584421486],[3.1854043370526375,42.351870715345996],[3.1853964914337602,42.351871846270505],[3.185391784062434,42.35187523904404],[3.185391784062434,42.3518808936666],[3.185391784062434,42.35188654828916],[3.185394922309985,42.35189220291171],[3.185398060557536,42.35189559568525],[3.185421597414167,42.35191142862841],[3.1854435651470223,42.351926130647065],[3.1854514107658995,42.351928392496085],[3.1854592563847763,42.351924999722556],[3.1854655328798778,42.351918214175484],[3.185467102003653,42.35191595232646],[3.1854702402512043,42.35190690493037],[3.1854702402512043,42.35190351215683],[3.185468671127429,42.35189559568525],[3.185467102003653,42.35189333383623],[3.1854592563847763,42.35188541736465],[3.185446703394573,42.35187410811953],[3.1854404268994716,42.351869584421486]]],[[[3.288111333771258,42.26637734596845],[3.2880987807810547,42.266373953194915],[3.288087796914627,42.26637734596845],[3.288084658667076,42.26637847689296],[3.28807995129575,42.26639544076064],[3.288084658667076,42.266401095383195],[3.2881144720188087,42.266438415892075],[3.2881301632565627,42.26644633236366],[3.288136439751664,42.266447463288166],[3.2881537001131935,42.26644520143915],[3.2881599766082954,42.26644293959012],[3.28815840748452,42.26643502311854],[3.288136439751664,42.26640675000575],[3.288111333771258,42.26637734596845]]],[[[3.3,42.3058],[3.2999,42.3058],[3.2999,42.3059],[3.3,42.3059],[3.3,42.3058]]],[[[3.1901776115773957,42.34138252142559],[3.190174473329845,42.34138025957656],[3.190171335082294,42.341383652350096],[3.1901650585871923,42.34139496159521],[3.1901603512158663,42.34140627084033],[3.190154074720765,42.34141758008545],[3.1901509364732137,42.34143680580214],[3.190154074720765,42.34144359134921],[3.1901619203396416,42.34144585319824],[3.190190164567599,42.34144585319824],[3.190218408795556,42.34144698412275],[3.190229392661984,42.34144811504726],[3.19023410003331,42.34144811504726],[3.1902372382808606,42.34144698412275],[3.1902325309095345,42.341440198575675],[3.1902246852906573,42.34143341302861],[3.1902058558053525,42.34141418731191],[3.1901917336913743,42.34139835436875],[3.1901776115773957,42.34138252142559]]],[[[3.316182958113113,42.3173922197614],[3.316179819865562,42.317391088836885],[3.316164128627808,42.317391088836885],[3.3161468682662787,42.3173922197614],[3.3161217622858725,42.31740013623298],[3.3161107784194446,42.31740692178005],[3.316099794553017,42.31741257640261],[3.31609194893414,42.317417100100656],[3.3160856724390384,42.31742275472321],[3.3160825341914877,42.31742954027028],[3.316084103315263,42.31743293304382],[3.3160872415628138,42.31743519489284],[3.3161060710481185,42.317436325817354],[3.3161264696571986,42.31743406396833],[3.3161421608949526,42.31743293304382],[3.3161578521327066,42.31742954027028],[3.3161719742466853,42.31742501657224],[3.3161813889893375,42.317417100100656],[3.3161813889893375,42.317409183629074],[3.3161813889893375,42.317402398082],[3.316182958113113,42.31739448161042],[3.316182958113113,42.3173922197614]]],[[[3.1748,42.3551],[3.1747,42.3551],[3.1747,42.3552],[3.1748,42.3552],[3.1748,42.3551]]],[[[3.1647,42.3622],[3.1647,42.3623],[3.1648,42.3623],[3.1648,42.3622],[3.1647,42.3622]]],[[[3.309253707520959,42.31257448134206],[3.3092458619020824,42.312572219493035],[3.309233308911879,42.31257335041755],[3.309222325045451,42.3125778741156],[3.3092050646839217,42.312590314285224],[3.3091878043223923,42.31260388537936],[3.3091752513321895,42.31261293277545],[3.3091674057133122,42.31262198017155],[3.3091674057133122,42.312628765718614],[3.309176820455965,42.31263894403922],[3.3091830969510663,42.31264233681276],[3.309190942569943,42.31264233681276],[3.3091987881888203,42.31263894403922],[3.309217617674125,42.31262537294508],[3.309238016283205,42.312608409077406],[3.3092584148922852,42.312590314285224],[3.3092599840160606,42.31258239781364],[3.309253707520959,42.31257448134206]]],[[[3.3089,42.2925],[3.3088,42.2925],[3.3088,42.2926],[3.3089,42.2926],[3.3089,42.2925]]],[[[3.1553,42.395],[3.1553,42.3949],[3.1552,42.395],[3.1553,42.395]]],[[[3.1623,42.4045],[3.1622,42.4045],[3.1623,42.4046],[3.1623,42.4045]]],[[[3.232498448923632,42.35050795130954],[3.2325204166564876,42.35047063080066],[3.2325078636662847,42.350472892649684],[3.2324953106760814,42.35047402357419],[3.232485895933429,42.3504751544987],[3.2324764811907767,42.35047628542322],[3.2324654973243487,42.350483070970284],[3.2324592208292473,42.350492118366375],[3.232446667839044,42.35050795130954],[3.232435683972616,42.3505237842527],[3.232441960467718,42.350538486271354],[3.232446667839044,42.35054414089391],[3.2324529443341454,42.350548664591955],[3.2324592208292473,42.350548664591955],[3.232478050314552,42.35053509349782],[3.2324843268096535,42.35052943887526],[3.232498448923632,42.35050795130954]]],[[[3.224244857865043,42.23718026785294],[3.2242275975035137,42.23718026785294],[3.2242119062657597,42.237187053400014],[3.224197784151781,42.23720062449415],[3.2241946459042303,42.237206279116705],[3.2241962150280057,42.23721306466378],[3.224200922399332,42.23721871928633],[3.224208768018209,42.237224373908894],[3.224219751884637,42.23723115945596],[3.22423230487484,42.23723794500303],[3.224247996112594,42.23723794500303],[3.224260549102797,42.23722776668243],[3.224271532969225,42.23721758836182],[3.224274671216776,42.23721080281475],[3.2242731020930004,42.23720288634317],[3.224265256474123,42.23719270802257],[3.224255841731471,42.23718479155099],[3.224244857865043,42.23718026785294]]],[[[3.1693443552114475,42.4189729903162],[3.1693365095925707,42.41897072846717],[3.169330233097469,42.4189729903162],[3.1693145418597153,42.418984299561316],[3.1692988506219613,42.41899673973094],[3.169286297631758,42.41900352527801],[3.16927531376533,42.41901031082508],[3.1692564842800253,42.41901822729666],[3.1692486386611485,42.419022750994706],[3.1692423621660466,42.41902840561727],[3.169239223918496,42.41903519116433],[3.16923451654717,42.419043107635915],[3.169251776908699,42.41904650040945],[3.1692800211366565,42.419040845786895],[3.169306696240838,42.419034060239824],[3.1693098344883888,42.4190317983908],[3.1693098344883888,42.419023881919216],[3.169311403612164,42.41901709637215],[3.1693208183548167,42.419012572674106],[3.169330233097469,42.419006918051544],[3.1693396478401215,42.41899447788192],[3.1693443552114475,42.41898203771229],[3.169345924335223,42.418977514014244],[3.1693443552114475,42.4189729903162]]],[[[3.1651,42.3723],[3.165,42.3723],[3.165,42.3724],[3.1651,42.3724],[3.1651,42.3723]]],[[[3.1634,42.4038],[3.1635,42.4038],[3.1634,42.4038],[3.1634,42.4039],[3.1634,42.4038]]],[[[3.223,42.2366],[3.223,42.2367],[3.2231,42.2367],[3.2231,42.2366],[3.223,42.2366]]],[[[3.1373,42.1248],[3.1372,42.1248],[3.1372,42.1249],[3.1373,42.1249],[3.1373,42.1248]]],[[[3.2846576923416086,42.26179370892301],[3.2846090495045717,42.26176543581022],[3.2845980656381437,42.26176543581022],[3.2845917891430423,42.261768828583754],[3.2845713905339617,42.26177900690436],[3.284574528781513,42.26178805430045],[3.284579236152839,42.26179483984752],[3.284599634761919,42.26181406556422],[3.2846168951234485,42.26182085111129],[3.284631017237427,42.261825374809334],[3.284645139351406,42.26182085111129],[3.2846529849702826,42.26181745833775],[3.284665537960486,42.26180954186617],[3.284665537960486,42.2618027563191],[3.2846576923416086,42.26179370892301]]],[[[3.3183,42.3154],[3.3183,42.3155],[3.3183,42.3154],[3.3184,42.3154],[3.3183,42.3154]]],[[[3.1924,42.2408],[3.1923,42.2408],[3.1924,42.2408],[3.1924,42.2409],[3.1924,42.2408]]],[[[3.163513491262072,42.4037405680697],[3.163502507395644,42.403736044371655],[3.16348681615789,42.4037405680697],[3.163471124920136,42.40375074639031],[3.163461710177484,42.40375866286189],[3.163458571929933,42.403766579333464],[3.163461710177484,42.40377675765407],[3.16346641754881,42.40378580505016],[3.163474263167687,42.40379711429528],[3.163482108786564,42.4038084235404],[3.1635009382718686,42.40380729261589],[3.1635119221382966,42.403793721521744],[3.1635213368809487,42.4037790195031],[3.163529182499826,42.403764317484445],[3.163529182499826,42.40375640101286],[3.1635244751284994,42.40374848454128],[3.163513491262072,42.4037405680697]]],[[[3.1525,42.12],[3.1524,42.12],[3.1524,42.1201],[3.1525,42.1201],[3.1525,42.12]]],[[[3.2591500162487526,42.335177138630534],[3.2591374632585497,42.335176007706025],[3.2591264793921217,42.33518166232858],[3.2591202028970203,42.33518957880016],[3.2591202028970203,42.33519862619626],[3.2591249102683464,42.33521559006393],[3.2591374632585497,42.335232553931604],[3.259151585372528,42.33524386317672],[3.259167276610282,42.33524951779928],[3.25917826047671,42.33524951779928],[3.2591861060955867,42.33524612502574],[3.2591861060955867,42.335240470403185],[3.2591861060955867,42.33523481578062],[3.2591861060955867,42.33522576838453],[3.2591861060955867,42.33521672098844],[3.259182967848036,42.33519862619626],[3.259170414857833,42.33518957880016],[3.25915786186763,42.33518053140407],[3.2591500162487526,42.335177138630534]]],[[[3.2901,42.3047],[3.2901,42.3048],[3.2902,42.3048],[3.2902,42.3047],[3.2901,42.3047]]],[[[3.1733,42.4333],[3.1733,42.4334],[3.1734,42.4334],[3.1733,42.4334],[3.1733,42.4333]]],[[[3.315,42.315],[3.315,42.3151],[3.3151,42.3151],[3.315,42.3151],[3.315,42.315]]],[[[3.2918474174804784,42.29558573332908],[3.291830157118949,42.29558573332908],[3.2917956363958902,42.29559025702712],[3.2917799451581367,42.295595911649684],[3.2917642539203826,42.29560156627224],[3.2917626847966073,42.295606089970285],[3.2917673921679333,42.29560948274382],[3.291778376034361,42.295614006441866],[3.291789359900789,42.2956173992154],[3.2917924981483395,42.29562305383796],[3.291797205519666,42.29562983938503],[3.2918128967574196,42.29563210123405],[3.2918285879951736,42.29562983938503],[3.2918505557280295,42.29562079198894],[3.291866246965783,42.29561061366833],[3.2918756617084357,42.295603828121266],[3.291885076451088,42.29559364980066],[3.2918835073273125,42.29559025702712],[3.2918787999559864,42.2955879951781],[3.2918631087182324,42.29558573332908],[3.2918474174804784,42.29558573332908]]],[[[3.3114049762170286,42.32517863502364],[3.311393992350601,42.32517184947657],[3.3113814393603977,42.325174111325595],[3.31137045549397,42.32517750409913],[3.311362609875093,42.325183158721686],[3.3113500568848897,42.32519220611778],[3.3113375038946864,42.325201253513875],[3.3113327965233603,42.32520690813643],[3.3113280891520342,42.3252136936835],[3.311326520028259,42.32521821738155],[3.311335934770911,42.32522839570215],[3.3113484877611143,42.32523178847568],[3.3113547642562158,42.325230657551174],[3.3113798702366224,42.32522839570215],[3.311393992350601,42.32522274107959],[3.311406545340804,42.32521934830606],[3.311414390959681,42.325209169985456],[3.3114159600834565,42.325202384438384],[3.311417529207232,42.32519220611778],[3.3114159600834565,42.32518768241973],[3.3114049762170286,42.32517863502364]]],[[[3.1571,42.3958],[3.157,42.3959],[3.1571,42.3959],[3.1571,42.3958]]],[[[3.1711,42.4167],[3.171,42.4167],[3.171,42.4168],[3.1711,42.4168],[3.1711,42.4167]]],[[[3.2264792901212087,42.35040164440545],[3.226469875378556,42.35040051348094],[3.2264573223883533,42.35040051348094],[3.2264416311505992,42.350397120707406],[3.226425939912845,42.35040390625448],[3.2264118177988665,42.35041069180154],[3.2264008339324386,42.350416346424105],[3.226392988313562,42.350424262895686],[3.2263914191897864,42.35042878659373],[3.226394557437337,42.35043217936727],[3.226405541303765,42.35043896491433],[3.2264228016652945,42.35044235768787],[3.2264479076457007,42.35044235768787],[3.2264730136261073,42.35043896491433],[3.226488704863861,42.35043444121629],[3.2265028269778395,42.350425393820196],[3.2265028269778395,42.35042087012215],[3.226501257854064,42.350416346424105],[3.226496550482738,42.35040956087703],[3.226488704863861,42.35040503717899],[3.2264792901212087,42.35040164440545]]],[[[3.292122014141173,42.29948742289403],[3.2921031846558684,42.29948629196952],[3.292081216923013,42.29948855381855],[3.2920670948090343,42.299494208441104],[3.2920561109426063,42.29950438676171],[3.292054541818831,42.2995134341578],[3.2920608183139324,42.29952021970487],[3.292070233056585,42.29952700525194],[3.292081216923013,42.299529267100965],[3.2921000464083177,42.299530398025475],[3.292117306769847,42.299529267100965],[3.2921345671313764,42.29952587432743],[3.2921486892453546,42.29952021970487],[3.292156534864232,42.2995134341578],[3.292165949606884,42.29950438676171],[3.2921596731117826,42.29949873213915],[3.2921439818740286,42.299493077516594],[3.2921329980076006,42.29948968474306],[3.292122014141173,42.29948742289403]]],[[[3.2917438553113025,42.279508510472425],[3.2917375788162007,42.279505117698896],[3.2917218875784466,42.279507379547915],[3.2917077654644684,42.27950964139694],[3.2916967815980405,42.27951755786852],[3.2916810903602864,42.279535652660705],[3.2916653991225324,42.279554878377404],[3.2916622608749817,42.279565056698004],[3.291666968246308,42.27957523501861],[3.2916763829889604,42.27957975871666],[3.2916857977316125,42.27957862779215],[3.2917124728357945,42.27956618762252],[3.2917360096924253,42.27954696190582],[3.291745424435078,42.27953112896266],[3.2917469935588533,42.2795152960195],[3.2917438553113025,42.279508510472425]]],[[[3.1651924537017466,42.39978120135465],[3.165181469835319,42.39978007043014],[3.165170485968891,42.39978120135465],[3.1651516564835864,42.39978007043014],[3.1651328269982817,42.39978120135465],[3.1651218431318537,42.39978798690172],[3.1651155666367523,42.39979816522233],[3.1651108592654262,42.39980495076939],[3.165109290141651,42.399811736316465],[3.165109290141651,42.399820783712556],[3.165113997512977,42.39982756925963],[3.165145379988485,42.3998343548067],[3.165161071226239,42.39982983110865],[3.1651767624639926,42.3998253074106],[3.1651877463304205,42.39981739093902],[3.165194022825522,42.39980495076939],[3.1651987301968485,42.39979137967526],[3.165197161073073,42.399784594128185],[3.1651924537017466,42.39978120135465]]],[[[3.1636217608025743,42.403585631411616],[3.163613915183697,42.40358336956259],[3.163609207812371,42.4035845004871],[3.1635950856983923,42.40360259527929],[3.163584101831965,42.403624082845006],[3.163573117965537,42.40364557041073],[3.163569979717986,42.40365801058036],[3.163573117965537,42.403670450749985],[3.1635825327081895,42.40367384352352],[3.1635919474508416,42.403671581674494],[3.163617053431248,42.403651225033286],[3.1636374520403283,42.40362634469403],[3.1636421594116544,42.403615035448915],[3.1636421594116544,42.403604857128315],[3.1636374520403283,42.40359807158124],[3.163629606421451,42.40359128603417],[3.1636217608025743,42.403585631411616]]],[[[3.1855612494301773,42.34386942442656],[3.1855471273161986,42.34386716257753],[3.1855314360784446,42.34386942442656],[3.185514175716915,42.34387168627558],[3.185504760974263,42.343872817200086],[3.185501622726712,42.343872817200086],[3.185501622726712,42.34387507904911],[3.1855063300980384,42.34388073367167],[3.18551260659314,42.34388751921874],[3.1855204522120166,42.343890911992276],[3.1855345743259953,42.343901090312876],[3.185548696439974,42.343911268633484],[3.185564387677728,42.34391579233153],[3.1855816480392574,42.343920316029575],[3.1855863554105834,42.34392710157665],[3.1855910627819095,42.34393388712372],[3.185600477524562,42.34393954174627],[3.1856098922672147,42.34393954174627],[3.185616168762316,42.34393501804823],[3.185620876133642,42.34393049435018],[3.185616168762316,42.343919185105065],[3.1856067540196635,42.34390900678446],[3.1855863554105834,42.34388751921874],[3.185575371544156,42.34387847182265],[3.1855612494301773,42.34386942442656]]],[[[3.1634444498159544,42.403978062217135],[3.1634381733208525,42.40397580036811],[3.1634303277019757,42.40397693129262],[3.1634240512068743,42.403980324066154],[3.163416205587997,42.4039848477642],[3.1634083599691203,42.403988240537736],[3.16338796136004,42.40399615700932],[3.163391099607591,42.404006335329925],[3.1633926687313663,42.404016513650525],[3.1633973761026923,42.40402669197113],[3.1634099290928956,42.404035739367224],[3.1634209129593236,42.40404139398978],[3.163431896825751,42.404043655838805],[3.1634444498159544,42.40404139398978],[3.163458571929933,42.404034608442714],[3.163463279301259,42.40402782289564],[3.1634648484250345,42.40402103734857],[3.1634648484250345,42.404006335329925],[3.163458571929933,42.40399050238676],[3.163452295434831,42.40398371683969],[3.1634444498159544,42.403978062217135]]],[[[3.2609,42.3405],[3.2608,42.3406],[3.2609,42.3406],[3.2609,42.3405]]],[[[3.1705,42.417],[3.1705,42.4171],[3.1706,42.4171],[3.1706,42.417],[3.1705,42.417]]],[[[3.2919,42.2999],[3.292,42.2999],[3.2919,42.2999],[3.292,42.2999],[3.2919,42.2999]]],[[[3.2843,42.2611],[3.2842,42.2611],[3.2842,42.2612],[3.2843,42.2612],[3.2843,42.2611]]],[[[3.1741,42.3553],[3.1741,42.3554],[3.174,42.3554],[3.1741,42.3554],[3.1742,42.3554],[3.1741,42.3554],[3.1741,42.3553]]],[[[3.3242,42.3223],[3.3241,42.3223],[3.3241,42.3224],[3.3242,42.3223]]],[[[3.164834693480956,42.39055398826466],[3.16482998610963,42.39055172641563],[3.164819002243202,42.39055172641563],[3.16480958750055,42.390556250113676],[3.164803311005448,42.39056190473624],[3.1648017418816727,42.39056755935879],[3.164814294871876,42.39059243969805],[3.1648268478620794,42.39061732003731],[3.16482998610963,42.390632022055954],[3.164834693480956,42.39064672407461],[3.164840969976058,42.390648985923626],[3.1648566612138116,42.39064333130107],[3.1648629377089135,42.390638807603025],[3.164866075956464,42.39063428390498],[3.1648676450802395,42.39061845096182],[3.1648676450802395,42.390603748943164],[3.164864506832689,42.390582261377446],[3.16485038471871,42.39056869028331],[3.164834693480956,42.39055398826466]]],[[[3.3156,42.3142],[3.3156,42.3143],[3.3157,42.3143],[3.3157,42.3142],[3.3156,42.3142]]],[[[3.1746291640869853,42.355188847862976],[3.174596212487702,42.35518771693847],[3.174582090373723,42.355200157108094],[3.1745679682597445,42.35521259727772],[3.1745632608884184,42.35521825190028],[3.174561691764643,42.35522843022088],[3.1745632608884184,42.35523295391893],[3.1745679682597445,42.355236346692465],[3.174593074240151,42.35523860854149],[3.1746181802205573,42.355236346692465],[3.1746385788296374,42.355236346692465],[3.174658977438718,42.35523295391893],[3.1746652539338194,42.355227299296374],[3.1746652539338194,42.35521485912675],[3.1746574083149426,42.35520468080614],[3.174643286200964,42.35519676433456],[3.1746291640869853,42.355188847862976]]],[[[3.292294617756467,42.2994546260832],[3.2922820647662636,42.2994546260832],[3.2922412675481034,42.29945801885673],[3.292200470329943,42.29946819717734],[3.292181640844638,42.29947611364892],[3.292165949606884,42.29948629196952],[3.2921706569782105,42.29949533936561],[3.2921785025970873,42.29949873213915],[3.2921957629586167,42.299503255837195],[3.292213023320146,42.29949986306366],[3.2922287145579,42.29949647029013],[3.2922538205383063,42.29948968474306],[3.2922773573949375,42.299482899195986],[3.2922899103851404,42.29948063734697],[3.292304032499119,42.29947837549794],[3.2923118781179963,42.29947045902636],[3.292308739870445,42.29946028070576],[3.292294617756467,42.2994546260832]]],[[[3.1649,42.401],[3.1649,42.4011],[3.165,42.4011],[3.1649,42.401]]],[[[3.163447588063505,42.363893573828626],[3.1634444498159544,42.36388905013058],[3.1634397424446283,42.363885657357045],[3.1634240512068743,42.36388226458351],[3.1634083599691203,42.36388226458351],[3.16338796136004,42.363881133659],[3.1633659936271843,42.36388000273448],[3.1633377493992274,42.36387887180997],[3.1633110742950454,42.36387887180997],[3.1632985213048426,42.36388000273448],[3.1632875374384146,42.36388339550802],[3.1632875374384146,42.363886788281555],[3.1632906756859653,42.36389018105509],[3.1633016595523933,42.36389018105509],[3.163312643418821,42.36389018105509],[3.1633346111516767,42.363894704753136],[3.1633503023894307,42.36390262122472],[3.1633659936271843,42.36390940677179],[3.1633895304838155,42.36391845416788],[3.1634146364642217,42.363924108790435],[3.1634240512068743,42.363924108790435],[3.163435035073302,42.3639207160169],[3.163442880692179,42.36391279954532],[3.163447588063505,42.36390375214923],[3.163447588063505,42.363893573828626]]],[[[3.2906266391832197,42.30669480480635],[3.290615655316792,42.306688019259276],[3.2905999640790378,42.30669141203281],[3.2905874110888345,42.306698197579884],[3.290570150727305,42.306707244975975],[3.2905544594895515,42.306717423296575],[3.2905513212420003,42.30672533976816],[3.290556028613327,42.306734387164255],[3.2905623051084283,42.30674117271132],[3.2905685816035297,42.30675022010741],[3.2905732889748562,42.30675474380546],[3.290581134593733,42.30675700565448],[3.290596825831487,42.30675587472997],[3.290615655316792,42.30674682733388],[3.2906297774307705,42.306737779937784],[3.2906391921734226,42.3067298634662],[3.290643899544749,42.30671855422109],[3.290640761297198,42.30671176867402],[3.290640761297198,42.30671063774951],[3.2906344848020965,42.30670385220244],[3.2906266391832197,42.30669480480635]]],[[[3.1675,42.3691],[3.1675,42.3692],[3.1676,42.3692],[3.1675,42.3692],[3.1675,42.3691]]],[[[3.2846,42.2609],[3.2846,42.2608],[3.2845,42.2608],[3.2845,42.2609],[3.2846,42.2609]]],[[[3.3004,42.3059],[3.3003,42.3059],[3.3003,42.306],[3.3003,42.3059],[3.3004,42.3059]]],[[[3.1364,42.1267],[3.1364,42.1268],[3.1365,42.1268],[3.1364,42.1268],[3.1364,42.1267]]],[[[3.1864399587443994,42.34918024593294],[3.1864274057541966,42.34916441298978],[3.186394454154913,42.34917459131039],[3.186370917298282,42.34919042425355],[3.186366209926956,42.349194947951595],[3.186358364308079,42.34920625719671],[3.1863552260605283,42.349214173668294],[3.1863552260605283,42.34921982829085],[3.1863567951843037,42.349225482913404],[3.186363071679405,42.34923000661145],[3.1863693481745066,42.349232268460476],[3.18638190116471,42.349232268460476],[3.1864038688975653,42.349232268460476],[3.186417991011544,42.34922887568694],[3.1864242675066454,42.34922661383792],[3.1864352513730734,42.34921869736634],[3.186438389620624,42.3492153045928],[3.1864462352395013,42.34920060257415],[3.1864462352395013,42.349194947951595],[3.18644309699195,42.349185900555504],[3.1864399587443994,42.34918024593294]]],[[[3.2619,42.3396],[3.2618,42.3396],[3.2618,42.3397],[3.2619,42.3397],[3.2619,42.3396]]],[[[3.2156,42.3495],[3.2155,42.3495],[3.2155,42.3496],[3.2156,42.3496],[3.2157,42.3496],[3.2157,42.3495],[3.2156,42.3495]]],[[[3.238483087002997,42.347664807087426],[3.2384517045274888,42.3476625452384],[3.2384250294233072,42.347667068936445],[3.2383795248338205,42.34767498540803],[3.238373248338719,42.3476817709551],[3.2383701100911684,42.347687425577654],[3.238368540967393,42.347694211124725],[3.2383701100911684,42.347696472973745],[3.23837638658627,42.34771004406789],[3.238393646947799,42.34771909146398],[3.238403061690452,42.34771909146398],[3.238420322051981,42.34771569869044],[3.2384250294233072,42.34771230591691],[3.2384407206610613,42.347703258520816],[3.2384611192701414,42.347694211124725],[3.238479948755446,42.34769081835119],[3.2384893634980982,42.347687425577654],[3.238490932621874,42.34767950910607],[3.2384862252505475,42.34767046170998],[3.238483087002997,42.347664807087426]]],[[[3.1661,42.4139],[3.166,42.4138],[3.166,42.4139],[3.1661,42.4139]]],[[[3.279289719905975,42.3371460782052],[3.279303842019954,42.337141554507156],[3.2793069802675046,42.33713589988459],[3.279300703772403,42.33712459063948],[3.2792881507822,42.337113281394366],[3.2792818742870984,42.337106495847294],[3.279272459544446,42.33709971030022],[3.2792599065542425,42.337096317526694],[3.2792473535640396,42.3370974484512],[3.2792316623262856,42.33710084122474],[3.279217540212307,42.337105364922785],[3.2792081254696543,42.33710875769632],[3.279197141603227,42.33711101954534],[3.2791798812416975,42.33712911433753],[3.2791845886130235,42.337133638035574],[3.2791892959843496,42.33713816173362],[3.2791955724794515,42.337142685431665],[3.2792096945934297,42.3371460782052],[3.2792238167074084,42.3371460782052],[3.2792363696976117,42.33714494728069],[3.279248922687815,42.337142685431665],[3.279261475678018,42.337143816356175],[3.2792755977919965,42.3371460782052],[3.279289719905975,42.3371460782052]]],[[[3.1691,42.3584],[3.169,42.3585],[3.1691,42.3585],[3.1691,42.3584]]],[[[3.2073,42.346],[3.2074,42.346],[3.2074,42.3461],[3.2075,42.3461],[3.2075,42.346],[3.2074,42.346],[3.2073,42.346]]],[[[3.2266,42.3505],[3.2265,42.3505],[3.2265,42.3506],[3.2266,42.3505],[3.2266,42.3506],[3.2266,42.3505]]],[[[3.2806,42.2761],[3.2805,42.2761],[3.2805,42.2762],[3.2806,42.2762],[3.2806,42.2761]]],[[[3.22389808151068,42.2369031913476],[3.2238855285204773,42.23690206042309],[3.223861991663846,42.23690545319663],[3.2238541460449692,42.23690997689467],[3.2238510077974185,42.23691563151723],[3.2238510077974185,42.236926940762345],[3.2238510077974185,42.23693938093197],[3.2238510077974185,42.236955213875135],[3.2238510077974185,42.23696991589379],[3.2238557151687446,42.23697557051634],[3.223865129911397,42.23697670144086],[3.2238823902729266,42.23697557051634],[3.223899650634456,42.236973308667324],[3.2239184801197607,42.236954082950625],[3.2239231874910868,42.23693938093197],[3.223927894862413,42.236925809837835],[3.2239263257386375,42.236917893366254],[3.223913772748434,42.23690997689467],[3.22389808151068,42.2369031913476]]],[[[3.1689,42.4303],[3.1688,42.4303],[3.1687,42.4303],[3.1687,42.4304],[3.1688,42.4304],[3.1688,42.4303],[3.1689,42.4303]]],[[[3.1236,42.1367],[3.1235,42.1368],[3.1236,42.1368],[3.1236,42.1367]]],[[[3.1641,42.1142],[3.1642,42.1142],[3.1642,42.1141],[3.1641,42.1141],[3.1641,42.1142],[3.1641,42.1141],[3.1641,42.1142]]],[[[3.1902,42.3402],[3.1901,42.3403],[3.1902,42.3403],[3.1902,42.3402]]],[[[3.3122,42.3126],[3.3121,42.3126],[3.3121,42.3127],[3.3122,42.3127],[3.3122,42.3126]]],[[[3.2797,42.3332],[3.2796,42.3332],[3.2797,42.3332],[3.2798,42.3332],[3.2797,42.3332]]],[[[3.1759378133156666,42.35506444616671],[3.1759268294492387,42.35506218431768],[3.175907999963934,42.35506218431768],[3.175887601354854,42.35506105339317],[3.175868771869549,42.35506218431768],[3.1758389585178164,42.35506218431768],[3.175826405527613,42.35506218431768],[3.1758154216611856,42.35506331524219],[3.1758154216611856,42.35506896986475],[3.1758185599087363,42.35507575541182],[3.1758232672800624,42.355078017260844],[3.1758311128989396,42.35508027910986],[3.1758342511464903,42.35508141003438],[3.1758499423842443,42.35509045743047],[3.175853080631795,42.35509498112852],[3.1758656336219984,42.355105159449124],[3.1758797557359766,42.355114206845215],[3.1758860322310785,42.35511759961875],[3.1758938778499552,42.35511986146777],[3.175903292592608,42.3551221233168],[3.17591270733526,42.35511986146777],[3.175923691201688,42.35510968314717],[3.1759315368205647,42.35509837390205],[3.175939382439442,42.355088195581445],[3.175944089810768,42.355078017260844],[3.175944089810768,42.35507123171377],[3.1759378133156666,42.35506444616671]]],[[[3.1857,42.3462],[3.1858,42.3462],[3.1859,42.3462],[3.1859,42.3461],[3.1858,42.3461],[3.1857,42.3461],[3.1857,42.3462]]],[[[3.2917,42.2988],[3.2916,42.2988],[3.2915,42.2988],[3.2916,42.2988],[3.2917,42.2988]]],[[[3.1635982239459435,42.3644873091972],[3.163573117965537,42.36448617827269],[3.1635448737375795,42.36448844012172],[3.163502507395644,42.364492963819764],[3.1634883852816653,42.36449974936683],[3.1634852470341146,42.3645065349139],[3.1634836779103392,42.364509927687436],[3.1634726940439113,42.36451897508353],[3.16346641754881,42.36452689155511],[3.16346641754881,42.364531415253154],[3.1634758322914625,42.36453367710218],[3.163482108786564,42.36453480802669],[3.163502507395644,42.36453480802669],[3.1635166295096226,42.364531415253154],[3.1635307516236013,42.364529153404135],[3.1635511502326814,42.364529153404135],[3.163558995851558,42.36452802247962],[3.1635825327081895,42.36452123693255],[3.1635950856983923,42.36451897508353],[3.163604500441045,42.36451784415902],[3.1636123460599217,42.36450879676293],[3.1636154843074724,42.364502011215855],[3.163617053431248,42.364491832895254],[3.1635982239459435,42.3644873091972]]],[[[3.1829659187056705,42.35266575527764],[3.1829502274679164,42.352663493428615],[3.1829392436014885,42.352664624353125],[3.1829282597350605,42.35266801712666],[3.1829204141161838,42.35267367174922],[3.1829157067448577,42.35268498099433],[3.182909430249756,42.35269515931494],[3.1828953081357776,42.352699683012986],[3.1828796168980236,42.35270420671103],[3.182876478650473,42.35270873040908],[3.182878047774248,42.35271325410712],[3.1828890316406757,42.352718908729685],[3.1829000155071037,42.35272230150322],[3.182910999373531,42.35272343242773],[3.182921983239959,42.35272456335224],[3.1829580730867932,42.35272569427675],[3.1829800408196487,42.35271325410712],[3.1830020085525046,42.352700813937496],[3.1830051468000553,42.35269742116396],[3.1830067159238307,42.35268837376787],[3.1830020085525046,42.352681588220804],[3.182992593809852,42.35267480267373],[3.1829800408196487,42.35267027897569],[3.1829659187056705,42.35266575527764]]],[[[3.1635,42.4035],[3.1634,42.4035],[3.1635,42.4035],[3.1635,42.4036],[3.1636,42.4036],[3.1636,42.4035],[3.1635,42.4035]]],[[[3.3227,42.3226],[3.3227,42.3227],[3.3228,42.3227],[3.3228,42.3226],[3.3227,42.3226]]],[[[3.1934,42.2404],[3.1934,42.2403],[3.1933,42.2403],[3.1933,42.2404],[3.1934,42.2404]]],[[[3.289802849201136,42.306771707673136],[3.289793434458484,42.30676605305057],[3.2897181165172644,42.30677962414472],[3.289700856155735,42.3067875406163],[3.2896835957942057,42.30679545708788],[3.2896773192991042,42.306802242634944],[3.289675750175329,42.306811290031035],[3.2896631971851256,42.30682146835164],[3.289660058937575,42.30682599204969],[3.289660058937575,42.306830515747734],[3.289671042804003,42.306837301294806],[3.2896835957942057,42.306838432219315],[3.289707132650837,42.30683277759676],[3.2897306695074677,42.30682259927615],[3.289751068116548,42.30681242095555],[3.2897698976018526,42.306801111710435],[3.289782450592056,42.3067977189369],[3.289795003582259,42.30679319523885],[3.2898044183249113,42.306783016918246],[3.2898059874486867,42.30677623137118],[3.289802849201136,42.306771707673136]]],[[[3.1665,42.3701],[3.1664,42.3701],[3.1664,42.3702],[3.1665,42.3702],[3.1665,42.3701]]],[[[3.1232,42.1337],[3.1232,42.1336],[3.1231,42.1336],[3.1231,42.1337],[3.1232,42.1337]]],[[[3.1387,42.1216],[3.1386,42.1216],[3.1386,42.1217],[3.1387,42.1217],[3.1387,42.1216],[3.1388,42.1216],[3.1387,42.1216]]],[[[3.1864,42.3471],[3.1865,42.3471],[3.1865,42.347],[3.1864,42.347],[3.1864,42.3471]]],[[[3.1666,42.3699],[3.1665,42.3699],[3.1665,42.37],[3.1666,42.3699]]],[[[3.1567,42.3953],[3.1566,42.3953],[3.1567,42.3953],[3.1567,42.3954],[3.1568,42.3954],[3.1568,42.3953],[3.1567,42.3953]]],[[[3.1235,42.1353],[3.1234,42.1353],[3.1234,42.1354],[3.1235,42.1354],[3.1235,42.1353]]],[[[3.1763,42.3546],[3.1764,42.3546],[3.1764,42.3547],[3.1764,42.3546],[3.1763,42.3546]]],[[[3.2272,42.2497],[3.2271,42.2497],[3.2272,42.2498],[3.2272,42.2497]]],[[[3.2634,42.2375],[3.2634,42.2376],[3.2635,42.2375],[3.2634,42.2375]]],[[[3.3011,42.3045],[3.301,42.3045],[3.301,42.3046],[3.301,42.3045],[3.3011,42.3045]]],[[[3.220416195853074,42.23586726449499],[3.2203863825013417,42.23586274079695],[3.2203738295111384,42.23586387172146],[3.220364414768486,42.23586952634402],[3.220361276520935,42.23587857374011],[3.220365983892261,42.23589553760778],[3.2203738295111384,42.235911370550944],[3.220381675130015,42.23592833441862],[3.220387951625117,42.23593511996569],[3.220395797243994,42.235938512739224],[3.220408350234197,42.235939643663734],[3.2204193341006246,42.235939643663734],[3.220447578328582,42.23592946534313],[3.220452285699908,42.235910239626435],[3.2204569930712346,42.235891013909736],[3.220455423947459,42.23588535928718],[3.2204460092048066,42.23587970466462],[3.2204334562146033,42.235874050042064],[3.220416195853074,42.23586726449499]]],[[[3.2962,42.2901],[3.2961,42.2901],[3.296,42.2901],[3.2961,42.2901],[3.2962,42.2901]]],[[[3.190309417974529,42.340265168008145],[3.190301572355652,42.340265168008145],[3.190290588489224,42.34026856078168],[3.1902796046227966,42.340273084479726],[3.1902529295186146,42.34028552464935],[3.190230961785759,42.340301357592516],[3.190210563176679,42.34031605961116],[3.1902058558053525,42.34032510700726],[3.190210563176679,42.34033528532786],[3.190226254414433,42.34034433272395],[3.1902356691570852,42.34034659457298],[3.1902435147759625,42.34034659457298],[3.190259206013716,42.34034320179944],[3.190281173746572,42.340331892554325],[3.1903031414794274,42.34031719053568],[3.190317263593406,42.34030475036605],[3.190325109212283,42.34029117927191],[3.1903235400885075,42.34028326280033],[3.1903156944696307,42.34026969170619],[3.190309417974529,42.340265168008145]]],[[[3.1608,42.4049],[3.1609,42.4049],[3.1608,42.4048],[3.1608,42.4049],[3.1607,42.4049],[3.1608,42.4049]]],[[[3.1935,42.2404],[3.1935,42.2405],[3.1934,42.2405],[3.1935,42.2405],[3.1935,42.2404]]],[[[3.1704,42.4171],[3.1703,42.4171],[3.1703,42.4172],[3.1704,42.4172],[3.1704,42.4171]]],[[[3.3088,42.2905],[3.3088,42.2906],[3.3089,42.2906],[3.3089,42.2905],[3.3088,42.2905]]],[[[3.1691,42.4222],[3.169,42.4222],[3.169,42.4223],[3.1691,42.4223],[3.1691,42.4222]]],[[[3.2954,42.295],[3.2953,42.2951],[3.2954,42.2951],[3.2954,42.295]]],[[[3.2923,42.2999],[3.2922,42.2999],[3.2921,42.2999],[3.2922,42.2999],[3.2923,42.2999]]],[[[3.3117,42.3255],[3.3117,42.3254],[3.3116,42.3254],[3.3116,42.3255],[3.3117,42.3255]]],[[[3.3207,42.3238],[3.3208,42.3238],[3.3207,42.3238],[3.3206,42.3238],[3.3207,42.3239],[3.3207,42.3238]]],[[[3.1237,42.1355],[3.1237,42.1354],[3.1237,42.1355],[3.1236,42.1355],[3.1237,42.1355],[3.1238,42.1355],[3.1237,42.1355]]],[[[3.283,42.2728],[3.2829,42.2729],[3.283,42.2729],[3.283,42.2728]]],[[[3.2265,42.2376],[3.2264,42.2376],[3.2265,42.2376],[3.2265,42.2377],[3.2265,42.2376]]],[[[3.261,42.3404],[3.2609,42.3404],[3.2608,42.3404],[3.2608,42.3405],[3.2609,42.3405],[3.261,42.3404]]],[[[3.1384,42.1217],[3.1385,42.1217],[3.1384,42.1217],[3.1385,42.1217],[3.1384,42.1217],[3.1384,42.1216],[3.1384,42.1217],[3.1384,42.1218],[3.1384,42.1217]]],[[[3.1645,42.3619],[3.1644,42.3619],[3.1644,42.362],[3.1645,42.3619]]],[[[3.1618,42.4102],[3.1618,42.4103],[3.1619,42.4103],[3.1619,42.4102],[3.1618,42.4102]]],[[[3.1382,42.1224],[3.1382,42.1225],[3.1383,42.1225],[3.1382,42.1224]]],[[[3.2918,42.3031],[3.2917,42.3031],[3.2917,42.3032],[3.2918,42.3032],[3.2918,42.3031]]],[[[3.2972,42.2889],[3.2973,42.2889],[3.2974,42.2889],[3.2974,42.2888],[3.2973,42.2889],[3.2972,42.2889],[3.2972,42.289],[3.2972,42.2889]]],[[[3.2188,42.233],[3.2187,42.233],[3.2187,42.2331],[3.2188,42.2331],[3.2188,42.233]]],[[[3.1613,42.398],[3.1613,42.3981],[3.1614,42.3981],[3.1614,42.3982],[3.1614,42.3981],[3.1613,42.398]]],[[[3.2866,42.2679],[3.2865,42.2679],[3.2865,42.268],[3.2866,42.2679]]],[[[3.1653,42.3903],[3.1653,42.3904],[3.1652,42.3904],[3.1653,42.3904],[3.1654,42.3904],[3.1653,42.3904],[3.1653,42.3903]]],[[[3.1861873298165606,42.344563812076665],[3.1861826224452345,42.344563812076665],[3.186165362083705,42.344564943001174],[3.186152809093502,42.34457512132178],[3.1861512399697265,42.34457851409532],[3.1861512399697265,42.34458869241592],[3.186152809093502,42.344593216113964],[3.186160654712379,42.34460678720811],[3.186168500331256,42.344618096453225],[3.1861716385788066,42.34463053662285],[3.1861716385788066,42.34464410771699],[3.1861700694550312,42.34465089326406],[3.186173207702582,42.344657678811124],[3.1861747768263573,42.34465994066015],[3.1861826224452345,42.344665595282706],[3.1861873298165606,42.344665595282706],[3.1861951754354374,42.34466333343369],[3.186209297549416,42.344656547886615],[3.1862140049207426,42.34465202418857],[3.1862234196633947,42.34464410771699],[3.1862422491486995,42.34462375107578],[3.186243818272475,42.3446158346042],[3.186243818272475,42.34461244183066],[3.186240680024924,42.34460452535908],[3.186235972653598,42.344597739812016],[3.1862187122920687,42.34457512132178],[3.1861873298165606,42.344563812076665]]],[[[3.1838995473520315,42.35136066839127],[3.1838760104954007,42.35135727561774],[3.18385247363877,42.35137423948541],[3.1838446280198927,42.3513923342776],[3.183841489772342,42.35140138167369],[3.1838430588961173,42.35140703629625],[3.183846197143668,42.35140929814527],[3.1838650266289727,42.35142286923941],[3.183869734000299,42.35142513108843],[3.1838838561142775,42.35142965478648],[3.1838948399807054,42.351431916635505],[3.183897978228256,42.351431916635505],[3.1839230842086623,42.351431916635505],[3.183927791579989,42.351431916635505],[3.1839356371988656,42.351431916635505],[3.1839403445701917,42.35142852386197],[3.183943482817743,42.35141947646588],[3.183943482817743,42.35141834554136],[3.183948190189069,42.351376501334435],[3.1839466210652936,42.351369715787364],[3.183937206322641,42.351369715787364],[3.183932498951315,42.351369715787364],[3.1839199459611116,42.35136519208932],[3.1839073929709087,42.35136179931578],[3.1838995473520315,42.35136066839127]]],[[[3.3039,42.3276],[3.3038,42.3276],[3.3038,42.3277],[3.3039,42.3278],[3.3039,42.3277],[3.3039,42.3276]]],[[[3.1645,42.3881],[3.1646,42.3881],[3.1646,42.388],[3.1645,42.388],[3.1645,42.3881]]],[[[3.1655,42.3723],[3.1654,42.3723],[3.1654,42.3724],[3.1655,42.3724],[3.1655,42.3723]]],[[[3.156,42.3783],[3.1561,42.3783],[3.1561,42.3782],[3.156,42.3782],[3.156,42.3783]]],[[[3.1237,42.1368],[3.1236,42.1368],[3.1236,42.1369],[3.1237,42.1369],[3.1237,42.1368]]],[[[3.1571,42.3954],[3.1571,42.3955],[3.1572,42.3955],[3.1572,42.3954],[3.1571,42.3954]]],[[[3.3094,42.2922],[3.3093,42.2922],[3.3093,42.2923],[3.3092,42.2923],[3.3093,42.2923],[3.3093,42.2922],[3.3094,42.2922]]],[[[3.1667,42.3666],[3.1666,42.3666],[3.1666,42.3667],[3.1667,42.3667],[3.1668,42.3667],[3.1668,42.3666],[3.1667,42.3666]]],[[[3.2176,42.3503],[3.2176,42.3502],[3.2175,42.3502],[3.2175,42.3503],[3.2174,42.3503],[3.2175,42.3503],[3.2176,42.3503]]],[[[3.1609,42.1156],[3.1609,42.1155],[3.1608,42.1155],[3.1608,42.1156],[3.1609,42.1156]]],[[[3.1659,42.3692],[3.1659,42.3691],[3.1659,42.3692],[3.1658,42.3692],[3.1659,42.3692]]],[[[3.1249,42.1306],[3.125,42.1306],[3.125,42.1305],[3.1249,42.1305],[3.1249,42.1306],[3.1248,42.1306],[3.1248,42.1307],[3.1249,42.1307],[3.1249,42.1306]]],[[[3.1566,42.3954],[3.1565,42.3954],[3.1566,42.3954],[3.1567,42.3954],[3.1566,42.3954]]],[[[3.1864,42.3486],[3.1863,42.3486],[3.1863,42.3487],[3.1864,42.3487],[3.1864,42.3486]]],[[[3.1689,42.42],[3.1689,42.4199],[3.169,42.4199],[3.1689,42.4199],[3.1689,42.42]]],[[[3.1644,42.4023],[3.1645,42.4023],[3.1644,42.4023],[3.1643,42.4023],[3.1644,42.4023]]],[[[3.1937,42.2405],[3.1937,42.2404],[3.1937,42.2405],[3.1936,42.2405],[3.1935,42.2405],[3.1936,42.2405],[3.1937,42.2405]]],[[[3.1592,42.1181],[3.1592,42.1182],[3.1592,42.1181],[3.1591,42.1181],[3.1591,42.1182],[3.1592,42.1182],[3.1592,42.1181]]],[[[3.2385,42.3441],[3.2384,42.3441],[3.2384,42.3442],[3.2385,42.3442],[3.2385,42.3441]]],[[[3.3059,42.3281],[3.3059,42.3282],[3.306,42.3281],[3.3059,42.3281]]],[[[3.2877,42.2655],[3.2876,42.2655],[3.2876,42.2656],[3.2876,42.2655],[3.2877,42.2655]]],[[[3.1705,42.4172],[3.1704,42.4172],[3.1703,42.4172],[3.1702,42.4172],[3.1702,42.4173],[3.1703,42.4173],[3.1703,42.4172],[3.1704,42.4172],[3.1705,42.4172]]],[[[3.1297,42.1276],[3.1297,42.1275],[3.1296,42.1275],[3.1296,42.1276],[3.1297,42.1276]]],[[[3.2967,42.3304],[3.2967,42.3305],[3.2966,42.3305],[3.2967,42.3305],[3.2967,42.3306],[3.2967,42.3305],[3.2967,42.3304]]],[[[3.1579,42.3966],[3.1578,42.3966],[3.1579,42.3966],[3.1579,42.3967],[3.158,42.3967],[3.158,42.3966],[3.1579,42.3966]]],[[[3.2072,42.2379],[3.2072,42.238],[3.2073,42.238],[3.2074,42.238],[3.2073,42.2379],[3.2072,42.2379]]],[[[3.1619,42.3985],[3.162,42.3985],[3.1619,42.3985],[3.1618,42.3985],[3.1619,42.3985]]],[[[3.1662,42.401],[3.1661,42.401],[3.166,42.401],[3.1661,42.401],[3.1662,42.401]]],[[[3.1622,42.4289],[3.1622,42.429],[3.1623,42.429],[3.1623,42.4289],[3.1622,42.4289]]],[[[3.1788,42.3532],[3.1787,42.3532],[3.1787,42.3533],[3.1788,42.3533],[3.1788,42.3532]]],[[[3.2861,42.2814],[3.286,42.2814],[3.286,42.2815],[3.2861,42.2815],[3.2861,42.2814]]],[[[3.3082,42.3264],[3.3082,42.3265],[3.3082,42.3264],[3.3083,42.3264],[3.3082,42.3264]]],[[[3.1871,42.3492],[3.187,42.3492],[3.1869,42.3492],[3.187,42.3492],[3.1871,42.3492]]],[[[3.299506310628192,42.306985452405826],[3.2994921885142134,42.306979797783264],[3.2994780664002348,42.306977535934244],[3.2994608060387054,42.30697640500973],[3.2994419765534007,42.306977535934244],[3.2994262853156466,42.30698092870777],[3.2994090249541173,42.3069831905568],[3.299394902840139,42.306977535934244],[3.2993807807261604,42.30697301223619],[3.2993666586121817,42.30697188131168],[3.2993556747457538,42.306979797783264],[3.2993603821170803,42.30698997610387],[3.299363520364631,42.30700128534898],[3.2993713659835078,42.30701033274508],[3.299391764592588,42.307017118292144],[3.299415301449219,42.30702164199019],[3.2994451148009514,42.3070318203108],[3.299474928152684,42.307041998631405],[3.2994874811428874,42.307044260480424],[3.2995000341330902,42.307041998631405],[3.299511017999518,42.30703295123531],[3.2995188636183954,42.307022772914706],[3.2995235709897215,42.307013725518615],[3.299525140113497,42.307005809047034],[3.2995188636183954,42.30699449980192],[3.299506310628192,42.306985452405826]]],[[[3.1637,42.4034],[3.1636,42.4034],[3.1636,42.4035],[3.1637,42.4035],[3.1638,42.4035],[3.1638,42.4034],[3.1637,42.4034]]],[[[3.24,42.34],[3.2399,42.34],[3.2398,42.34],[3.2398,42.3401],[3.2399,42.3401],[3.24,42.34]]],[[[3.1673,42.3662],[3.1672,42.3662],[3.1672,42.3663],[3.1673,42.3663],[3.1673,42.3662]]],[[[3.1583,42.3967],[3.1584,42.3967],[3.1583,42.3967],[3.1582,42.3967],[3.1583,42.3967]]],[[[3.2969,42.3045],[3.297,42.3045],[3.297,42.3044],[3.2969,42.3044],[3.2969,42.3045]]],[[[3.317,42.3161],[3.317,42.316],[3.3169,42.316],[3.3168,42.3161],[3.3169,42.3161],[3.317,42.3161]]],[[[3.1659,42.362],[3.166,42.362],[3.166,42.3619],[3.1659,42.3619],[3.1658,42.3619],[3.1658,42.362],[3.1659,42.362]]],[[[3.1825,42.3535],[3.1824,42.3535],[3.1825,42.3535],[3.1825,42.3536],[3.1826,42.3536],[3.1826,42.3535],[3.1825,42.3535]]],[[[3.1673,42.3668],[3.1672,42.3668],[3.1672,42.3669],[3.1673,42.3668]]],[[[3.157,42.3769],[3.1569,42.3769],[3.1569,42.377],[3.157,42.377],[3.157,42.3769]]],[[[3.3019,42.3078],[3.3018,42.3078],[3.3017,42.3078],[3.3018,42.3078],[3.3019,42.3078],[3.302,42.3078],[3.3019,42.3078]]],[[[3.2975,42.3279],[3.2974,42.328],[3.2975,42.328],[3.2976,42.328],[3.2976,42.3279],[3.2975,42.3279]]],[[[3.1366,42.1256],[3.1366,42.1255],[3.1367,42.1255],[3.1366,42.1255],[3.1365,42.1256],[3.1366,42.1256]]],[[[3.1249,42.1305],[3.125,42.1304],[3.1249,42.1304],[3.1249,42.1305]]],[[[3.1666,42.3692],[3.1665,42.3692],[3.1666,42.3692],[3.1666,42.3693],[3.1666,42.3692]]],[[[3.2402,42.3394],[3.2401,42.3394],[3.2401,42.3395],[3.2402,42.3395],[3.2402,42.3394]]],[[[3.264323417336237,42.23756591311139],[3.2642888966131784,42.237561389413344],[3.264276343622975,42.23757156773395],[3.264276343622975,42.237578353281016],[3.264281050994301,42.23759418622418],[3.264290465736954,42.23761793563892],[3.2642936039845045,42.23762132841246],[3.2643281247075633,42.237633768582086],[3.2643657836781728,42.237643946902686],[3.264387751411028,42.23763942320464],[3.2644003044012315,42.23763150673306],[3.2644034426487822,42.237625852110504],[3.264417564762761,42.237607757318315],[3.264425410381638,42.23760210269576],[3.2644316868767396,42.23759418622418],[3.264425410381638,42.23758513882809],[3.264417564762761,42.23758174605455],[3.2643846131634775,42.23757156773395],[3.26437362929705,42.237569305884925],[3.2643438159453173,42.237568174960415],[3.264323417336237,42.23756591311139]]],[[[3.2895,42.3042],[3.2896,42.3042],[3.2896,42.3041],[3.2897,42.3041],[3.2896,42.3041],[3.2895,42.3041],[3.2895,42.3042]]],[[[3.2301,42.2445],[3.2301,42.2446],[3.2302,42.2446],[3.2302,42.2445],[3.2301,42.2445]]],[[[3.1676,42.3677],[3.1676,42.3678],[3.1675,42.3678],[3.1675,42.3679],[3.1676,42.3679],[3.1676,42.3678],[3.1676,42.3677]]],[[[3.1872,42.3492],[3.1871,42.3492],[3.1871,42.3493],[3.1872,42.3493],[3.1873,42.3492],[3.1872,42.3492]]],[[[3.2831,42.2591],[3.2832,42.2591],[3.2832,42.259],[3.2831,42.259],[3.283,42.259],[3.283,42.2591],[3.2831,42.2591]]],[[[3.1827,42.3537],[3.1827,42.3538],[3.1828,42.3538],[3.1828,42.3537],[3.1827,42.3537]]],[[[3.286,42.2815],[3.2859,42.2815],[3.2859,42.2816],[3.286,42.2816],[3.286,42.2815]]],[[[3.2294,42.2406],[3.2293,42.2406],[3.2293,42.2407],[3.2294,42.2407],[3.2294,42.2406]]],[[[3.1793,42.3534],[3.1794,42.3534],[3.1793,42.3533],[3.1792,42.3533],[3.1792,42.3534],[3.1793,42.3534]]],[[[3.192,42.3387],[3.1919,42.3387],[3.192,42.3387],[3.192,42.3388],[3.1921,42.3388],[3.1921,42.3387],[3.192,42.3387]]],[[[3.1651,42.3722],[3.1651,42.3723],[3.1651,42.3724],[3.1652,42.3723],[3.1651,42.3723],[3.1651,42.3722]]],[[[3.2916,42.3031],[3.2916,42.303],[3.2915,42.303],[3.2915,42.3031],[3.2916,42.3031],[3.2917,42.3031],[3.2916,42.3031]]],[[[3.1655,42.3627],[3.1654,42.3627],[3.1653,42.3627],[3.1654,42.3627],[3.1655,42.3627]]],[[[3.2264,42.2429],[3.2263,42.2429],[3.2263,42.243],[3.2262,42.243],[3.2263,42.243],[3.2264,42.243],[3.2264,42.2429]]],[[[3.2398,42.3403],[3.2397,42.3403],[3.2397,42.3404],[3.2398,42.3404],[3.2398,42.3403]]],[[[3.1671,42.3663],[3.1671,42.3664],[3.1672,42.3664],[3.1671,42.3664],[3.1671,42.3663]]],[[[3.1661,42.414],[3.166,42.414],[3.1661,42.414],[3.1661,42.4141],[3.1661,42.414],[3.1662,42.414],[3.1661,42.414]]],[[[3.1848,42.3506],[3.1848,42.3507],[3.1847,42.3507],[3.1848,42.3507],[3.1849,42.3507],[3.1848,42.3507],[3.1848,42.3506]]],[[[3.1704,42.431],[3.1703,42.4311],[3.1703,42.4312],[3.1704,42.4311],[3.1704,42.431]]],[[[3.2871,42.2811],[3.287,42.2811],[3.287,42.2812],[3.2869,42.2812],[3.287,42.2812],[3.287,42.2813],[3.287,42.2812],[3.2871,42.2812],[3.2871,42.2811]]],[[[3.3208,42.3219],[3.3208,42.322],[3.3208,42.3221],[3.3209,42.3221],[3.3209,42.322],[3.3208,42.322],[3.3208,42.3219]]],[[[3.229,42.2436],[3.2289,42.2436],[3.2289,42.2437],[3.229,42.2436]]],[[[3.1677,42.3675],[3.1676,42.3676],[3.1676,42.3677],[3.1676,42.3676],[3.1677,42.3676],[3.1677,42.3675]]],[[[3.1649,42.3882],[3.1648,42.3882],[3.1648,42.3883],[3.1649,42.3883],[3.1649,42.3882],[3.165,42.3882],[3.1649,42.3882]]],[[[3.1632,42.3635],[3.1632,42.3636],[3.1632,42.3637],[3.1633,42.3637],[3.1634,42.3637],[3.1633,42.3637],[3.1633,42.3636],[3.1632,42.3635]]],[[[3.1884,42.3498],[3.1885,42.3498],[3.1885,42.3497],[3.1884,42.3497],[3.1884,42.3498],[3.1883,42.3498],[3.1884,42.3498]]],[[[3.1669,42.3674],[3.1668,42.3674],[3.1668,42.3675],[3.1669,42.3675],[3.1669,42.3674]]],[[[3.3096,42.2908],[3.3095,42.2908],[3.3094,42.2908],[3.3095,42.2908],[3.3096,42.2908]]],[[[3.1674,42.3689],[3.1675,42.3689],[3.1675,42.3688],[3.1676,42.3688],[3.1675,42.3688],[3.1674,42.3688],[3.1674,42.3689],[3.1673,42.3689],[3.1674,42.3689]]],[[[3.1664,42.3699],[3.1664,42.3698],[3.1664,42.3697],[3.1664,42.3698],[3.1663,42.3698],[3.1663,42.3699],[3.1663,42.3698],[3.1664,42.3699]]],[[[3.1651,42.4131],[3.1651,42.4132],[3.165,42.4132],[3.165,42.4133],[3.1651,42.4133],[3.1651,42.4132],[3.1651,42.4131]]],[[[3.3205,42.3198],[3.3204,42.3198],[3.3204,42.3199],[3.3205,42.3199],[3.3205,42.3198]]],[[[3.1927,42.2408],[3.1926,42.2408],[3.1925,42.2409],[3.1926,42.2409],[3.1927,42.2408]]],[[[3.3092,42.2908],[3.3092,42.2907],[3.3093,42.2907],[3.3092,42.2907],[3.3091,42.2907],[3.3091,42.2908],[3.3092,42.2908]]],[[[3.2925,42.3001],[3.2926,42.3001],[3.2926,42.3],[3.2925,42.3],[3.2925,42.3001],[3.2924,42.3001],[3.2923,42.3001],[3.2923,42.3002],[3.2924,42.3002],[3.2925,42.3001]]],[[[3.1238,42.1329],[3.1237,42.1329],[3.1237,42.133],[3.1238,42.133],[3.1238,42.1329]]],[[[3.1859,42.3446],[3.186,42.3446],[3.1861,42.3446],[3.186,42.3446],[3.186,42.3445],[3.1859,42.3445],[3.1858,42.3446],[3.1859,42.3446]]],[[[3.1582,42.3966],[3.1581,42.3966],[3.1581,42.3967],[3.1582,42.3967],[3.1582,42.3966]]],[[[3.2396,42.3404],[3.2395,42.3404],[3.2395,42.3405],[3.2396,42.3405],[3.2396,42.3404]]],[[[3.1856,42.3459],[3.1857,42.3459],[3.1858,42.3459],[3.1858,42.3458],[3.1857,42.3458],[3.1856,42.3458],[3.1855,42.3458],[3.1856,42.3458],[3.1856,42.3459]]],[[[3.1552,42.3909],[3.1551,42.3909],[3.155,42.3909],[3.155,42.391],[3.1551,42.391],[3.1552,42.391],[3.1552,42.3909]]],[[[3.2926,42.3002],[3.2925,42.3003],[3.2924,42.3003],[3.2925,42.3003],[3.2926,42.3003],[3.2927,42.3003],[3.2927,42.3002],[3.2926,42.3002]]],[[[3.1614,42.4044],[3.1614,42.4045],[3.1614,42.4046],[3.1615,42.4046],[3.1615,42.4045],[3.1614,42.4045],[3.1614,42.4044]]],[[[3.1641,42.4027],[3.1642,42.4027],[3.1642,42.4028],[3.1642,42.4029],[3.1642,42.4028],[3.1642,42.4027],[3.1641,42.4027]]],[[[3.1358,42.1272],[3.1359,42.1272],[3.1359,42.1271],[3.1358,42.1271],[3.1358,42.1272],[3.1357,42.1272],[3.1358,42.1272]]],[[[3.1319,42.1282],[3.1318,42.1282],[3.1318,42.1283],[3.1319,42.1283],[3.132,42.1283],[3.1319,42.1282]]],[[[3.2865,42.2678],[3.2864,42.2678],[3.2864,42.2679],[3.2865,42.2679],[3.2865,42.2678]]],[[[3.1826,42.3538],[3.1825,42.3538],[3.1826,42.3539],[3.1827,42.3539],[3.1828,42.3539],[3.1827,42.3539],[3.1827,42.3538],[3.1826,42.3538]]],[[[3.1647,42.362],[3.1647,42.3621],[3.1646,42.3621],[3.1647,42.3621],[3.1648,42.3621],[3.1648,42.362],[3.1647,42.362]]],[[[3.1645,42.3628],[3.1644,42.3628],[3.1644,42.3629],[3.1645,42.3629],[3.1645,42.3628]]],[[[3.1671,42.3885],[3.167,42.3885],[3.167,42.3886],[3.1671,42.3886],[3.1671,42.3887],[3.1671,42.3886],[3.1671,42.3885]]],[[[3.1744,42.3553],[3.1745,42.3553],[3.1746,42.3553],[3.1745,42.3553],[3.1745,42.3552],[3.1744,42.3552],[3.1744,42.3553],[3.1743,42.3553],[3.1744,42.3553]]],[[[3.2832,42.2729],[3.2831,42.2729],[3.2831,42.273],[3.283,42.273],[3.283,42.2731],[3.2831,42.2731],[3.2831,42.273],[3.2832,42.273],[3.2832,42.2729]]],[[[3.1746,42.4348],[3.1746,42.4347],[3.1747,42.4347],[3.1746,42.4347],[3.1745,42.4347],[3.1745,42.4348],[3.1744,42.4348],[3.1745,42.4348],[3.1746,42.4348]]],[[[3.2938,42.2817],[3.2937,42.2818],[3.2936,42.2818],[3.2936,42.2819],[3.2937,42.2819],[3.2938,42.2819],[3.2938,42.2818],[3.2938,42.2817]]],[[[3.3164,42.3134],[3.3163,42.3134],[3.3163,42.3135],[3.3164,42.3135],[3.3165,42.3135],[3.3164,42.3135],[3.3164,42.3134]]],[[[3.2017,42.2418],[3.2017,42.2419],[3.2016,42.2419],[3.2017,42.2419],[3.2017,42.242],[3.2018,42.242],[3.2018,42.2419],[3.2018,42.2418],[3.2017,42.2418]]],[[[3.1385,42.1218],[3.1386,42.1218],[3.1386,42.1217],[3.1385,42.1217],[3.1385,42.1218],[3.1385,42.1219],[3.1385,42.1218]]],[[[3.3245,42.3227],[3.3246,42.3227],[3.3246,42.3226],[3.3245,42.3226],[3.3245,42.3227],[3.3245,42.3228],[3.3245,42.3227]]],[[[3.1899,42.3416],[3.1898,42.3417],[3.1897,42.3417],[3.1897,42.3418],[3.1898,42.3418],[3.1899,42.3417],[3.1899,42.3416]]],[[[3.1783,42.3536],[3.1783,42.3535],[3.1782,42.3535],[3.1781,42.3535],[3.1781,42.3536],[3.1782,42.3536],[3.1783,42.3536]]],[[[3.1636,42.3638],[3.1635,42.3638],[3.1634,42.3638],[3.1634,42.3639],[3.1635,42.3639],[3.1636,42.3639],[3.1636,42.3638]]],[[[3.17,42.418],[3.1699,42.418],[3.1698,42.418],[3.1697,42.418],[3.1697,42.4181],[3.1698,42.4181],[3.1699,42.4181],[3.1699,42.418],[3.17,42.418]]],[[[3.1832,42.3529],[3.1833,42.3529],[3.1832,42.3529],[3.1831,42.3529],[3.183,42.3529],[3.1831,42.3529],[3.1832,42.353],[3.1832,42.3529]]],[[[3.1671,42.4146],[3.1672,42.4146],[3.1672,42.4145],[3.1671,42.4145],[3.167,42.4146],[3.1671,42.4146]]],[[[3.1904,42.3393],[3.1903,42.3393],[3.1903,42.3394],[3.1903,42.3395],[3.1904,42.3395],[3.1904,42.3394],[3.1904,42.3393]]],[[[3.2381,42.3411],[3.238,42.3411],[3.2379,42.3412],[3.2379,42.3413],[3.238,42.3413],[3.238,42.3412],[3.238,42.3411],[3.2381,42.3411]]],[[[3.3089,42.3232],[3.3088,42.3232],[3.3088,42.3233],[3.3087,42.3233],[3.3088,42.3233],[3.3089,42.3233],[3.3089,42.3232]]],[[[3.2715,42.3389],[3.2715,42.3388],[3.2716,42.3388],[3.2715,42.3387],[3.2715,42.3388],[3.2714,42.3388],[3.2713,42.3388],[3.2713,42.3389],[3.2714,42.3389],[3.2715,42.3389]]],[[[3.176,42.3544],[3.1759,42.3544],[3.176,42.3545],[3.1761,42.3545],[3.1761,42.3544],[3.176,42.3544]]],[[[3.3215,42.3187],[3.3216,42.3187],[3.3216,42.3186],[3.3215,42.3186],[3.3214,42.3186],[3.3214,42.3187],[3.3214,42.3186],[3.3213,42.3186],[3.3213,42.3187],[3.3214,42.3187],[3.3215,42.3187]]],[[[3.1566,42.3955],[3.1565,42.3955],[3.1566,42.3955],[3.1566,42.3956],[3.1567,42.3956],[3.1567,42.3955],[3.1566,42.3955]]],[[[3.2154,42.3475],[3.2153,42.3475],[3.2154,42.3475],[3.2155,42.3475],[3.2156,42.3475],[3.2155,42.3475],[3.2154,42.3475]]],[[[3.3166,42.3133],[3.3165,42.3133],[3.3165,42.3134],[3.3164,42.3134],[3.3165,42.3134],[3.3165,42.3135],[3.3165,42.3134],[3.3166,42.3134],[3.3166,42.3133]]],[[[3.1652,42.3882],[3.1651,42.3882],[3.165,42.3882],[3.165,42.3883],[3.1649,42.3883],[3.165,42.3883],[3.165,42.3884],[3.1651,42.3884],[3.1651,42.3883],[3.165,42.3883],[3.1651,42.3883],[3.1651,42.3882],[3.1652,42.3882]]],[[[3.2992,42.3273],[3.2992,42.3272],[3.2993,42.3272],[3.2992,42.3272],[3.2991,42.3272],[3.299,42.3272],[3.299,42.3273],[3.2991,42.3273],[3.2992,42.3273]]],[[[3.1569,42.3908],[3.157,42.3908],[3.1571,42.3908],[3.1571,42.3907],[3.157,42.3907],[3.1569,42.3908],[3.1568,42.3908],[3.1568,42.3909],[3.1569,42.3909],[3.1569,42.3908]]],[[[3.1661,42.3695],[3.1661,42.3696],[3.166,42.3696],[3.166,42.3697],[3.1661,42.3697],[3.1662,42.3697],[3.1662,42.3696],[3.1661,42.3696],[3.1661,42.3695]]],[[[3.2817,42.274],[3.2816,42.274],[3.2816,42.2741],[3.2816,42.2742],[3.2817,42.2742],[3.2817,42.2741],[3.2817,42.274]]],[[[3.1655,42.4132],[3.1655,42.4131],[3.1654,42.4131],[3.1653,42.4131],[3.1653,42.4132],[3.1654,42.4132],[3.1655,42.4132]]],[[[3.297,42.2841],[3.297,42.2842],[3.2969,42.2842],[3.2969,42.2843],[3.2968,42.2843],[3.2968,42.2844],[3.2969,42.2844],[3.2969,42.2843],[3.297,42.2843],[3.297,42.2842],[3.2971,42.2842],[3.2971,42.2841],[3.297,42.2841]]],[[[3.2951,42.3049],[3.295,42.305],[3.2949,42.305],[3.2949,42.3051],[3.2949,42.3052],[3.295,42.3051],[3.2951,42.305],[3.2951,42.3049]]],[[[3.1676,42.3889],[3.1676,42.389],[3.1677,42.389],[3.1677,42.3891],[3.1678,42.389],[3.1678,42.3889],[3.1677,42.3889],[3.1676,42.3889]]],[[[3.2799,42.2776],[3.28,42.2776],[3.28,42.2775],[3.2799,42.2775],[3.2798,42.2775],[3.2798,42.2776],[3.2797,42.2776],[3.2797,42.2777],[3.2798,42.2777],[3.2798,42.2776],[3.2799,42.2776]]],[[[3.1925,42.2408],[3.1926,42.2408],[3.1926,42.2407],[3.1925,42.2407],[3.1924,42.2407],[3.1924,42.2408],[3.1925,42.2408],[3.1925,42.2409],[3.1925,42.2408],[3.1926,42.2408],[3.1925,42.2408]]],[[[3.1593,42.3736],[3.1594,42.3736],[3.1594,42.3735],[3.1594,42.3734],[3.1594,42.3735],[3.1593,42.3735],[3.1592,42.3735],[3.1592,42.3736],[3.1593,42.3736]]],[[[3.1757,42.1115],[3.1756,42.1115],[3.1756,42.1116],[3.1755,42.1116],[3.1754,42.1116],[3.1755,42.1116],[3.1755,42.1117],[3.1756,42.1117],[3.1756,42.1116],[3.1757,42.1116],[3.1757,42.1115]]],[[[3.1644,42.3629],[3.1644,42.363],[3.1644,42.3631],[3.1644,42.3632],[3.1645,42.3632],[3.1645,42.3631],[3.1645,42.363],[3.1644,42.363],[3.1644,42.3629]]],[[[3.1712,42.3572],[3.1711,42.3572],[3.1712,42.3571],[3.1711,42.3571],[3.171,42.3572],[3.1711,42.3572],[3.1711,42.3573],[3.1712,42.3573],[3.1712,42.3572]]],[[[3.1548,42.391],[3.1547,42.391],[3.1547,42.3911],[3.1548,42.3911],[3.1549,42.3911],[3.1549,42.391],[3.1548,42.391]]],[[[3.292,42.2952],[3.2919,42.2952],[3.2919,42.2953],[3.2918,42.2953],[3.2918,42.2954],[3.2918,42.2955],[3.2918,42.2956],[3.2918,42.2955],[3.2919,42.2954],[3.2919,42.2953],[3.292,42.2953],[3.292,42.2952]]],[[[3.2982,42.3302],[3.2981,42.3302],[3.2981,42.3301],[3.298,42.3301],[3.298,42.3302],[3.2979,42.3302],[3.298,42.3302],[3.2981,42.3302],[3.2981,42.3303],[3.298,42.3303],[3.2981,42.3303],[3.2982,42.3303],[3.2982,42.3302]]],[[[3.2869,42.2811],[3.2868,42.2811],[3.2868,42.2812],[3.2867,42.2812],[3.2867,42.2813],[3.2867,42.2814],[3.2867,42.2813],[3.2868,42.2813],[3.2868,42.2812],[3.2869,42.2812],[3.2869,42.2811]]],[[[3.1557,42.3795],[3.1556,42.3795],[3.1556,42.3796],[3.1555,42.3796],[3.1555,42.3797],[3.1556,42.3797],[3.1556,42.3796],[3.1557,42.3796],[3.1557,42.3795]]],[[[3.1863,42.3472],[3.1864,42.3472],[3.1865,42.3472],[3.1866,42.3472],[3.1866,42.3471],[3.1865,42.3472],[3.1864,42.3472],[3.1865,42.3472],[3.1865,42.3471],[3.1864,42.3471],[3.1864,42.3472],[3.1863,42.3472],[3.1862,42.3472],[3.1862,42.3473],[3.1862,42.3472],[3.1863,42.3472]]],[[[3.313,42.3163],[3.3129,42.3163],[3.3129,42.3164],[3.3128,42.3164],[3.3128,42.3165],[3.3128,42.3166],[3.3128,42.3165],[3.3129,42.3165],[3.313,42.3164],[3.313,42.3163]]],[[[3.157,42.381],[3.1569,42.381],[3.1569,42.3811],[3.1568,42.3811],[3.1568,42.3812],[3.1569,42.3812],[3.1569,42.3811],[3.157,42.3811],[3.157,42.381]]],[[[3.3159,42.3142],[3.3159,42.3141],[3.316,42.3141],[3.316,42.314],[3.3161,42.314],[3.316,42.314],[3.316,42.3141],[3.3159,42.3141],[3.3158,42.3141],[3.3157,42.3141],[3.3157,42.3142],[3.3156,42.3142],[3.3157,42.3142],[3.3158,42.3142],[3.3159,42.3142]]],[[[3.301,42.305],[3.3009,42.305],[3.3008,42.305],[3.3008,42.3051],[3.3009,42.3051],[3.301,42.3051],[3.3011,42.3051],[3.3011,42.305],[3.301,42.305]]],[[[3.3162,42.314],[3.3162,42.3141],[3.3161,42.3141],[3.316,42.3141],[3.316,42.3142],[3.3159,42.3142],[3.316,42.3142],[3.3161,42.3142],[3.3162,42.3141],[3.3163,42.3141],[3.3163,42.314],[3.3162,42.314]]],[[[3.3157,42.3144],[3.3158,42.3143],[3.3159,42.3143],[3.3158,42.3143],[3.3157,42.3143],[3.3156,42.3144],[3.3155,42.3144],[3.3156,42.3144],[3.3156,42.3145],[3.3155,42.3145],[3.3155,42.3146],[3.3156,42.3146],[3.3156,42.3145],[3.3157,42.3145],[3.3157,42.3144]]],[[[3.167,42.367],[3.167,42.3669],[3.1669,42.3669],[3.1669,42.367],[3.1668,42.367],[3.1668,42.3671],[3.1668,42.3672],[3.1669,42.3671],[3.167,42.367]]],[[[3.1572,42.378],[3.1572,42.3779],[3.1572,42.3778],[3.1572,42.3779],[3.1571,42.3779],[3.157,42.378],[3.1571,42.378],[3.1571,42.3781],[3.1572,42.3781],[3.1572,42.378]]],[[[3.1562,42.3781],[3.1562,42.3782],[3.1563,42.3781],[3.1562,42.378],[3.1561,42.378],[3.1561,42.3781],[3.1561,42.3782],[3.1562,42.3782],[3.1562,42.3781]]],[[[3.2296,42.3517],[3.2296,42.3516],[3.2295,42.3516],[3.2294,42.3516],[3.2293,42.3516],[3.2293,42.3517],[3.2294,42.3517],[3.2295,42.3517],[3.2296,42.3517]]],[[[3.1694,42.4203],[3.1693,42.4203],[3.1693,42.4202],[3.1692,42.4202],[3.1691,42.4202],[3.1691,42.4203],[3.1692,42.4203],[3.1693,42.4203],[3.1694,42.4203]]],[[[3.1366,42.1267],[3.1367,42.1267],[3.1367,42.1266],[3.1366,42.1266],[3.1367,42.1266],[3.1367,42.1265],[3.1367,42.1266],[3.1366,42.1266],[3.1365,42.1266],[3.1366,42.1266],[3.1365,42.1267],[3.1365,42.1268],[3.1366,42.1267]]],[[[3.1752,42.435],[3.1751,42.435],[3.1751,42.4351],[3.1751,42.4352],[3.1752,42.4352],[3.1752,42.4351],[3.1753,42.4351],[3.1752,42.4351],[3.1753,42.435],[3.1752,42.435]]],[[[3.1696,42.4192],[3.1695,42.4192],[3.1695,42.4193],[3.1695,42.4194],[3.1696,42.4194],[3.1696,42.4193],[3.1696,42.4192],[3.1697,42.4192],[3.1696,42.4192]]],[[[3.3011,42.327],[3.3012,42.327],[3.3012,42.3269],[3.3011,42.3269],[3.301,42.3269],[3.301,42.327],[3.3009,42.327],[3.301,42.327],[3.3011,42.327]]],[[[3.1648,42.3904],[3.1648,42.3903],[3.1647,42.3903],[3.1647,42.3902],[3.1646,42.3902],[3.1646,42.3903],[3.1647,42.3903],[3.1646,42.3904],[3.1647,42.3904],[3.1648,42.3904],[3.1648,42.3905],[3.1648,42.3904]]],[[[3.1759,42.355],[3.176,42.355],[3.176,42.3549],[3.1759,42.3549],[3.1758,42.3549],[3.1758,42.355],[3.1759,42.355]]],[[[3.2799,42.3331],[3.28,42.3331],[3.28,42.333],[3.2801,42.333],[3.28,42.333],[3.2799,42.333],[3.2799,42.3331],[3.2798,42.3331],[3.2797,42.3331],[3.2797,42.3332],[3.2798,42.3332],[3.2799,42.3332],[3.2799,42.3331]]],[[[3.165,42.3628],[3.1649,42.3628],[3.1648,42.3628],[3.1647,42.3628],[3.1646,42.3628],[3.1647,42.3628],[3.1647,42.3629],[3.1648,42.3629],[3.1649,42.3629],[3.1649,42.3628],[3.165,42.3628]]],[[[3.3113,42.3248],[3.3114,42.3248],[3.3114,42.3247],[3.3113,42.3247],[3.3113,42.3246],[3.3112,42.3247],[3.3111,42.3247],[3.311,42.3247],[3.311,42.3248],[3.3111,42.3248],[3.3112,42.3248],[3.3113,42.3248]]],[[[3.1978,42.2422],[3.1979,42.2422],[3.1979,42.2421],[3.198,42.2421],[3.1981,42.2421],[3.1981,42.242],[3.198,42.242],[3.1979,42.242],[3.1979,42.2421],[3.1978,42.2421],[3.1978,42.2422],[3.1977,42.2422],[3.1978,42.2422]]],[[[3.2909,42.2796],[3.291,42.2795],[3.2909,42.2795],[3.291,42.2795],[3.291,42.2794],[3.2911,42.2793],[3.291,42.2793],[3.2909,42.2793],[3.2909,42.2794],[3.2909,42.2795],[3.2908,42.2795],[3.2909,42.2796]]],[[[3.2928,42.2828],[3.2927,42.2828],[3.2926,42.2828],[3.2925,42.2828],[3.2924,42.2828],[3.2925,42.2828],[3.2926,42.2828],[3.2926,42.2829],[3.2927,42.2829],[3.2928,42.2829],[3.2929,42.2829],[3.2928,42.2828]]],[[[3.2292,42.2407],[3.2291,42.2407],[3.2291,42.2408],[3.229,42.2408],[3.229,42.2409],[3.2291,42.2409],[3.2291,42.2408],[3.2292,42.2408],[3.2292,42.2407]]],[[[3.2949,42.2809],[3.295,42.2808],[3.2949,42.2808],[3.2948,42.2809],[3.2947,42.2809],[3.2946,42.2809],[3.2946,42.281],[3.2947,42.281],[3.2948,42.281],[3.2948,42.2809],[3.2949,42.2809]]],[[[3.2416,42.338],[3.2417,42.338],[3.2418,42.338],[3.2418,42.3379],[3.2419,42.3379],[3.242,42.3379],[3.2419,42.3379],[3.2418,42.3379],[3.2417,42.3379],[3.2416,42.3379],[3.2415,42.3379],[3.2415,42.338],[3.2416,42.338]]],[[[3.1979,42.2425],[3.1979,42.2424],[3.1979,42.2425],[3.1978,42.2425],[3.1978,42.2424],[3.1979,42.2424],[3.198,42.2424],[3.198,42.2423],[3.198,42.2424],[3.1979,42.2424],[3.1979,42.2423],[3.1978,42.2423],[3.1978,42.2424],[3.1977,42.2423],[3.1977,42.2424],[3.1978,42.2424],[3.1977,42.2424],[3.1976,42.2425],[3.1977,42.2425],[3.1978,42.2425],[3.1979,42.2425]]],[[[3.1979,42.2419],[3.1979,42.2418],[3.1978,42.2418],[3.1977,42.2419],[3.1976,42.2419],[3.1975,42.2419],[3.1975,42.242],[3.1976,42.242],[3.1977,42.242],[3.1978,42.242],[3.1978,42.2419],[3.1979,42.2419]]],[[[3.2802,42.2773],[3.2803,42.2773],[3.2804,42.2772],[3.2804,42.2771],[3.2803,42.2771],[3.2803,42.2772],[3.2802,42.2772],[3.2801,42.2772],[3.2801,42.2773],[3.28,42.2773],[3.2801,42.2773],[3.2802,42.2773]]],[[[3.1664,42.3691],[3.1663,42.3691],[3.1662,42.3691],[3.1661,42.3691],[3.1661,42.369],[3.166,42.369],[3.1659,42.369],[3.166,42.3691],[3.1661,42.3691],[3.1662,42.3691],[3.1663,42.3691],[3.1664,42.3692],[3.1665,42.3692],[3.1664,42.3691]]],[[[3.1239,42.1365],[3.1239,42.1364],[3.124,42.1364],[3.1239,42.1364],[3.1239,42.1363],[3.1238,42.1363],[3.1237,42.1364],[3.1237,42.1365],[3.1238,42.1365],[3.1239,42.1365],[3.124,42.1365],[3.1239,42.1365]]],[[[3.1544,42.3913],[3.1543,42.3913],[3.1543,42.3912],[3.1542,42.3912],[3.1541,42.3911],[3.1541,42.3912],[3.1541,42.3913],[3.1542,42.3913],[3.1543,42.3913],[3.1543,42.3914],[3.1544,42.3914],[3.1544,42.3913]]],[[[3.1575,42.3773],[3.1575,42.3772],[3.1575,42.3771],[3.1574,42.3772],[3.1574,42.3773],[3.1573,42.3773],[3.1572,42.3773],[3.1573,42.3773],[3.1573,42.3774],[3.1573,42.3775],[3.1574,42.3775],[3.1574,42.3774],[3.1574,42.3773],[3.1575,42.3773]]],[[[3.1239,42.1367],[3.1239,42.1366],[3.1239,42.1367],[3.1238,42.1367],[3.1238,42.1366],[3.1239,42.1366],[3.1238,42.1366],[3.1238,42.1365],[3.1237,42.1365],[3.1237,42.1366],[3.1236,42.1366],[3.1236,42.1367],[3.1237,42.1367],[3.1238,42.1367],[3.1239,42.1367]]],[[[3.1714,42.4324],[3.1713,42.4324],[3.1713,42.4325],[3.1712,42.4325],[3.1711,42.4325],[3.1711,42.4326],[3.1712,42.4326],[3.1712,42.4327],[3.1713,42.4326],[3.1713,42.4325],[3.1714,42.4325],[3.1714,42.4324]]],[[[3.3099,42.3123],[3.31,42.3123],[3.31,42.3122],[3.3101,42.3122],[3.3102,42.3122],[3.3102,42.3121],[3.3103,42.3121],[3.3104,42.3121],[3.3103,42.312],[3.3103,42.3121],[3.3102,42.3121],[3.3102,42.312],[3.3102,42.3121],[3.3101,42.3121],[3.31,42.3122],[3.3099,42.3122],[3.3099,42.3123],[3.3098,42.3123],[3.3099,42.3123]]],[[[3.211,42.3461],[3.2111,42.3461],[3.2112,42.3461],[3.2112,42.346],[3.2113,42.346],[3.2113,42.3461],[3.2113,42.346],[3.2114,42.346],[3.2115,42.346],[3.2114,42.346],[3.2114,42.3459],[3.2113,42.3459],[3.2112,42.3459],[3.2113,42.3459],[3.2113,42.346],[3.2112,42.346],[3.2111,42.346],[3.2111,42.3461],[3.211,42.3461]]],[[[3.261,42.3353],[3.261,42.3352],[3.2611,42.3352],[3.2611,42.3351],[3.2611,42.335],[3.261,42.335],[3.261,42.3349],[3.261,42.335],[3.2609,42.3351],[3.2609,42.3352],[3.261,42.3353]]],[[[3.171,42.4242],[3.1709,42.4242],[3.1708,42.4242],[3.1709,42.4242],[3.1709,42.4243],[3.1708,42.4243],[3.1708,42.4244],[3.1707,42.4244],[3.1707,42.4245],[3.1708,42.4245],[3.1708,42.4244],[3.1709,42.4244],[3.171,42.4243],[3.1711,42.4243],[3.1711,42.4242],[3.171,42.4242]]],[[[3.3105,42.3121],[3.3105,42.312],[3.3106,42.312],[3.3107,42.312],[3.3107,42.3119],[3.3108,42.3119],[3.3107,42.3118],[3.3107,42.3119],[3.3107,42.3118],[3.3106,42.3118],[3.3105,42.3119],[3.3105,42.312],[3.3104,42.312],[3.3104,42.3121],[3.3105,42.3121],[3.3105,42.312],[3.3105,42.3121]]],[[[3.226,42.3496],[3.2259,42.3496],[3.2258,42.3496],[3.2257,42.3496],[3.2256,42.3496],[3.2257,42.3496],[3.2257,42.3497],[3.2258,42.3497],[3.2259,42.3497],[3.226,42.3497],[3.2261,42.3497],[3.2261,42.3496],[3.226,42.3496]]],[[[3.1556,42.3948],[3.1555,42.3948],[3.1554,42.3948],[3.1554,42.3947],[3.1554,42.3948],[3.1553,42.3948],[3.1552,42.3948],[3.1552,42.3949],[3.1553,42.3949],[3.1554,42.3949],[3.1555,42.3949],[3.1556,42.3949],[3.1556,42.3948]]],[[[3.2305,42.244],[3.2306,42.244],[3.2306,42.2439],[3.2306,42.2438],[3.2305,42.2438],[3.2305,42.2439],[3.2304,42.2439],[3.2305,42.2439],[3.2304,42.244],[3.2303,42.244],[3.2302,42.244],[3.2302,42.2441],[3.2303,42.2441],[3.2304,42.244],[3.2305,42.244]]],[[[3.1754,42.1116],[3.1754,42.1115],[3.1755,42.1115],[3.1754,42.1115],[3.1753,42.1115],[3.1752,42.1115],[3.1751,42.1115],[3.1751,42.1116],[3.1752,42.1116],[3.1751,42.1116],[3.1751,42.1117],[3.1752,42.1117],[3.1753,42.1117],[3.1753,42.1116],[3.1754,42.1116]]],[[[3.2284,42.2434],[3.2283,42.2434],[3.2283,42.2433],[3.2282,42.2433],[3.2282,42.2434],[3.2281,42.2434],[3.2281,42.2435],[3.2281,42.2436],[3.228,42.2436],[3.228,42.2437],[3.2281,42.2437],[3.2281,42.2436],[3.2282,42.2436],[3.2283,42.2435],[3.2283,42.2434],[3.2284,42.2434]]],[[[3.1648,42.3632],[3.1649,42.3632],[3.1649,42.3631],[3.165,42.3631],[3.1649,42.3631],[3.1649,42.363],[3.1648,42.363],[3.1647,42.363],[3.1646,42.363],[3.1646,42.3631],[3.1646,42.3632],[3.1647,42.3632],[3.1648,42.3632]]],[[[3.2791,42.3369],[3.2792,42.3369],[3.2793,42.3369],[3.2794,42.3369],[3.2793,42.3369],[3.2793,42.3368],[3.2792,42.3368],[3.2791,42.3368],[3.279,42.3368],[3.2791,42.3368],[3.279,42.3368],[3.279,42.3369],[3.279,42.337],[3.279,42.3369],[3.2791,42.3369]]],[[[3.2977,42.2887],[3.2976,42.2887],[3.2976,42.2888],[3.2975,42.2888],[3.2975,42.2889],[3.2974,42.2889],[3.2974,42.289],[3.2975,42.2891],[3.2976,42.2891],[3.2976,42.289],[3.2976,42.2889],[3.2977,42.2889],[3.2977,42.2888],[3.2977,42.2887]]],[[[3.2179,42.3504],[3.218,42.3504],[3.218,42.3505],[3.2181,42.3505],[3.2182,42.3505],[3.2181,42.3505],[3.2181,42.3504],[3.218,42.3504],[3.2179,42.3504],[3.2179,42.3503],[3.2178,42.3503],[3.2178,42.3504],[3.2177,42.3504],[3.2177,42.3505],[3.2178,42.3505],[3.2179,42.3505],[3.2179,42.3504]]],[[[3.1674,42.3897],[3.1674,42.3896],[3.1675,42.3896],[3.1674,42.3896],[3.1673,42.3895],[3.1674,42.3895],[3.1674,42.3894],[3.1675,42.3894],[3.1674,42.3894],[3.1674,42.3895],[3.1673,42.3895],[3.1672,42.3895],[3.1672,42.3896],[3.1673,42.3896],[3.1672,42.3896],[3.1672,42.3897],[3.1673,42.3897],[3.1673,42.3898],[3.1674,42.3898],[3.1674,42.3897]]],[[[3.3091,42.3122],[3.3092,42.3122],[3.3093,42.3122],[3.3093,42.3121],[3.3094,42.3121],[3.3094,42.312],[3.3093,42.312],[3.3093,42.3119],[3.3092,42.3119],[3.3092,42.312],[3.3091,42.312],[3.3092,42.312],[3.3091,42.3121],[3.309,42.3121],[3.309,42.3122],[3.3091,42.3122]]],[[[3.3098,42.2905],[3.3098,42.2904],[3.3098,42.2903],[3.3097,42.2903],[3.3097,42.2904],[3.3096,42.2904],[3.3095,42.2904],[3.3094,42.2904],[3.3094,42.2905],[3.3095,42.2905],[3.3096,42.2905],[3.3097,42.2905],[3.3098,42.2905]]],[[[3.3006,42.3075],[3.3006,42.3074],[3.3005,42.3074],[3.3004,42.3074],[3.3003,42.3075],[3.3003,42.3076],[3.3003,42.3077],[3.3002,42.3077],[3.3003,42.3077],[3.3004,42.3076],[3.3005,42.3076],[3.3005,42.3075],[3.3006,42.3075]]],[[[3.1628,42.3916],[3.1627,42.3916],[3.1627,42.3917],[3.1627,42.3918],[3.1628,42.3918],[3.1629,42.3918],[3.163,42.3918],[3.163,42.3917],[3.1629,42.3916],[3.1628,42.3916]]],[[[3.2919,42.2795],[3.292,42.2796],[3.292,42.2795],[3.292,42.2794],[3.292,42.2795],[3.2919,42.2795],[3.2919,42.2794],[3.2919,42.2793],[3.2919,42.2794],[3.2918,42.2794],[3.2918,42.2795],[3.2918,42.2796],[3.2917,42.2796],[3.2917,42.2797],[3.2917,42.2798],[3.2918,42.2798],[3.2918,42.2797],[3.2919,42.2797],[3.2919,42.2796],[3.2919,42.2795]]],[[[3.2851,42.3323],[3.285,42.3323],[3.2849,42.3323],[3.2848,42.3323],[3.2848,42.3324],[3.2847,42.3324],[3.2847,42.3325],[3.2847,42.3326],[3.2848,42.3326],[3.2848,42.3325],[3.2849,42.3325],[3.285,42.3325],[3.285,42.3324],[3.2851,42.3324],[3.2851,42.3323]]],[[[3.2986,42.328],[3.2987,42.328],[3.2988,42.328],[3.2989,42.328],[3.2989,42.3279],[3.2988,42.3279],[3.2988,42.3278],[3.2987,42.3278],[3.2986,42.3278],[3.2985,42.3278],[3.2985,42.3279],[3.2984,42.3279],[3.2985,42.3279],[3.2985,42.328],[3.2986,42.328],[3.2985,42.328],[3.2986,42.328]]],[[[3.2907,42.2985],[3.2908,42.2985],[3.2909,42.2985],[3.291,42.2985],[3.291,42.2984],[3.2911,42.2984],[3.2912,42.2984],[3.2913,42.2984],[3.2912,42.2984],[3.2912,42.2983],[3.2911,42.2983],[3.291,42.2983],[3.2909,42.2983],[3.2908,42.2983],[3.2908,42.2984],[3.2907,42.2984],[3.2907,42.2985]]],[[[3.1237,42.1327],[3.1238,42.1327],[3.1238,42.1328],[3.1238,42.1327],[3.1238,42.1326],[3.1238,42.1325],[3.1239,42.1325],[3.1238,42.1325],[3.1239,42.1325],[3.1238,42.1325],[3.1238,42.1324],[3.1237,42.1324],[3.1238,42.1324],[3.1237,42.1324],[3.1236,42.1324],[3.1236,42.1325],[3.1237,42.1325],[3.1236,42.1325],[3.1235,42.1325],[3.1235,42.1326],[3.1236,42.1326],[3.1237,42.1326],[3.1237,42.1327],[3.1237,42.1328],[3.1237,42.1327]]],[[[3.1697,42.4252],[3.1698,42.4252],[3.1699,42.4252],[3.1699,42.4251],[3.17,42.4251],[3.17,42.425],[3.1699,42.425],[3.1699,42.4249],[3.1698,42.4249],[3.1697,42.4249],[3.1697,42.425],[3.1696,42.4251],[3.1696,42.4252],[3.1697,42.4252]]],[[[3.1656,42.3727],[3.1656,42.3726],[3.1655,42.3726],[3.1655,42.3727],[3.1655,42.3726],[3.1654,42.3726],[3.1655,42.3726],[3.1655,42.3725],[3.1654,42.3725],[3.1654,42.3724],[3.1653,42.3724],[3.1652,42.3725],[3.1653,42.3725],[3.1653,42.3726],[3.1653,42.3727],[3.1654,42.3727],[3.1655,42.3727],[3.1655,42.3728],[3.1656,42.3728],[3.1656,42.3727]]],[[[3.2345,42.3504],[3.2346,42.3504],[3.2347,42.3504],[3.2347,42.3503],[3.2348,42.3503],[3.2347,42.3503],[3.2347,42.3502],[3.2346,42.3502],[3.2345,42.3502],[3.2344,42.3502],[3.2343,42.3502],[3.2343,42.3503],[3.2344,42.3503],[3.2344,42.3504],[3.2345,42.3504]]],[[[3.3162,42.3138],[3.3163,42.3138],[3.3164,42.3138],[3.3165,42.3138],[3.3165,42.3137],[3.3166,42.3137],[3.3165,42.3137],[3.3165,42.3136],[3.3164,42.3136],[3.3163,42.3136],[3.3162,42.3136],[3.3162,42.3137],[3.3161,42.3137],[3.3162,42.3137],[3.3161,42.3137],[3.316,42.3137],[3.316,42.3138],[3.3161,42.3138],[3.3162,42.3138]]],[[[3.2049,42.3475],[3.205,42.3475],[3.205,42.3474],[3.2051,42.3474],[3.2052,42.3474],[3.2051,42.3474],[3.205,42.3474],[3.2049,42.3474],[3.2048,42.3474],[3.2047,42.3474],[3.2046,42.3474],[3.2045,42.3474],[3.2045,42.3475],[3.2046,42.3475],[3.2047,42.3475],[3.2048,42.3475],[3.2048,42.3476],[3.2049,42.3475]]],[[[3.1659,42.4116],[3.166,42.4116],[3.166,42.4115],[3.1659,42.4115],[3.1658,42.4115],[3.1657,42.4114],[3.1656,42.4115],[3.1657,42.4115],[3.1657,42.4116],[3.1656,42.4116],[3.1657,42.4116],[3.1657,42.4117],[3.1657,42.4118],[3.1656,42.4118],[3.1656,42.4119],[3.1657,42.4119],[3.1658,42.4119],[3.1658,42.4118],[3.1658,42.4117],[3.1658,42.4116],[3.1659,42.4116]]],[[[3.2919,42.3029],[3.292,42.3029],[3.292,42.3028],[3.2921,42.3028],[3.292,42.3027],[3.292,42.3028],[3.2919,42.3027],[3.292,42.3027],[3.2919,42.3027],[3.2918,42.3027],[3.2917,42.3027],[3.2917,42.3028],[3.2916,42.3028],[3.2916,42.3029],[3.2915,42.3029],[3.2916,42.3029],[3.2917,42.3029],[3.2917,42.303],[3.2917,42.3029],[3.2918,42.3029],[3.2918,42.303],[3.2919,42.3029]]],[[[3.165,42.4001],[3.1651,42.4001],[3.1652,42.4001],[3.1653,42.4001],[3.1652,42.4],[3.1651,42.4],[3.165,42.4],[3.1649,42.4],[3.1648,42.4],[3.1648,42.3999],[3.1647,42.3999],[3.1646,42.4],[3.1647,42.4],[3.1647,42.4001],[3.1648,42.4001],[3.1649,42.4001],[3.1649,42.4002],[3.165,42.4002],[3.165,42.4001]]],[[[3.3008,42.3054],[3.3009,42.3054],[3.301,42.3054],[3.3011,42.3054],[3.3011,42.3053],[3.3011,42.3052],[3.301,42.3052],[3.301,42.3051],[3.3009,42.3051],[3.3008,42.3052],[3.3008,42.3053],[3.3007,42.3053],[3.3007,42.3054],[3.3007,42.3055],[3.3007,42.3054],[3.3008,42.3054]]],[[[3.2988,42.3276],[3.2989,42.3276],[3.2989,42.3275],[3.2989,42.3274],[3.299,42.3274],[3.299,42.3273],[3.2989,42.3273],[3.2988,42.3273],[3.2987,42.3274],[3.2986,42.3274],[3.2986,42.3275],[3.2985,42.3275],[3.2985,42.3276],[3.2986,42.3276],[3.2987,42.3276],[3.2988,42.3276]]],[[[3.1631,42.3847],[3.163,42.3847],[3.163,42.3848],[3.163,42.3849],[3.163,42.385],[3.163,42.3851],[3.1631,42.3851],[3.1631,42.385],[3.1632,42.385],[3.1632,42.3849],[3.1633,42.3849],[3.1633,42.3848],[3.1633,42.3847],[3.1632,42.3847],[3.1631,42.3847]]],[[[3.2972,42.2932],[3.2971,42.2932],[3.297,42.2932],[3.297,42.2933],[3.2969,42.2933],[3.2968,42.2934],[3.2968,42.2935],[3.2968,42.2936],[3.2969,42.2936],[3.2969,42.2935],[3.297,42.2935],[3.2971,42.2935],[3.2971,42.2934],[3.2972,42.2933],[3.2972,42.2932],[3.2973,42.2932],[3.2972,42.2932]]],[[[3.2775,42.3376],[3.2775,42.3375],[3.2776,42.3375],[3.2777,42.3375],[3.2778,42.3375],[3.2778,42.3374],[3.2778,42.3373],[3.2777,42.3373],[3.2776,42.3373],[3.2775,42.3373],[3.2774,42.3373],[3.2774,42.3374],[3.2773,42.3374],[3.2772,42.3374],[3.2772,42.3375],[3.2773,42.3375],[3.2774,42.3375],[3.2774,42.3376],[3.2774,42.3375],[3.2775,42.3375],[3.2775,42.3376]]],[[[3.2604,42.3366],[3.2604,42.3367],[3.2605,42.3366],[3.2606,42.3366],[3.2606,42.3367],[3.2607,42.3367],[3.2608,42.3367],[3.2608,42.3366],[3.2608,42.3365],[3.2607,42.3365],[3.2607,42.3364],[3.2606,42.3364],[3.2606,42.3363],[3.2605,42.3364],[3.2605,42.3365],[3.2604,42.3365],[3.2604,42.3366],[3.2603,42.3366],[3.2603,42.3367],[3.2604,42.3367],[3.2604,42.3366]]],[[[3.1675,42.3675],[3.1675,42.3674],[3.1676,42.3674],[3.1676,42.3673],[3.1675,42.3673],[3.1676,42.3672],[3.1675,42.3672],[3.1674,42.3672],[3.1675,42.3672],[3.1675,42.3671],[3.1674,42.3671],[3.1674,42.3672],[3.1673,42.3673],[3.1672,42.3673],[3.1672,42.3674],[3.1672,42.3675],[3.1671,42.3675],[3.1672,42.3675],[3.1673,42.3675],[3.1674,42.3675],[3.1674,42.3676],[3.1674,42.3675],[3.1675,42.3675]]],[[[3.3221,42.3188],[3.3222,42.3188],[3.3223,42.3188],[3.3223,42.3187],[3.3224,42.3187],[3.3224,42.3186],[3.3223,42.3186],[3.3223,42.3185],[3.3222,42.3185],[3.3221,42.3185],[3.3221,42.3186],[3.322,42.3186],[3.3219,42.3186],[3.3218,42.3186],[3.3217,42.3186],[3.3217,42.3187],[3.3218,42.3187],[3.3219,42.3187],[3.322,42.3187],[3.322,42.3188],[3.3221,42.3188]]],[[[3.1785,42.353],[3.1784,42.353],[3.1783,42.353],[3.1783,42.3529],[3.1783,42.353],[3.1782,42.353],[3.1782,42.3531],[3.1783,42.3532],[3.1784,42.3532],[3.1784,42.3533],[3.1785,42.3533],[3.1785,42.3534],[3.1785,42.3533],[3.1786,42.3533],[3.1787,42.3532],[3.1786,42.3532],[3.1786,42.3531],[3.1785,42.3531],[3.1785,42.353]]],[[[3.271,42.3386],[3.271,42.3387],[3.2711,42.3387],[3.2712,42.3386],[3.2712,42.3387],[3.2712,42.3386],[3.2713,42.3386],[3.2712,42.3386],[3.2711,42.3385],[3.271,42.3385],[3.2709,42.3385],[3.2708,42.3385],[3.2708,42.3384],[3.2707,42.3384],[3.2706,42.3385],[3.2707,42.3386],[3.2706,42.3386],[3.2706,42.3387],[3.2707,42.3387],[3.2708,42.3387],[3.2709,42.3387],[3.2709,42.3386],[3.271,42.3386]]],[[[3.3241,42.3223],[3.3241,42.3222],[3.3241,42.3221],[3.324,42.3221],[3.324,42.322],[3.3239,42.322],[3.3239,42.3219],[3.3238,42.322],[3.3238,42.3219],[3.3237,42.3218],[3.3237,42.3219],[3.3236,42.3219],[3.3237,42.3219],[3.3236,42.3219],[3.3236,42.322],[3.3235,42.322],[3.3235,42.3221],[3.3236,42.3221],[3.3237,42.3221],[3.3238,42.3221],[3.3239,42.3221],[3.3239,42.3222],[3.324,42.3222],[3.3239,42.3222],[3.324,42.3222],[3.324,42.3223],[3.3239,42.3223],[3.324,42.3223],[3.3239,42.3223],[3.324,42.3223],[3.3241,42.3223]]],[[[3.2183,42.3503],[3.2184,42.3503],[3.2184,42.3502],[3.2183,42.3502],[3.2184,42.3502],[3.2184,42.3501],[3.2183,42.3501],[3.2182,42.3501],[3.2181,42.3501],[3.218,42.3501],[3.2179,42.3501],[3.2178,42.3501],[3.2177,42.3502],[3.2178,42.3502],[3.2178,42.3503],[3.2179,42.3503],[3.2179,42.3502],[3.218,42.3502],[3.2181,42.3502],[3.2181,42.3503],[3.2182,42.3503],[3.2183,42.3503]]],[[[3.2835,42.2739],[3.2836,42.2739],[3.2837,42.2739],[3.2837,42.2738],[3.2838,42.2738],[3.2837,42.2738],[3.2837,42.2737],[3.2836,42.2737],[3.2836,42.2736],[3.2835,42.2736],[3.2835,42.2735],[3.2834,42.2736],[3.2833,42.2736],[3.2833,42.2737],[3.2833,42.2738],[3.2833,42.2739],[3.2834,42.2739],[3.2835,42.2739]]],[[[3.1315,42.1288],[3.1316,42.1289],[3.1316,42.1288],[3.1316,42.1287],[3.1316,42.1288],[3.1317,42.1288],[3.1317,42.1289],[3.1318,42.1289],[3.1318,42.1288],[3.1319,42.1288],[3.1319,42.1287],[3.1319,42.1286],[3.1318,42.1286],[3.1318,42.1285],[3.1317,42.1285],[3.1316,42.1285],[3.1316,42.1286],[3.1315,42.1287],[3.1314,42.1287],[3.1314,42.1288],[3.1314,42.1289],[3.1313,42.1289],[3.1314,42.1289],[3.1315,42.1289],[3.1315,42.1288]]],[[[3.1655,42.3618],[3.1654,42.3618],[3.1653,42.3618],[3.1654,42.3619],[3.1653,42.3619],[3.1653,42.362],[3.1652,42.362],[3.1652,42.3621],[3.1651,42.3621],[3.1651,42.3622],[3.165,42.3622],[3.1649,42.3623],[3.1648,42.3623],[3.1648,42.3624],[3.1647,42.3624],[3.1647,42.3625],[3.1648,42.3625],[3.1648,42.3624],[3.1649,42.3624],[3.165,42.3624],[3.165,42.3623],[3.1651,42.3622],[3.1652,42.3622],[3.1652,42.3621],[3.1653,42.3621],[3.1654,42.3621],[3.1654,42.362],[3.1655,42.362],[3.1656,42.362],[3.1656,42.3619],[3.1656,42.3618],[3.1655,42.3618]]],[[[3.2837,42.2603],[3.2837,42.2602],[3.2838,42.2601],[3.2838,42.26],[3.2837,42.26],[3.2836,42.26],[3.2835,42.26],[3.2834,42.26],[3.2834,42.2601],[3.2833,42.2601],[3.2833,42.2602],[3.2832,42.2602],[3.2832,42.2601],[3.2831,42.2601],[3.2831,42.2602],[3.2832,42.2602],[3.2833,42.2603],[3.2834,42.2603],[3.2834,42.2602],[3.2834,42.2603],[3.2835,42.2603],[3.2836,42.2603],[3.2837,42.2603]]],[[[3.2035,42.2409],[3.2036,42.2409],[3.2036,42.2408],[3.2035,42.2408],[3.2035,42.2407],[3.2036,42.2407],[3.2036,42.2406],[3.2035,42.2406],[3.2034,42.2406],[3.2035,42.2406],[3.2035,42.2405],[3.2035,42.2404],[3.2034,42.2404],[3.2034,42.2405],[3.2033,42.2405],[3.2033,42.2404],[3.2034,42.2403],[3.2035,42.2403],[3.2034,42.2403],[3.2034,42.2402],[3.2033,42.2402],[3.2032,42.2402],[3.2032,42.2403],[3.2032,42.2404],[3.2032,42.2405],[3.2033,42.2405],[3.2032,42.2405],[3.2032,42.2406],[3.2033,42.2406],[3.2034,42.2406],[3.2033,42.2406],[3.2033,42.2407],[3.2033,42.2408],[3.2034,42.2408],[3.2035,42.2408],[3.2034,42.2408],[3.2034,42.2409],[3.2035,42.2409]]],[[[3.298,42.3284],[3.298,42.3283],[3.298,42.3284],[3.2981,42.3284],[3.2981,42.3283],[3.2982,42.3283],[3.2982,42.3284],[3.2983,42.3284],[3.2983,42.3283],[3.2984,42.3283],[3.2985,42.3283],[3.2986,42.3283],[3.2986,42.3284],[3.2987,42.3284],[3.2987,42.3283],[3.2986,42.3283],[3.2986,42.3282],[3.2985,42.3282],[3.2985,42.3281],[3.2984,42.3281],[3.2984,42.3282],[3.2983,42.3282],[3.2983,42.3281],[3.2982,42.3281],[3.2982,42.3282],[3.2981,42.3281],[3.2981,42.3282],[3.298,42.3282],[3.298,42.3283],[3.2979,42.3283],[3.2978,42.3283],[3.2978,42.3284],[3.2979,42.3284],[3.298,42.3284]]],[[[3.1665,42.1139],[3.1665,42.1138],[3.1664,42.1138],[3.1665,42.1138],[3.1665,42.1137],[3.1665,42.1136],[3.1665,42.1135],[3.1664,42.1135],[3.1663,42.1135],[3.1662,42.1136],[3.1662,42.1137],[3.1662,42.1138],[3.1661,42.1138],[3.1662,42.1138],[3.1662,42.1139],[3.1662,42.114],[3.1662,42.1141],[3.1663,42.1141],[3.1664,42.1141],[3.1664,42.114],[3.1664,42.1139],[3.1665,42.1139]]],[[[3.3097,42.3128],[3.3098,42.3128],[3.3098,42.3127],[3.3099,42.3127],[3.31,42.3127],[3.31,42.3126],[3.3101,42.3126],[3.3101,42.3125],[3.31,42.3125],[3.3101,42.3125],[3.3101,42.3124],[3.31,42.3124],[3.3099,42.3124],[3.3098,42.3125],[3.3097,42.3125],[3.3096,42.3125],[3.3096,42.3126],[3.3095,42.3126],[3.3095,42.3127],[3.3096,42.3127],[3.3095,42.3127],[3.3095,42.3128],[3.3096,42.3128],[3.3097,42.3128]]],[[[3.2916,42.2797],[3.2916,42.2796],[3.2915,42.2796],[3.2916,42.2795],[3.2916,42.2794],[3.2915,42.2794],[3.2914,42.2794],[3.2914,42.2795],[3.2914,42.2794],[3.2913,42.2794],[3.2913,42.2793],[3.2912,42.2793],[3.2912,42.2794],[3.2912,42.2795],[3.2911,42.2795],[3.2911,42.2796],[3.2911,42.2797],[3.2912,42.2797],[3.2912,42.2796],[3.2912,42.2797],[3.2913,42.2798],[3.2914,42.2798],[3.2915,42.2798],[3.2916,42.2798],[3.2916,42.2797]]],[[[3.2971,42.2916],[3.2971,42.2915],[3.2972,42.2915],[3.2973,42.2915],[3.2972,42.2915],[3.2972,42.2914],[3.2971,42.2914],[3.297,42.2914],[3.2969,42.2914],[3.2969,42.2915],[3.2969,42.2914],[3.297,42.2914],[3.297,42.2913],[3.2971,42.2913],[3.297,42.2913],[3.2969,42.2913],[3.2969,42.2914],[3.2968,42.2914],[3.2967,42.2914],[3.2968,42.2913],[3.2967,42.2913],[3.2967,42.2914],[3.2966,42.2914],[3.2966,42.2913],[3.2967,42.2913],[3.2967,42.2912],[3.2966,42.2912],[3.2965,42.2913],[3.2964,42.2913],[3.2964,42.2914],[3.2965,42.2914],[3.2966,42.2914],[3.2966,42.2915],[3.2967,42.2915],[3.2967,42.2916],[3.2968,42.2916],[3.2969,42.2916],[3.2968,42.2917],[3.2969,42.2917],[3.2969,42.2916],[3.297,42.2916],[3.2971,42.2916]]],[[[3.2406,42.3391],[3.2406,42.339],[3.2405,42.339],[3.2404,42.339],[3.2403,42.339],[3.2403,42.3391],[3.2402,42.3391],[3.2401,42.3391],[3.2401,42.339],[3.2401,42.3391],[3.2401,42.3392],[3.2402,42.3392],[3.2403,42.3392],[3.2403,42.3393],[3.2404,42.3393],[3.2404,42.3394],[3.2405,42.3394],[3.2406,42.3394],[3.2406,42.3393],[3.2407,42.3393],[3.2407,42.3392],[3.2407,42.3391],[3.2406,42.3391]]],[[[3.1593,42.3837],[3.1594,42.3836],[3.1593,42.3836],[3.1593,42.3835],[3.1593,42.3836],[3.1593,42.3835],[3.1594,42.3835],[3.1595,42.3835],[3.1595,42.3834],[3.1595,42.3833],[3.1596,42.3833],[3.1597,42.3832],[3.1596,42.3832],[3.1596,42.3831],[3.1595,42.3831],[3.1595,42.3832],[3.1594,42.3832],[3.1594,42.3833],[3.1594,42.3832],[3.1594,42.3831],[3.1595,42.3831],[3.1594,42.3831],[3.1593,42.3832],[3.1593,42.3833],[3.1592,42.3833],[3.1592,42.3834],[3.1592,42.3835],[3.1591,42.3835],[3.1591,42.3836],[3.159,42.3836],[3.1591,42.3837],[3.1592,42.3837],[3.1593,42.3837],[3.1593,42.3838],[3.1593,42.3837]]],[[[3.2031,42.2402],[3.2032,42.2402],[3.2033,42.2402],[3.2033,42.2401],[3.2034,42.2401],[3.2035,42.2401],[3.2035,42.24],[3.2035,42.2399],[3.2034,42.2399],[3.2033,42.2399],[3.2032,42.2399],[3.2031,42.2399],[3.203,42.2399],[3.2029,42.24],[3.2028,42.24],[3.2028,42.2401],[3.2027,42.2401],[3.2027,42.2402],[3.2028,42.2402],[3.2029,42.2402],[3.203,42.2402],[3.2031,42.2402]]],[[[3.1761,42.3547],[3.1761,42.3548],[3.1762,42.3548],[3.1763,42.3547],[3.1763,42.3546],[3.1762,42.3546],[3.1761,42.3546],[3.176,42.3546],[3.176,42.3545],[3.1759,42.3545],[3.1758,42.3545],[3.1757,42.3544],[3.1756,42.3544],[3.1756,42.3545],[3.1755,42.3545],[3.1756,42.3545],[3.1756,42.3546],[3.1757,42.3546],[3.1756,42.3546],[3.1756,42.3547],[3.1757,42.3547],[3.1758,42.3548],[3.1759,42.3548],[3.176,42.3548],[3.1761,42.3548],[3.1761,42.3547]]],[[[3.264,42.2375],[3.2639,42.2375],[3.264,42.2375],[3.2641,42.2375],[3.2642,42.2374],[3.2643,42.2374],[3.2643,42.2373],[3.2644,42.2373],[3.2643,42.2373],[3.2642,42.2373],[3.2641,42.2373],[3.264,42.2373],[3.264,42.2372],[3.2639,42.2372],[3.2638,42.2372],[3.2637,42.2372],[3.2636,42.2372],[3.2635,42.2372],[3.2634,42.2372],[3.2634,42.2373],[3.2633,42.2373],[3.2634,42.2373],[3.2634,42.2374],[3.2635,42.2374],[3.2636,42.2374],[3.2636,42.2375],[3.2637,42.2375],[3.2638,42.2375],[3.2639,42.2375],[3.264,42.2376],[3.264,42.2375]]],[[[3.3092,42.2921],[3.3093,42.2921],[3.3093,42.292],[3.3094,42.292],[3.3095,42.292],[3.3095,42.2919],[3.3096,42.2919],[3.3096,42.2918],[3.3097,42.2918],[3.3097,42.2917],[3.3098,42.2916],[3.3097,42.2916],[3.3097,42.2915],[3.3097,42.2916],[3.3096,42.2916],[3.3095,42.2916],[3.3095,42.2917],[3.3094,42.2917],[3.3093,42.2917],[3.3093,42.2918],[3.3093,42.2919],[3.3092,42.2919],[3.3091,42.292],[3.3091,42.2921],[3.309,42.2921],[3.309,42.2922],[3.3089,42.2922],[3.3089,42.2923],[3.3089,42.2924],[3.3088,42.2924],[3.3089,42.2925],[3.309,42.2925],[3.309,42.2924],[3.3091,42.2924],[3.3091,42.2923],[3.3092,42.2923],[3.3092,42.2922],[3.3092,42.2921]]],[[[3.297,42.2896],[3.297,42.2895],[3.2971,42.2895],[3.297,42.2895],[3.2971,42.2894],[3.2972,42.2894],[3.2972,42.2895],[3.2973,42.2895],[3.2973,42.2894],[3.2974,42.2894],[3.2975,42.2894],[3.2975,42.2893],[3.2976,42.2893],[3.2975,42.2893],[3.2974,42.2893],[3.2973,42.2893],[3.2974,42.2893],[3.2974,42.2892],[3.2973,42.2892],[3.2973,42.2891],[3.2972,42.2891],[3.2971,42.2891],[3.2971,42.289],[3.297,42.289],[3.2969,42.2891],[3.2968,42.2891],[3.2968,42.2892],[3.2967,42.2892],[3.2967,42.2893],[3.2968,42.2893],[3.2969,42.2893],[3.2968,42.2893],[3.2968,42.2894],[3.2968,42.2895],[3.2967,42.2895],[3.2967,42.2896],[3.2968,42.2896],[3.2967,42.2896],[3.2968,42.2896],[3.2969,42.2896],[3.297,42.2896]]],[[[3.1656,42.4113],[3.1656,42.4112],[3.1656,42.4111],[3.1655,42.4111],[3.1655,42.411],[3.1654,42.411],[3.1654,42.4109],[3.1653,42.4109],[3.1653,42.4108],[3.1652,42.4108],[3.1651,42.4108],[3.1651,42.4107],[3.165,42.4107],[3.1649,42.4107],[3.1649,42.4106],[3.1648,42.4106],[3.1648,42.4107],[3.1649,42.4107],[3.1649,42.4108],[3.1648,42.4108],[3.1647,42.4108],[3.1647,42.4109],[3.1648,42.4109],[3.1648,42.411],[3.1649,42.411],[3.1649,42.4111],[3.165,42.4111],[3.165,42.4112],[3.1651,42.4112],[3.1652,42.4112],[3.1653,42.4112],[3.1654,42.4112],[3.1654,42.4113],[3.1655,42.4113],[3.1656,42.4113]]],[[[3.1984,42.243],[3.1985,42.243],[3.1985,42.2429],[3.1986,42.2429],[3.1986,42.2428],[3.1985,42.2428],[3.1985,42.2427],[3.1985,42.2426],[3.1984,42.2426],[3.1983,42.2426],[3.1983,42.2425],[3.1982,42.2425],[3.1981,42.2425],[3.198,42.2425],[3.1979,42.2425],[3.1979,42.2426],[3.1978,42.2426],[3.1978,42.2427],[3.1977,42.2427],[3.1978,42.2427],[3.1978,42.2428],[3.1979,42.2428],[3.1979,42.2429],[3.198,42.2429],[3.198,42.243],[3.1981,42.243],[3.1982,42.2431],[3.1983,42.243],[3.1983,42.2431],[3.1983,42.243],[3.1984,42.243]]],[[[3.1238,42.1361],[3.1238,42.136],[3.1239,42.136],[3.1238,42.136],[3.1238,42.1359],[3.1239,42.1359],[3.1238,42.1359],[3.1239,42.1359],[3.1239,42.1358],[3.1238,42.1358],[3.1238,42.1357],[3.1238,42.1356],[3.1237,42.1356],[3.1236,42.1355],[3.1236,42.1356],[3.1237,42.1356],[3.1236,42.1356],[3.1236,42.1357],[3.1235,42.1357],[3.1235,42.1356],[3.1234,42.1356],[3.1233,42.1356],[3.1233,42.1355],[3.1233,42.1354],[3.1233,42.1353],[3.1233,42.1354],[3.1233,42.1353],[3.1232,42.1353],[3.1232,42.1352],[3.1233,42.1352],[3.1232,42.1352],[3.1232,42.1353],[3.1231,42.1353],[3.1231,42.1354],[3.1231,42.1355],[3.1231,42.1356],[3.1231,42.1357],[3.1232,42.1358],[3.1232,42.1359],[3.1232,42.136],[3.1233,42.1359],[3.1233,42.136],[3.1233,42.1359],[3.1234,42.1359],[3.1233,42.1359],[3.1234,42.1359],[3.1235,42.136],[3.1235,42.1361],[3.1236,42.1361],[3.1236,42.136],[3.1236,42.1361],[3.1237,42.1361],[3.1238,42.1361]]],[[[3.2408,42.3376],[3.2408,42.3377],[3.2409,42.3377],[3.241,42.3377],[3.2411,42.3377],[3.2411,42.3376],[3.2412,42.3376],[3.2413,42.3375],[3.2412,42.3375],[3.2413,42.3375],[3.2413,42.3374],[3.2412,42.3374],[3.2411,42.3374],[3.241,42.3374],[3.2409,42.3374],[3.2409,42.3373],[3.241,42.3373],[3.2409,42.3372],[3.241,42.3372],[3.2409,42.3372],[3.2408,42.3371],[3.2407,42.3371],[3.2406,42.3371],[3.2406,42.3372],[3.2405,42.3372],[3.2405,42.3373],[3.2404,42.3373],[3.2405,42.3373],[3.2404,42.3373],[3.2404,42.3374],[3.2404,42.3375],[3.2404,42.3376],[3.2405,42.3376],[3.2405,42.3377],[3.2406,42.3377],[3.2407,42.3377],[3.2408,42.3377],[3.2408,42.3376]]],[[[3.183,42.3535],[3.1831,42.3535],[3.1831,42.3536],[3.1832,42.3536],[3.1832,42.3535],[3.1833,42.3535],[3.1834,42.3535],[3.1834,42.3534],[3.1833,42.3534],[3.1832,42.3534],[3.1831,42.3534],[3.1832,42.3534],[3.1833,42.3534],[3.1833,42.3533],[3.1833,42.3532],[3.1832,42.3532],[3.1831,42.3532],[3.1832,42.3532],[3.1832,42.3531],[3.1832,42.353],[3.1831,42.353],[3.1831,42.3531],[3.1831,42.3532],[3.183,42.3532],[3.183,42.3531],[3.1829,42.3531],[3.1828,42.3531],[3.1828,42.353],[3.1829,42.353],[3.1829,42.3529],[3.183,42.3529],[3.183,42.3528],[3.1829,42.3528],[3.1829,42.3527],[3.1828,42.3527],[3.1828,42.3528],[3.1827,42.3528],[3.1826,42.3528],[3.1825,42.3528],[3.1825,42.3529],[3.1824,42.3529],[3.1824,42.353],[3.1825,42.353],[3.1825,42.3531],[3.1825,42.3532],[3.1826,42.3532],[3.1826,42.3533],[3.1825,42.3533],[3.1825,42.3534],[3.1825,42.3535],[3.1826,42.3535],[3.1827,42.3536],[3.1828,42.3536],[3.1828,42.3537],[3.1829,42.3537],[3.183,42.3536],[3.183,42.3535]]],[[[3.2787,42.2825],[3.2788,42.2825],[3.2789,42.2825],[3.279,42.2825],[3.2791,42.2824],[3.2792,42.2824],[3.2793,42.2824],[3.2794,42.2824],[3.2794,42.2823],[3.2795,42.2823],[3.2796,42.2823],[3.2796,42.2822],[3.2795,42.2822],[3.2795,42.2821],[3.2796,42.2821],[3.2797,42.282],[3.2798,42.282],[3.2799,42.282],[3.2798,42.282],[3.2797,42.282],[3.2796,42.282],[3.2797,42.282],[3.2797,42.2819],[3.2798,42.2819],[3.2798,42.2818],[3.2799,42.2818],[3.28,42.2818],[3.28,42.2817],[3.2801,42.2817],[3.2801,42.2816],[3.2802,42.2816],[3.2801,42.2816],[3.28,42.2816],[3.2799,42.2816],[3.2799,42.2817],[3.2798,42.2817],[3.2797,42.2817],[3.2796,42.2817],[3.2795,42.2818],[3.2794,42.2818],[3.2793,42.2818],[3.2793,42.2819],[3.2792,42.2819],[3.2791,42.2819],[3.2791,42.282],[3.279,42.282],[3.2789,42.282],[3.2789,42.2821],[3.2788,42.2822],[3.2788,42.2823],[3.2787,42.2823],[3.2786,42.2824],[3.2786,42.2825],[3.2785,42.2825],[3.2786,42.2825],[3.2787,42.2825]]],[[[3.2422,42.3401],[3.2423,42.3401],[3.2424,42.3401],[3.2425,42.3401],[3.2425,42.34],[3.2424,42.34],[3.2425,42.34],[3.2426,42.34],[3.2427,42.3399],[3.2428,42.3399],[3.2429,42.3399],[3.243,42.3399],[3.243,42.3398],[3.2431,42.3398],[3.2432,42.3397],[3.2432,42.3396],[3.2432,42.3395],[3.2433,42.3395],[3.2433,42.3394],[3.2433,42.3393],[3.2434,42.3393],[3.2433,42.3393],[3.2432,42.3393],[3.2432,42.3394],[3.2431,42.3394],[3.243,42.3394],[3.2429,42.3394],[3.2428,42.3394],[3.2428,42.3395],[3.2427,42.3395],[3.2426,42.3395],[3.2425,42.3395],[3.2424,42.3395],[3.2424,42.3396],[3.2423,42.3396],[3.2422,42.3396],[3.2421,42.3396],[3.2421,42.3397],[3.242,42.3397],[3.2419,42.3397],[3.2418,42.3397],[3.2418,42.3398],[3.2419,42.3398],[3.2419,42.3399],[3.242,42.3399],[3.242,42.34],[3.2421,42.34],[3.2422,42.34],[3.2422,42.3401],[3.2421,42.3401],[3.2422,42.3401]]],[[[3.3083,42.2923],[3.3084,42.2923],[3.3085,42.2923],[3.3085,42.2922],[3.3086,42.2922],[3.3087,42.2921],[3.3087,42.2922],[3.3088,42.2922],[3.3088,42.2921],[3.3089,42.2921],[3.3089,42.292],[3.309,42.292],[3.309,42.2919],[3.3091,42.2919],[3.3091,42.2918],[3.309,42.2918],[3.3089,42.2918],[3.309,42.2918],[3.309,42.2917],[3.3091,42.2917],[3.3092,42.2917],[3.3092,42.2916],[3.3092,42.2915],[3.3093,42.2915],[3.3093,42.2914],[3.3093,42.2913],[3.3092,42.2913],[3.3091,42.2913],[3.3091,42.2912],[3.309,42.2912],[3.3089,42.2912],[3.3088,42.2911],[3.3088,42.2912],[3.3087,42.2912],[3.3087,42.2913],[3.3086,42.2913],[3.3086,42.2914],[3.3085,42.2914],[3.3085,42.2915],[3.3085,42.2916],[3.3084,42.2916],[3.3084,42.2917],[3.3084,42.2918],[3.3083,42.2918],[3.3083,42.2919],[3.3084,42.2919],[3.3084,42.292],[3.3084,42.2919],[3.3085,42.2919],[3.3085,42.292],[3.3084,42.292],[3.3084,42.2921],[3.3083,42.2921],[3.3083,42.2922],[3.3083,42.2923],[3.3082,42.2923],[3.3082,42.2924],[3.3083,42.2924],[3.3083,42.2923]]],[[[3.2956,42.2953],[3.2957,42.2953],[3.2958,42.2953],[3.2959,42.2953],[3.2959,42.2952],[3.296,42.2952],[3.2961,42.2952],[3.2961,42.2951],[3.2962,42.2951],[3.2962,42.295],[3.2963,42.295],[3.2963,42.2949],[3.2964,42.2949],[3.2964,42.2948],[3.2964,42.2947],[3.2963,42.2947],[3.2963,42.2946],[3.2964,42.2946],[3.2964,42.2945],[3.2965,42.2945],[3.2965,42.2944],[3.2966,42.2944],[3.2967,42.2944],[3.2967,42.2945],[3.2968,42.2944],[3.2967,42.2944],[3.2967,42.2943],[3.2966,42.2943],[3.2965,42.2943],[3.2965,42.2942],[3.2965,42.2943],[3.2964,42.2942],[3.2965,42.2942],[3.2965,42.2941],[3.2966,42.294],[3.2966,42.2939],[3.2965,42.2939],[3.2965,42.294],[3.2964,42.294],[3.2964,42.2941],[3.2963,42.2941],[3.2963,42.2942],[3.2962,42.2942],[3.2962,42.2943],[3.2961,42.2943],[3.296,42.2944],[3.296,42.2945],[3.2959,42.2945],[3.2958,42.2945],[3.2958,42.2946],[3.2957,42.2946],[3.2957,42.2947],[3.2956,42.2947],[3.2956,42.2948],[3.2955,42.2948],[3.2955,42.2949],[3.2956,42.2949],[3.2956,42.295],[3.2956,42.2951],[3.2955,42.2952],[3.2955,42.2953],[3.2954,42.2954],[3.2953,42.2955],[3.2954,42.2955],[3.2955,42.2955],[3.2955,42.2954],[3.2956,42.2954],[3.2956,42.2953]]],[[[3.3318,42.3202],[3.3319,42.3202],[3.332,42.3202],[3.332,42.3201],[3.3321,42.3201],[3.3322,42.3201],[3.3323,42.3201],[3.3323,42.32],[3.3324,42.32],[3.3324,42.3201],[3.3325,42.3201],[3.3325,42.32],[3.3325,42.3199],[3.3324,42.3199],[3.3324,42.3198],[3.3324,42.3197],[3.3323,42.3197],[3.3323,42.3196],[3.3322,42.3196],[3.3322,42.3195],[3.3321,42.3195],[3.3321,42.3194],[3.3321,42.3193],[3.3322,42.3193],[3.3322,42.3192],[3.3321,42.3192],[3.332,42.3192],[3.332,42.3191],[3.3319,42.3191],[3.3318,42.3191],[3.3317,42.3191],[3.3317,42.3192],[3.3316,42.3192],[3.3316,42.3193],[3.3315,42.3193],[3.3316,42.3193],[3.3317,42.3194],[3.3316,42.3194],[3.3317,42.3194],[3.3316,42.3194],[3.3315,42.3194],[3.3315,42.3195],[3.3316,42.3195],[3.3315,42.3195],[3.3315,42.3196],[3.3315,42.3197],[3.3314,42.3198],[3.3314,42.3199],[3.3314,42.32],[3.3314,42.3201],[3.3315,42.3201],[3.3315,42.3202],[3.3316,42.3202],[3.3317,42.3202],[3.3318,42.3202]]],[[[3.1659,42.4018],[3.166,42.4018],[3.1661,42.4018],[3.1661,42.4017],[3.1661,42.4016],[3.1662,42.4016],[3.1663,42.4016],[3.1663,42.4017],[3.1663,42.4016],[3.1664,42.4016],[3.1664,42.4015],[3.1664,42.4014],[3.1663,42.4014],[3.1664,42.4014],[3.1664,42.4013],[3.1664,42.4012],[3.1663,42.4012],[3.1662,42.4012],[3.1662,42.4011],[3.1661,42.4011],[3.166,42.4011],[3.1659,42.4011],[3.166,42.401],[3.1661,42.4009],[3.166,42.4009],[3.1659,42.4009],[3.1659,42.4008],[3.1658,42.4008],[3.1658,42.4007],[3.1658,42.4006],[3.1657,42.4006],[3.1656,42.4006],[3.1655,42.4007],[3.1654,42.4007],[3.1653,42.4007],[3.1652,42.4008],[3.1652,42.4009],[3.1652,42.401],[3.1652,42.4011],[3.1653,42.4012],[3.1653,42.4013],[3.1653,42.4014],[3.1653,42.4015],[3.1654,42.4015],[3.1654,42.4016],[3.1655,42.4016],[3.1655,42.4017],[3.1654,42.4017],[3.1654,42.4016],[3.1653,42.4016],[3.1652,42.4016],[3.1652,42.4017],[3.1653,42.4017],[3.1653,42.4018],[3.1654,42.4018],[3.1655,42.4018],[3.1656,42.4018],[3.1657,42.4019],[3.1658,42.4019],[3.1659,42.4019],[3.1659,42.4018]]],[[[3.2859,42.3335],[3.286,42.3334],[3.2861,42.3334],[3.2861,42.3333],[3.2862,42.3333],[3.2863,42.3333],[3.2864,42.3333],[3.2864,42.3332],[3.2865,42.3332],[3.2865,42.3331],[3.2866,42.3331],[3.2866,42.333],[3.2865,42.333],[3.2865,42.3329],[3.2866,42.3329],[3.2866,42.3328],[3.2867,42.3328],[3.2867,42.3329],[3.2868,42.3329],[3.2869,42.3329],[3.2869,42.3328],[3.287,42.3328],[3.2871,42.3328],[3.2871,42.3327],[3.287,42.3327],[3.2869,42.3327],[3.2869,42.3326],[3.2869,42.3325],[3.2869,42.3324],[3.2868,42.3324],[3.2867,42.3324],[3.2866,42.3324],[3.2865,42.3324],[3.2865,42.3323],[3.2866,42.3323],[3.2867,42.3323],[3.2868,42.3323],[3.2868,42.3322],[3.2867,42.3322],[3.2866,42.3322],[3.2866,42.3321],[3.2865,42.3321],[3.2865,42.3322],[3.2864,42.3322],[3.2864,42.3321],[3.2863,42.3321],[3.2862,42.3322],[3.2861,42.3322],[3.286,42.3322],[3.286,42.3323],[3.286,42.3324],[3.2859,42.3324],[3.2859,42.3325],[3.286,42.3325],[3.2859,42.3326],[3.2858,42.3327],[3.2857,42.3327],[3.2857,42.3328],[3.2856,42.3329],[3.2856,42.333],[3.2857,42.3329],[3.2857,42.333],[3.2858,42.333],[3.2859,42.333],[3.2859,42.3331],[3.286,42.3331],[3.286,42.333],[3.2861,42.333],[3.2862,42.333],[3.2861,42.333],[3.2861,42.3331],[3.286,42.3331],[3.2859,42.3331],[3.2859,42.3332],[3.2859,42.3333],[3.2858,42.3333],[3.2858,42.3334],[3.2858,42.3335],[3.2858,42.3334],[3.2859,42.3334],[3.2859,42.3335]]],[[[3.3054,42.3281],[3.3054,42.3282],[3.3055,42.3282],[3.3056,42.3281],[3.3056,42.328],[3.3057,42.328],[3.3057,42.3281],[3.3058,42.3281],[3.3059,42.3281],[3.3059,42.328],[3.306,42.328],[3.3061,42.328],[3.3062,42.3279],[3.3063,42.3279],[3.3064,42.3279],[3.3065,42.3279],[3.3066,42.3278],[3.3065,42.3278],[3.3064,42.3278],[3.3063,42.3278],[3.3063,42.3277],[3.3062,42.3277],[3.3063,42.3277],[3.3064,42.3277],[3.3064,42.3276],[3.3065,42.3276],[3.3066,42.3276],[3.3067,42.3276],[3.3066,42.3276],[3.3066,42.3275],[3.3066,42.3276],[3.3065,42.3276],[3.3064,42.3276],[3.3064,42.3275],[3.3065,42.3275],[3.3064,42.3275],[3.3063,42.3275],[3.3064,42.3275],[3.3064,42.3274],[3.3063,42.3274],[3.3062,42.3274],[3.3061,42.3275],[3.306,42.3275],[3.306,42.3274],[3.306,42.3275],[3.3059,42.3275],[3.3059,42.3274],[3.3059,42.3275],[3.3058,42.3275],[3.3057,42.3274],[3.3056,42.3274],[3.3056,42.3273],[3.3055,42.3273],[3.3054,42.3273],[3.3054,42.3272],[3.3053,42.3271],[3.3053,42.3272],[3.3053,42.3271],[3.3052,42.3271],[3.3051,42.3271],[3.305,42.3271],[3.3049,42.3271],[3.3048,42.3271],[3.3047,42.3271],[3.3046,42.3271],[3.3045,42.3271],[3.3045,42.3272],[3.3044,42.3272],[3.3044,42.3273],[3.3044,42.3272],[3.3043,42.3272],[3.3042,42.3272],[3.3042,42.3271],[3.3041,42.3271],[3.3041,42.3272],[3.304,42.3272],[3.304,42.3273],[3.3041,42.3274],[3.304,42.3274],[3.304,42.3275],[3.3041,42.3275],[3.3041,42.3276],[3.3042,42.3276],[3.3042,42.3277],[3.3043,42.3277],[3.3043,42.3276],[3.3043,42.3275],[3.3043,42.3274],[3.3044,42.3274],[3.3044,42.3275],[3.3045,42.3275],[3.3046,42.3276],[3.3046,42.3277],[3.3047,42.3277],[3.3047,42.3278],[3.3048,42.3278],[3.3048,42.3279],[3.3049,42.328],[3.305,42.328],[3.3051,42.328],[3.3051,42.3281],[3.3051,42.3282],[3.3052,42.3282],[3.3053,42.3282],[3.3053,42.3281],[3.3054,42.3281]]],[[[3.2923,42.2825],[3.2924,42.2824],[3.2925,42.2824],[3.2926,42.2825],[3.2926,42.2824],[3.2927,42.2824],[3.2928,42.2824],[3.2928,42.2823],[3.2929,42.2823],[3.293,42.2822],[3.293,42.2821],[3.2931,42.2821],[3.2932,42.2821],[3.2933,42.282],[3.2933,42.2819],[3.2934,42.2819],[3.2934,42.2818],[3.2935,42.2817],[3.2935,42.2816],[3.2936,42.2815],[3.2936,42.2814],[3.2935,42.2814],[3.2935,42.2813],[3.2934,42.2814],[3.2934,42.2813],[3.2935,42.2813],[3.2934,42.2812],[3.2935,42.2812],[3.2935,42.2811],[3.2936,42.2811],[3.2937,42.2811],[3.2937,42.281],[3.2937,42.2809],[3.2936,42.2809],[3.2936,42.2808],[3.2935,42.2808],[3.2935,42.2809],[3.2934,42.2809],[3.2933,42.2809],[3.2932,42.281],[3.2932,42.2809],[3.2933,42.2809],[3.2932,42.2809],[3.2932,42.2808],[3.2932,42.2807],[3.2932,42.2806],[3.2933,42.2806],[3.2932,42.2806],[3.2932,42.2805],[3.2933,42.2805],[3.2933,42.2804],[3.2932,42.2804],[3.2931,42.2804],[3.293,42.2804],[3.293,42.2803],[3.2929,42.2803],[3.2929,42.2804],[3.2928,42.2804],[3.2928,42.2805],[3.2927,42.2805],[3.2926,42.2806],[3.2927,42.2806],[3.2927,42.2807],[3.2927,42.2808],[3.2926,42.2808],[3.2925,42.2808],[3.2924,42.2808],[3.2923,42.2808],[3.2923,42.2809],[3.2922,42.2809],[3.2922,42.281],[3.2921,42.281],[3.292,42.281],[3.2919,42.2811],[3.2918,42.2811],[3.2918,42.2812],[3.2918,42.2813],[3.2917,42.2813],[3.2917,42.2814],[3.2917,42.2815],[3.2918,42.2815],[3.2918,42.2816],[3.2919,42.2816],[3.292,42.2817],[3.2919,42.2817],[3.2918,42.2817],[3.2918,42.2818],[3.2919,42.2818],[3.2919,42.2819],[3.2919,42.282],[3.2918,42.282],[3.2918,42.2821],[3.2919,42.2821],[3.292,42.2821],[3.2919,42.2821],[3.292,42.2822],[3.292,42.2823],[3.292,42.2824],[3.2921,42.2824],[3.2922,42.2824],[3.2922,42.2825],[3.2923,42.2825]]],[[[3.3193,42.3249],[3.3244,42.3213],[3.3193,42.323],[3.3193,42.3249]]],[[[3.2953,42.2943],[3.2954,42.2943],[3.2955,42.2943],[3.2956,42.2943],[3.2956,42.2942],[3.2957,42.2942],[3.2958,42.2942],[3.2959,42.2942],[3.296,42.2942],[3.2961,42.2942],[3.2961,42.2941],[3.2962,42.2941],[3.2962,42.294],[3.2963,42.294],[3.2962,42.294],[3.2963,42.294],[3.2963,42.2939],[3.2964,42.2938],[3.2965,42.2938],[3.2965,42.2937],[3.2966,42.2937],[3.2966,42.2936],[3.2967,42.2935],[3.2967,42.2934],[3.2968,42.2934],[3.2968,42.2933],[3.2967,42.2932],[3.2967,42.2933],[3.2966,42.2932],[3.2965,42.2932],[3.2964,42.2932],[3.2964,42.2933],[3.2963,42.2933],[3.2964,42.2932],[3.2964,42.2931],[3.2964,42.293],[3.2965,42.293],[3.2966,42.293],[3.2967,42.293],[3.2967,42.2929],[3.2966,42.2929],[3.2966,42.293],[3.2966,42.2929],[3.2965,42.2929],[3.2965,42.293],[3.2964,42.293],[3.2965,42.2929],[3.2965,42.2928],[3.2964,42.2928],[3.2965,42.2928],[3.2965,42.2927],[3.2964,42.2927],[3.2963,42.2927],[3.2963,42.2926],[3.2962,42.2926],[3.2961,42.2926],[3.296,42.2926],[3.2959,42.2926],[3.2959,42.2925],[3.296,42.2925],[3.2961,42.2925],[3.2962,42.2925],[3.2963,42.2925],[3.2963,42.2924],[3.2963,42.2925],[3.2963,42.2924],[3.2964,42.2924],[3.2964,42.2923],[3.2964,42.2922],[3.2964,42.2923],[3.2963,42.2923],[3.2963,42.2922],[3.2964,42.2922],[3.2965,42.2921],[3.2966,42.2921],[3.2967,42.2921],[3.2967,42.292],[3.2967,42.2919],[3.2968,42.2919],[3.2968,42.2918],[3.2969,42.2918],[3.2968,42.2918],[3.2968,42.2919],[3.2967,42.2919],[3.2967,42.2918],[3.2968,42.2918],[3.2967,42.2917],[3.2968,42.2916],[3.2967,42.2916],[3.2966,42.2916],[3.2967,42.2916],[3.2966,42.2916],[3.2966,42.2915],[3.2965,42.2915],[3.2965,42.2914],[3.2964,42.2914],[3.2963,42.2914],[3.2963,42.2913],[3.2964,42.2913],[3.2964,42.2912],[3.2965,42.2912],[3.2966,42.2912],[3.2967,42.2912],[3.2967,42.2911],[3.2966,42.2911],[3.2967,42.291],[3.2967,42.2909],[3.2968,42.2909],[3.2968,42.2908],[3.2967,42.2909],[3.2967,42.2908],[3.2968,42.2908],[3.2968,42.2907],[3.2969,42.2907],[3.2968,42.2907],[3.2967,42.2907],[3.2966,42.2908],[3.2965,42.2908],[3.2965,42.2909],[3.2964,42.2909],[3.2964,42.291],[3.2963,42.291],[3.2962,42.291],[3.2962,42.2911],[3.2962,42.291],[3.2961,42.291],[3.2961,42.2909],[3.2962,42.2909],[3.2962,42.2908],[3.2963,42.2908],[3.2964,42.2908],[3.2964,42.2907],[3.2965,42.2907],[3.2965,42.2906],[3.2966,42.2906],[3.2966,42.2905],[3.2967,42.2905],[3.2967,42.2904],[3.2966,42.2904],[3.2967,42.2903],[3.2968,42.2903],[3.2967,42.2903],[3.2966,42.2903],[3.2965,42.2904],[3.2964,42.2904],[3.2963,42.2904],[3.2963,42.2903],[3.2962,42.2903],[3.2961,42.2903],[3.2961,42.2904],[3.296,42.2903],[3.2961,42.2902],[3.2962,42.2902],[3.2962,42.2901],[3.2961,42.2901],[3.2961,42.2902],[3.2961,42.2901],[3.296,42.2901],[3.2959,42.2901],[3.2959,42.2902],[3.2958,42.2902],[3.2958,42.2903],[3.2957,42.2903],[3.2957,42.2904],[3.2956,42.2904],[3.2956,42.2905],[3.2955,42.2905],[3.2954,42.2906],[3.2953,42.2906],[3.2953,42.2907],[3.2952,42.2907],[3.2952,42.2908],[3.2952,42.2909],[3.2951,42.2909],[3.295,42.2909],[3.2949,42.2909],[3.2948,42.2909],[3.2949,42.2909],[3.2949,42.291],[3.2948,42.2911],[3.2948,42.2912],[3.2947,42.2912],[3.2947,42.2913],[3.2946,42.2913],[3.2946,42.2914],[3.2945,42.2914],[3.2944,42.2914],[3.2944,42.2915],[3.2943,42.2915],[3.2942,42.2915],[3.2942,42.2916],[3.2941,42.2916],[3.2941,42.2917],[3.294,42.2917],[3.294,42.2918],[3.2939,42.2918],[3.2938,42.2919],[3.2937,42.292],[3.2936,42.292],[3.2936,42.2921],[3.2935,42.2922],[3.2935,42.2923],[3.2934,42.2923],[3.2934,42.2924],[3.2933,42.2924],[3.2933,42.2925],[3.2933,42.2926],[3.2932,42.2926],[3.2932,42.2927],[3.2932,42.2928],[3.2931,42.2928],[3.2931,42.2929],[3.2932,42.2929],[3.2932,42.293],[3.2933,42.293],[3.2933,42.2929],[3.2934,42.2929],[3.2934,42.2928],[3.2935,42.2928],[3.2936,42.2928],[3.2937,42.2928],[3.2937,42.2927],[3.2938,42.2927],[3.2939,42.2927],[3.294,42.2927],[3.2941,42.2927],[3.2941,42.2928],[3.2941,42.2929],[3.2941,42.293],[3.294,42.293],[3.294,42.2931],[3.294,42.2932],[3.2939,42.2932],[3.2939,42.2933],[3.2939,42.2934],[3.2938,42.2934],[3.2938,42.2935],[3.2938,42.2936],[3.2939,42.2936],[3.2939,42.2935],[3.294,42.2935],[3.2941,42.2935],[3.2942,42.2935],[3.2943,42.2935],[3.2943,42.2936],[3.2942,42.2937],[3.2942,42.2938],[3.2943,42.2937],[3.2944,42.2937],[3.2944,42.2936],[3.2945,42.2936],[3.2945,42.2937],[3.2946,42.2936],[3.2946,42.2937],[3.2947,42.2937],[3.2947,42.2938],[3.2946,42.2939],[3.2946,42.294],[3.2947,42.2941],[3.2946,42.2941],[3.2946,42.2942],[3.2947,42.2942],[3.2948,42.2942],[3.2948,42.2941],[3.2949,42.2941],[3.2949,42.2942],[3.2948,42.2943],[3.2949,42.2943],[3.295,42.2943],[3.295,42.2942],[3.2951,42.2942],[3.2952,42.2942],[3.2953,42.2942],[3.2953,42.2943],[3.2952,42.2943],[3.2953,42.2943]]],[[[3.1701,42.1081],[3.1615,42.1089],[3.1537,42.1044],[3.1484,42.1029],[3.1431,42.1015],[3.1379,42.1001],[3.1327,42.0984],[3.1309,42.1035],[3.1276,42.1085],[3.1212,42.1067],[3.1126,42.1034],[3.1073,42.1062],[3.1062,42.1114],[3.1077,42.1166],[3.1025,42.1182],[3.0972,42.1187],[3.0958,42.1238],[3.0907,42.125],[3.0857,42.12],[3.0805,42.1191],[3.0752,42.1176],[3.07,42.1186],[3.0622,42.1168],[3.0571,42.1143],[3.0499,42.1125],[3.0426,42.1158],[3.0363,42.1206],[3.0313,42.1246],[3.0262,42.1253],[3.0209,42.1274],[3.0159,42.129],[3.0122,42.1341],[3.0049,42.1397],[2.9994,42.1349],[2.9957,42.1296],[2.995,42.1233],[2.9815,42.1188],[2.9752,42.1151],[2.9627,42.1145],[2.9558,42.1128],[2.9506,42.1136],[2.9455,42.1141],[2.9404,42.116],[2.9349,42.1158],[2.9298,42.114],[2.9247,42.1152],[2.9193,42.1149],[2.9141,42.1129],[2.9087,42.1116],[2.8986,42.1204],[2.8986,42.1255],[2.8992,42.1307],[2.9011,42.1358],[2.8998,42.1409],[2.8944,42.147],[2.8885,42.1499],[2.8912,42.155],[2.897,42.1616],[2.8965,42.1673],[2.8945,42.1724],[2.8931,42.1777],[2.8855,42.1816],[2.8795,42.1833],[2.8777,42.1884],[2.8788,42.1935],[2.8733,42.1962],[2.8681,42.1995],[2.863,42.2002],[2.8613,42.1951],[2.8589,42.19],[2.8517,42.1822],[2.8414,42.1812],[2.8355,42.1795],[2.8279,42.183],[2.8335,42.1893],[2.8341,42.1983],[2.8288,42.1998],[2.8236,42.2008],[2.8183,42.1996],[2.8132,42.1989],[2.8082,42.2013],[2.8026,42.2005],[2.7946,42.1988],[2.7862,42.1988],[2.7847,42.2038],[2.7822,42.2089],[2.7778,42.2139],[2.7762,42.2224],[2.7736,42.2322],[2.7685,42.2384],[2.7693,42.2452],[2.7715,42.2522],[2.7602,42.2564],[2.7522,42.2588],[2.7442,42.2609],[2.737,42.2625],[2.7305,42.2639],[2.7276,42.2561],[2.7268,42.2511],[2.7182,42.2508],[2.71,42.2501],[2.7028,42.2497],[2.7025,42.2587],[2.7079,42.2638],[2.705,42.269],[2.6996,42.2723],[2.6946,42.2739],[2.6893,42.2734],[2.684,42.2725],[2.679,42.2718],[2.6868,42.265],[2.6817,42.2631],[2.6766,42.2634],[2.6726,42.2569],[2.6714,42.2634],[2.6664,42.2641],[2.6613,42.2676],[2.6664,42.2719],[2.6645,42.2772],[2.6661,42.2822],[2.6629,42.2873],[2.6586,42.2924],[2.6533,42.2971],[2.6478,42.2975],[2.6427,42.2971],[2.6375,42.2965],[2.6323,42.296],[2.6299,42.3011],[2.6319,42.3061],[2.6312,42.3116],[2.626,42.3115],[2.6208,42.3097],[2.6155,42.3131],[2.614,42.3181],[2.5918,42.3278],[2.5807,42.3263],[2.5774,42.3213],[2.5722,42.3204],[2.5671,42.3194],[2.562,42.3177],[2.5567,42.3228],[2.5517,42.3274],[2.5466,42.3311],[2.5438,42.3372],[2.5489,42.34],[2.5532,42.3452],[2.5536,42.3502],[2.5586,42.3544],[2.5614,42.3596],[2.5666,42.3577],[2.5717,42.3577],[2.5768,42.3581],[2.5819,42.3571],[2.587,42.3572],[2.5922,42.3529],[2.598,42.3522],[2.6036,42.3491],[2.6087,42.3479],[2.6137,42.3465],[2.6188,42.3456],[2.6239,42.3456],[2.629,42.3467],[2.6341,42.3442],[2.6392,42.344],[2.6443,42.3439],[2.6494,42.3441],[2.6545,42.3432],[2.6596,42.341],[2.6647,42.3405],[2.6697,42.3405],[2.6748,42.3422],[2.6766,42.3473],[2.6762,42.3523],[2.6741,42.3573],[2.6691,42.362],[2.664,42.3647],[2.6615,42.3697],[2.6615,42.3748],[2.6592,42.3798],[2.6541,42.3835],[2.6521,42.3886],[2.6578,42.3876],[2.6643,42.3859],[2.6697,42.3872],[2.6724,42.3933],[2.6731,42.3984],[2.6722,42.4035],[2.6776,42.4058],[2.6827,42.4069],[2.6878,42.4066],[2.6932,42.4066],[2.6984,42.4108],[2.7037,42.4119],[2.7089,42.4152],[2.7141,42.4192],[2.7192,42.422],[2.7242,42.4227],[2.7293,42.4226],[2.7343,42.4245],[2.7394,42.4236],[2.7444,42.4251],[2.7495,42.4253],[2.7547,42.4262],[2.7582,42.4212],[2.7636,42.4174],[2.7693,42.4128],[2.7747,42.4127],[2.7799,42.4142],[2.785,42.4173],[2.7902,42.4178],[2.7953,42.4185],[2.8004,42.4184],[2.8009,42.4239],[2.8041,42.4293],[2.8092,42.4314],[2.8136,42.4364],[2.8188,42.4405],[2.824,42.4392],[2.829,42.4414],[2.8327,42.4465],[2.8324,42.4515],[2.8366,42.4567],[2.8417,42.4585],[2.8468,42.4574],[2.852,42.4554],[2.8579,42.4543],[2.864,42.4593],[2.8641,42.4643],[2.8705,42.4674],[2.8755,42.466],[2.8806,42.4616],[2.886,42.4598],[2.8911,42.462],[2.8961,42.4607],[2.9012,42.4582],[2.9063,42.457],[2.9113,42.4574],[2.9164,42.4564],[2.9214,42.4579],[2.9252,42.463],[2.928,42.468],[2.9309,42.4731],[2.9359,42.4752],[2.941,42.4786],[2.946,42.4805],[2.9511,42.478],[2.9561,42.4758],[2.9612,42.4726],[2.9657,42.4676],[2.9708,42.4659],[2.976,42.4676],[2.9812,42.4688],[2.9863,42.4733],[2.9914,42.4736],[2.9965,42.4735],[3.0016,42.4724],[3.0066,42.4696],[3.0118,42.4673],[3.0169,42.4694],[3.0221,42.4711],[3.0273,42.4725],[3.0323,42.475],[3.0374,42.4736],[3.0423,42.4685],[3.045,42.4634],[3.0473,42.4582],[3.0514,42.4531],[3.0565,42.4485],[3.0623,42.4444],[3.0674,42.4411],[3.0699,42.436],[3.075,42.4352],[3.0792,42.4302],[3.0846,42.4265],[3.0898,42.4256],[3.095,42.4252],[3.1001,42.4257],[3.1051,42.4303],[3.11,42.4354],[3.115,42.4356],[3.1201,42.4379],[3.1251,42.435],[3.1302,42.435],[3.1355,42.4355],[3.1407,42.4338],[3.1457,42.4334],[3.1509,42.4351],[3.156,42.4342],[3.1612,42.4356],[3.1663,42.4352],[3.1716,42.4349],[3.1685,42.4298],[3.1634,42.4295],[3.1685,42.4254],[3.1691,42.4204],[3.169,42.4154],[3.1639,42.4112],[3.1588,42.4084],[3.1634,42.4034],[3.161,42.3983],[3.1559,42.3955],[3.1566,42.3904],[3.1617,42.3906],[3.1668,42.3894],[3.1617,42.3855],[3.1567,42.3814],[3.1573,42.3764],[3.1624,42.3737],[3.166,42.3687],[3.1632,42.3636],[3.1682,42.3589],[3.1733,42.3554],[3.1783,42.3529],[3.1834,42.3516],[3.1884,42.3513],[3.1857,42.3463],[3.19,42.3413],[3.1944,42.3362],[3.1995,42.335],[3.2035,42.3402],[3.202,42.3453],[3.2071,42.3458],[3.2122,42.3472],[3.2173,42.3498],[3.2223,42.3477],[3.2274,42.3505],[3.2324,42.3504],[3.2375,42.3493],[3.2377,42.3443],[3.24,42.3392],[3.2451,42.3363],[3.2486,42.3313],[3.2537,42.3332],[3.2587,42.3351],[3.2619,42.3401],[3.2669,42.3404],[3.272,42.3382],[3.277,42.3373],[3.2789,42.3323],[3.284,42.332],[3.2868,42.327],[3.2919,42.328],[3.297,42.329],[3.3021,42.3266],[3.3071,42.3266],[3.3084,42.3216],[3.3134,42.3244],[3.3185,42.322],[3.3208,42.317],[3.3158,42.3174],[3.3107,42.3127],[3.3057,42.3117],[3.3006,42.3076],[3.2956,42.3047],[3.2905,42.3068],[3.2929,42.3018],[3.2893,42.2968],[3.2879,42.2917],[3.293,42.291],[3.2981,42.2877],[3.2955,42.2827],[3.2904,42.2822],[3.2853,42.2857],[3.2796,42.2889],[3.2757,42.2837],[3.2808,42.2804],[3.2807,42.2754],[3.2828,42.2703],[3.2874,42.2652],[3.2832,42.2602],[3.2808,42.2551],[3.2758,42.2529],[3.2707,42.2536],[3.2657,42.2535],[3.2606,42.2512],[3.2556,42.253],[3.2557,42.248],[3.2608,42.2437],[3.2659,42.2436],[3.2647,42.2386],[3.2596,42.2384],[3.2545,42.2391],[3.2495,42.2406],[3.2464,42.2456],[3.2413,42.25],[3.2362,42.2482],[3.2312,42.2504],[3.2307,42.2454],[3.2289,42.2403],[3.2238,42.237],[3.2188,42.2331],[3.2137,42.2356],[3.2086,42.2377],[3.2036,42.2409],[3.1985,42.2431],[3.1935,42.2469],[3.1884,42.2457],[3.1834,42.2449],[3.1821,42.25],[3.1771,42.251],[3.1776,42.2565],[3.1724,42.2602],[3.1673,42.2647],[3.162,42.2641],[3.1567,42.2625],[3.1516,42.2601],[3.1466,42.2569],[3.1415,42.2533],[3.1365,42.2491],[3.1329,42.244],[3.1279,42.2388],[3.1237,42.2336],[3.1202,42.2285],[3.1175,42.2234],[3.1156,42.2183],[3.1139,42.2133],[3.1125,42.2081],[3.1112,42.2031],[3.1115,42.1981],[3.1111,42.193],[3.1111,42.1879],[3.1114,42.1829],[3.1115,42.1778],[3.112,42.1727],[3.1126,42.1676],[3.1132,42.1626],[3.1138,42.1575],[3.1147,42.1524],[3.1161,42.1474],[3.1178,42.1423],[3.12,42.1372],[3.1224,42.1322],[3.1254,42.1271],[3.1305,42.1274],[3.1356,42.1267],[3.1383,42.1217],[3.1371,42.1166],[3.1423,42.1152],[3.1474,42.1165],[3.1525,42.1197],[3.1575,42.117],[3.1626,42.1155],[3.1676,42.1141],[3.1727,42.1117],[3.1701,42.1081]]]]}},{"type":"Feature","properties":{"id":"03","name":"Alt Penedès","capital":"Vilafranca del Penedès"},"geometry":{"type":"Polygon","coordinates":[[[1.843,41.4932],[1.8482,41.4891],[1.8535,41.4856],[1.8589,41.483],[1.8641,41.4805],[1.8692,41.4784],[1.8728,41.4734],[1.8725,41.4683],[1.8728,41.4633],[1.8744,41.4582],[1.8851,41.4467],[1.8902,41.4416],[1.895,41.4365],[1.8963,41.4315],[1.8913,41.43],[1.8882,41.425],[1.889,41.4199],[1.8834,41.4147],[1.8828,41.4097],[1.8783,41.4047],[1.8762,41.3995],[1.8767,41.3896],[1.8693,41.3873],[1.8709,41.3804],[1.8774,41.3761],[1.8841,41.3729],[1.8892,41.3699],[1.8894,41.3648],[1.8945,41.3609],[1.8984,41.3548],[1.8934,41.3507],[1.8881,41.3477],[1.883,41.3445],[1.878,41.3442],[1.8728,41.3441],[1.8712,41.3388],[1.8661,41.3359],[1.8611,41.3336],[1.8579,41.3285],[1.8533,41.3214],[1.8478,41.3193],[1.8406,41.3154],[1.8354,41.3186],[1.8303,41.3207],[1.8253,41.3191],[1.8202,41.3209],[1.8151,41.321],[1.8099,41.3233],[1.8024,41.3237],[1.7973,41.3229],[1.7921,41.3233],[1.787,41.326],[1.7817,41.3276],[1.7767,41.3281],[1.7715,41.325],[1.7646,41.3217],[1.7631,41.3159],[1.7629,41.3103],[1.7577,41.3061],[1.7542,41.3007],[1.7487,41.3007],[1.7435,41.2977],[1.7385,41.2958],[1.7331,41.2968],[1.7216,41.3014],[1.7096,41.3014],[1.7028,41.2995],[1.7004,41.2945],[1.7017,41.2893],[1.6974,41.2839],[1.6935,41.2789],[1.6903,41.2738],[1.6809,41.2638],[1.6768,41.2587],[1.6716,41.2552],[1.6711,41.2502],[1.668,41.245],[1.6455,41.2382],[1.6398,41.2353],[1.6342,41.2309],[1.6313,41.2258],[1.6233,41.2226],[1.6181,41.2254],[1.6129,41.2303],[1.6077,41.2323],[1.6023,41.235],[1.5965,41.2342],[1.5901,41.2354],[1.584,41.2372],[1.579,41.2409],[1.5771,41.246],[1.5762,41.2511],[1.5749,41.2561],[1.5811,41.2579],[1.5884,41.2577],[1.5944,41.259],[1.5976,41.254],[1.6026,41.2529],[1.6094,41.2502],[1.6153,41.2523],[1.6222,41.2547],[1.6242,41.2623],[1.6269,41.2691],[1.6236,41.2743],[1.6268,41.2803],[1.6296,41.2859],[1.627,41.2909],[1.633,41.2943],[1.628,41.2964],[1.619,41.2941],[1.6144,41.2887],[1.6093,41.2854],[1.6042,41.2866],[1.5992,41.2891],[1.594,41.2919],[1.589,41.2937],[1.5909,41.3007],[1.5967,41.3071],[1.5906,41.3116],[1.5854,41.3143],[1.5803,41.3151],[1.575,41.315],[1.5725,41.3201],[1.5737,41.3252],[1.5688,41.3306],[1.5663,41.3392],[1.5611,41.3425],[1.5667,41.3506],[1.5737,41.3554],[1.5788,41.3564],[1.5784,41.3614],[1.5734,41.3625],[1.5696,41.3675],[1.5646,41.3692],[1.5595,41.368],[1.5541,41.3681],[1.5491,41.3704],[1.5475,41.3758],[1.5425,41.3805],[1.537,41.3853],[1.5318,41.3874],[1.5257,41.3877],[1.5186,41.3889],[1.5131,41.393],[1.5078,41.3937],[1.5026,41.3911],[1.4971,41.3903],[1.4918,41.3867],[1.4866,41.3835],[1.4814,41.3815],[1.4742,41.3805],[1.4773,41.3855],[1.4804,41.3908],[1.4816,41.3964],[1.4867,41.3992],[1.4887,41.4046],[1.4874,41.4097],[1.4832,41.4149],[1.4833,41.42],[1.4775,41.4234],[1.4758,41.4285],[1.482,41.432],[1.4873,41.4333],[1.4926,41.4355],[1.5026,41.4285],[1.5105,41.4349],[1.5157,41.4362],[1.5222,41.4383],[1.5355,41.44],[1.5365,41.445],[1.5415,41.442],[1.5474,41.4469],[1.5538,41.451],[1.5615,41.4511],[1.5666,41.4485],[1.5716,41.4455],[1.5778,41.4452],[1.588,41.4482],[1.5943,41.4513],[1.5914,41.4613],[1.5863,41.4616],[1.5813,41.4638],[1.5706,41.4723],[1.5704,41.4804],[1.576,41.4842],[1.5812,41.4882],[1.5862,41.4915],[1.5914,41.4929],[1.6,41.494],[1.601,41.499],[1.6012,41.5041],[1.6063,41.5045],[1.6101,41.5095],[1.6152,41.5133],[1.6202,41.511],[1.6255,41.5095],[1.6307,41.5081],[1.6359,41.5079],[1.6411,41.5067],[1.6653,41.5067],[1.68,41.5071],[1.6904,41.4881],[1.6955,41.4837],[1.6983,41.4784],[1.7056,41.4729],[1.7107,41.4683],[1.7158,41.4662],[1.7208,41.4657],[1.7259,41.4642],[1.7309,41.4637],[1.736,41.4616],[1.741,41.4612],[1.7462,41.4589],[1.7514,41.4576],[1.7521,41.4513],[1.7691,41.4456],[1.7764,41.4508],[1.7749,41.4558],[1.7741,41.461],[1.7792,41.4633],[1.7844,41.4654],[1.7918,41.4672],[1.797,41.4668],[1.7948,41.4718],[1.7998,41.4748],[1.8049,41.4732],[1.8094,41.4802],[1.8144,41.4807],[1.8195,41.4819],[1.8245,41.4828],[1.8269,41.4879],[1.8298,41.493],[1.835,41.4955],[1.84,41.4944],[1.843,41.4932]],[[1.6355,41.3096],[1.6422,41.3122],[1.6338,41.3133],[1.6355,41.3096]]]}},{"type":"Feature","properties":{"id":"04","name":"Alt Urgell","capital":"la Seu d'Urgell"},"geometry":{"type":"MultiPolygon","coordinates":[[[[1.3194,41.9916],[1.3223,41.9862],[1.3162,41.9826],[1.3137,41.9894],[1.3194,41.9916]]],[[[1.5809,42.4502],[1.5859,42.4488],[1.5912,42.4469],[1.5963,42.4443],[1.5968,42.4392],[1.6,42.4341],[1.6028,42.4291],[1.6045,42.4222],[1.6118,42.4169],[1.6171,42.4146],[1.6225,42.4107],[1.6272,42.4056],[1.6329,42.4046],[1.6455,42.3991],[1.6465,42.3935],[1.6517,42.3872],[1.6554,42.3816],[1.6572,42.3764],[1.6537,42.3706],[1.653,42.3655],[1.6582,42.3659],[1.6601,42.3608],[1.6564,42.3557],[1.6534,42.3505],[1.6546,42.3414],[1.6581,42.3351],[1.6536,42.3134],[1.653,42.3002],[1.6515,42.2864],[1.6566,42.2829],[1.6617,42.2823],[1.6667,42.2797],[1.6718,42.2803],[1.6768,42.2792],[1.6837,42.276],[1.6889,42.277],[1.6918,42.2709],[1.6943,42.264],[1.6888,42.2618],[1.6846,42.2564],[1.6796,42.2558],[1.6744,42.2555],[1.6694,42.2553],[1.6643,42.2544],[1.6592,42.2531],[1.6504,42.2514],[1.6386,42.2474],[1.6334,42.2438],[1.627,42.2391],[1.6255,42.2325],[1.6173,42.2238],[1.6102,42.2127],[1.6118,42.2076],[1.6138,42.201],[1.6087,42.2014],[1.6037,42.2007],[1.5986,42.2002],[1.5935,42.2013],[1.5884,42.203],[1.5833,42.2043],[1.5782,42.2042],[1.5732,42.2059],[1.5681,42.2079],[1.5631,42.2082],[1.558,42.2097],[1.553,42.2099],[1.5478,42.2086],[1.5427,42.2078],[1.5374,42.2061],[1.5324,42.2055],[1.5287,42.1994],[1.5282,42.1943],[1.523,42.1909],[1.5218,42.1859],[1.5168,42.1822],[1.5117,42.1792],[1.5064,42.1762],[1.5011,42.1724],[1.4958,42.1697],[1.4908,42.1666],[1.4853,42.1636],[1.48,42.1608],[1.4741,42.1571],[1.4688,42.154],[1.4634,42.1526],[1.4584,42.1508],[1.4532,42.1484],[1.4482,42.1454],[1.4408,42.1496],[1.4349,42.1538],[1.4316,42.1589],[1.4244,42.1601],[1.4156,42.1582],[1.4104,42.1567],[1.4053,42.1555],[1.4002,42.1528],[1.3951,42.1507],[1.39,42.1512],[1.3849,42.1528],[1.3799,42.154],[1.3735,42.1527],[1.3669,42.1496],[1.3599,42.1485],[1.3604,42.1429],[1.3655,42.1409],[1.365,42.1359],[1.3623,42.1309],[1.3573,42.1293],[1.3522,42.1284],[1.349,42.1234],[1.3438,42.1224],[1.3388,42.12],[1.3337,42.1185],[1.3287,42.1156],[1.3235,42.0949],[1.331,42.08],[1.3361,42.0776],[1.3412,42.0768],[1.3462,42.0746],[1.3513,42.0735],[1.3563,42.0767],[1.3583,42.0717],[1.357,42.0667],[1.3592,42.0616],[1.3591,42.0565],[1.361,42.0511],[1.3571,42.046],[1.3633,42.0447],[1.3585,42.0396],[1.359,42.0346],[1.3599,42.0295],[1.356,42.0228],[1.3586,42.0167],[1.3578,42.0102],[1.3612,42.005],[1.3626,42],[1.3571,41.9963],[1.3513,41.9942],[1.3449,41.9933],[1.3397,41.9928],[1.334,41.9911],[1.3286,41.9909],[1.3233,41.9908],[1.3141,41.9929],[1.307,41.9941],[1.3098,41.9882],[1.3042,41.9837],[1.2988,41.9805],[1.2984,41.9754],[1.2962,41.9704],[1.2931,41.9653],[1.2918,41.9603],[1.2859,41.9584],[1.2799,41.9544],[1.2746,41.9511],[1.2689,41.9477],[1.2628,41.9443],[1.2559,41.9419],[1.2506,41.9392],[1.2525,41.9442],[1.2532,41.9496],[1.256,41.956],[1.2586,41.9617],[1.2602,41.9675],[1.2623,41.9727],[1.257,41.9817],[1.2581,41.9891],[1.2626,41.9947],[1.2626,42],[1.2574,42.0039],[1.2524,42.0054],[1.2484,42.0106],[1.2432,42.0154],[1.2382,42.0188],[1.2364,42.0238],[1.239,42.0289],[1.2397,42.0339],[1.2369,42.0416],[1.2338,42.0468],[1.2398,42.0496],[1.2397,42.0565],[1.2372,42.0615],[1.231,42.0674],[1.224,42.0698],[1.2234,42.0758],[1.2163,42.0793],[1.2108,42.0766],[1.2027,42.0837],[1.2,42.09],[1.1857,42.0857],[1.1806,42.0847],[1.1756,42.0844],[1.1705,42.0837],[1.1677,42.0887],[1.1656,42.0939],[1.1638,42.099],[1.1622,42.104],[1.1643,42.109],[1.1661,42.1141],[1.1677,42.1191],[1.1574,42.1229],[1.1569,42.128],[1.1557,42.1356],[1.1606,42.1406],[1.1625,42.1456],[1.1607,42.1507],[1.1658,42.1528],[1.1736,42.1531],[1.1759,42.1582],[1.1809,42.162],[1.1818,42.1675],[1.1863,42.1725],[1.1816,42.1815],[1.1757,42.1826],[1.1706,42.1865],[1.1654,42.1893],[1.163,42.1962],[1.1682,42.2008],[1.1674,42.2082],[1.1682,42.2154],[1.1628,42.2194],[1.1575,42.2191],[1.1524,42.2238],[1.1473,42.2262],[1.1422,42.2276],[1.1402,42.2327],[1.1399,42.238],[1.1449,42.24],[1.1504,42.2414],[1.1555,42.2444],[1.1575,42.2495],[1.1549,42.2545],[1.1529,42.2658],[1.158,42.2699],[1.1577,42.275],[1.1561,42.28],[1.151,42.2824],[1.138,42.2904],[1.1225,42.2956],[1.1276,42.2992],[1.1322,42.3042],[1.1373,42.3077],[1.1423,42.3064],[1.1474,42.307],[1.1524,42.3075],[1.1575,42.3071],[1.1625,42.3086],[1.164,42.3136],[1.1691,42.3222],[1.1759,42.3278],[1.181,42.3349],[1.1841,42.3425],[1.1883,42.3489],[1.1976,42.3518],[1.2045,42.355],[1.2102,42.3593],[1.2156,42.3618],[1.2245,42.3655],[1.2296,42.3689],[1.2347,42.3696],[1.238,42.3746],[1.2417,42.3797],[1.2452,42.3847],[1.2453,42.3902],[1.2451,42.3952],[1.2465,42.4003],[1.2459,42.4058],[1.2458,42.4109],[1.2458,42.4161],[1.2517,42.4187],[1.257,42.4191],[1.2605,42.4242],[1.259,42.4292],[1.257,42.4343],[1.2523,42.4415],[1.2537,42.4468],[1.2561,42.4519],[1.2611,42.4482],[1.2663,42.448],[1.2698,42.443],[1.275,42.4437],[1.2802,42.4442],[1.2853,42.4473],[1.2904,42.4486],[1.2954,42.4494],[1.3005,42.4488],[1.3057,42.4499],[1.3109,42.4502],[1.3159,42.446],[1.321,42.446],[1.3255,42.4511],[1.3284,42.4561],[1.3336,42.4598],[1.338,42.465],[1.3414,42.4707],[1.3447,42.4759],[1.3455,42.4813],[1.3543,42.4815],[1.3594,42.4853],[1.3611,42.4905],[1.3657,42.4955],[1.3641,42.5005],[1.3637,42.5057],[1.3656,42.5107],[1.363,42.5188],[1.3683,42.5183],[1.3734,42.5152],[1.3786,42.5145],[1.3838,42.5146],[1.3888,42.5185],[1.3932,42.5236],[1.3983,42.5263],[1.4034,42.527],[1.4084,42.5284],[1.4104,42.5334],[1.4157,42.5355],[1.4215,42.5377],[1.4282,42.5392],[1.4343,42.5412],[1.4406,42.5432],[1.4457,42.5416],[1.4516,42.5392],[1.4527,42.5342],[1.4553,42.5284],[1.4601,42.5231],[1.4639,42.5178],[1.4672,42.5113],[1.4622,42.5063],[1.4571,42.504],[1.4521,42.5001],[1.4433,42.4952],[1.4348,42.4939],[1.4256,42.4932],[1.4222,42.4881],[1.419,42.4828],[1.4243,42.4825],[1.4293,42.4823],[1.4348,42.4804],[1.4401,42.4762],[1.44,42.471],[1.4404,42.465],[1.4457,42.4614],[1.4418,42.456],[1.4437,42.4503],[1.4463,42.4452],[1.4472,42.4394],[1.4524,42.437],[1.4578,42.436],[1.472,42.4354],[1.477,42.4349],[1.4821,42.4334],[1.4871,42.433],[1.4922,42.4333],[1.4972,42.4332],[1.5023,42.4322],[1.5073,42.4305],[1.5125,42.4291],[1.5175,42.4288],[1.5226,42.4305],[1.5282,42.432],[1.5347,42.4323],[1.5413,42.4324],[1.5465,42.4327],[1.5515,42.4325],[1.5535,42.4375],[1.5529,42.4434],[1.5582,42.4475],[1.5576,42.4526],[1.56,42.4578],[1.5657,42.4588],[1.5709,42.4557],[1.5759,42.4515],[1.5809,42.4502]]]]}},{"type":"Feature","properties":{"id":"05","name":"Alta Ribagorça","capital":"el Pont de Suert"},"geometry":{"type":"Polygon","coordinates":[[[0.9378,42.5894],[0.9403,42.5843],[0.9454,42.5799],[0.9586,42.5796],[0.9693,42.5741],[0.9727,42.5517],[0.9675,42.55],[0.9625,42.5458],[0.9596,42.5407],[0.9546,42.5388],[0.9562,42.5338],[0.9539,42.5288],[0.9488,42.5245],[0.9436,42.5245],[0.9434,42.5195],[0.9381,42.5179],[0.933,42.5167],[0.9284,42.5117],[0.9234,42.5088],[0.9206,42.5038],[0.9203,42.4987],[0.9229,42.4937],[0.9231,42.4885],[0.9179,42.4842],[0.9129,42.4835],[0.9079,42.483],[0.9028,42.4812],[0.8974,42.4808],[0.8923,42.4783],[0.8878,42.473],[0.886,42.4679],[0.8814,42.4629],[0.8763,42.46],[0.8713,42.4611],[0.8663,42.4607],[0.8623,42.4557],[0.8572,42.4545],[0.8711,42.446],[0.8705,42.4406],[0.8669,42.4356],[0.863,42.4305],[0.8558,42.4255],[0.8291,42.4247],[0.8277,42.4196],[0.8227,42.4161],[0.8343,42.4035],[0.8224,42.3915],[0.8274,42.3865],[0.8331,42.3798],[0.8386,42.3736],[0.8436,42.3721],[0.8486,42.3683],[0.8536,42.3685],[0.8598,42.3674],[0.8681,42.3608],[0.8693,42.3535],[0.87,42.3477],[0.8728,42.3414],[0.8781,42.3415],[0.8832,42.3388],[0.8888,42.3361],[0.8919,42.331],[0.8888,42.3252],[0.887,42.3202],[0.8871,42.3151],[0.8868,42.3099],[0.8853,42.3048],[0.8802,42.3009],[0.875,42.299],[0.87,42.3017],[0.865,42.3037],[0.8598,42.306],[0.8548,42.3102],[0.8495,42.3133],[0.8444,42.3141],[0.8394,42.3144],[0.8344,42.3144],[0.8294,42.3152],[0.8244,42.3153],[0.8194,42.315],[0.8143,42.3151],[0.7998,42.3204],[0.7915,42.3275],[0.7711,42.3331],[0.7759,42.3409],[0.7709,42.343],[0.7659,42.3459],[0.771,42.3467],[0.776,42.3462],[0.7811,42.3471],[0.7861,42.3478],[0.7913,42.3473],[0.7976,42.3519],[0.8027,42.353],[0.8077,42.3563],[0.8027,42.361],[0.7977,42.364],[0.7899,42.3739],[0.7847,42.3715],[0.7797,42.3754],[0.7746,42.375],[0.7665,42.3693],[0.7627,42.3613],[0.7576,42.357],[0.7526,42.3562],[0.747,42.3564],[0.7415,42.3583],[0.7365,42.3617],[0.7302,42.3624],[0.7251,42.3652],[0.7313,42.3711],[0.7348,42.3762],[0.7406,42.3778],[0.744,42.3832],[0.7424,42.3884],[0.7393,42.3934],[0.7377,42.3984],[0.7326,42.401],[0.7265,42.4048],[0.7316,42.4078],[0.7354,42.4131],[0.7325,42.4182],[0.7284,42.4233],[0.7232,42.4276],[0.7179,42.4312],[0.7129,42.4354],[0.7108,42.4406],[0.7079,42.4457],[0.7073,42.4508],[0.7068,42.4559],[0.7064,42.4637],[0.6966,42.4735],[0.6906,42.4836],[0.6977,42.4855],[0.6991,42.4949],[0.7047,42.4938],[0.7134,42.4872],[0.7278,42.498],[0.7339,42.504],[0.7389,42.5038],[0.7345,42.5088],[0.7294,42.5122],[0.7242,42.5129],[0.7234,42.518],[0.7216,42.5232],[0.7236,42.5283],[0.7262,42.5336],[0.7313,42.5378],[0.7364,42.5393],[0.7416,42.5367],[0.7473,42.5349],[0.7451,42.5403],[0.7412,42.5455],[0.7462,42.5497],[0.7493,42.5548],[0.7498,42.56],[0.7546,42.5651],[0.758,42.5702],[0.7584,42.5752],[0.7597,42.5804],[0.7605,42.5854],[0.7606,42.5905],[0.7624,42.5955],[0.7642,42.6008],[0.7665,42.6058],[0.7674,42.611],[0.7724,42.6128],[0.7774,42.613],[0.7824,42.6142],[0.7881,42.6157],[0.7931,42.6152],[0.7982,42.6174],[0.8032,42.6184],[0.8082,42.6189],[0.8132,42.619],[0.8143,42.614],[0.8193,42.6132],[0.8235,42.6082],[0.8285,42.6059],[0.8335,42.6077],[0.8385,42.6082],[0.8435,42.6105],[0.8469,42.6156],[0.8519,42.6181],[0.8569,42.6209],[0.8619,42.6215],[0.8669,42.6227],[0.8719,42.6253],[0.8765,42.6304],[0.8815,42.6311],[0.8865,42.6273],[0.8915,42.6263],[0.8965,42.6236],[0.8959,42.6186],[0.8952,42.6134],[0.9003,42.6101],[0.9055,42.6076],[0.9105,42.6069],[0.9147,42.6019],[0.9159,42.5969],[0.921,42.5921],[0.9263,42.5914],[0.9316,42.5906],[0.9366,42.5902],[0.9378,42.5894]]]}},{"type":"Feature","properties":{"id":"06","name":"Anoia","capital":"Igualada"},"geometry":{"type":"Polygon","coordinates":[[[1.5813,41.7754],[1.5873,41.7701],[1.5929,41.7693],[1.595,41.7619],[1.5958,41.7565],[1.5925,41.7513],[1.5874,41.7477],[1.5872,41.7422],[1.5863,41.7371],[1.5874,41.7316],[1.5925,41.7311],[1.598,41.7314],[1.6017,41.7262],[1.6059,41.7209],[1.6008,41.7172],[1.5957,41.7192],[1.5906,41.7221],[1.5853,41.7238],[1.5797,41.7232],[1.5736,41.7219],[1.5676,41.7205],[1.5626,41.7169],[1.5575,41.7131],[1.5515,41.7113],[1.5567,41.7081],[1.5636,41.7083],[1.5703,41.7049],[1.58,41.699],[1.5854,41.6981],[1.591,41.6993],[1.5961,41.7008],[1.6012,41.6978],[1.6028,41.6922],[1.6089,41.6944],[1.6158,41.6959],[1.6213,41.6924],[1.6185,41.6873],[1.6185,41.6822],[1.6236,41.6797],[1.6235,41.6741],[1.6286,41.6702],[1.6337,41.6681],[1.6291,41.6631],[1.6295,41.6566],[1.633,41.6515],[1.6381,41.6471],[1.6431,41.6506],[1.6483,41.6547],[1.6535,41.6578],[1.6585,41.6565],[1.6637,41.6527],[1.6687,41.6496],[1.6637,41.6443],[1.665,41.6392],[1.6811,41.6195],[1.6868,41.62],[1.6927,41.6216],[1.7016,41.6187],[1.7057,41.6237],[1.7107,41.6276],[1.7149,41.6327],[1.7189,41.6377],[1.724,41.6385],[1.7281,41.6436],[1.7348,41.6464],[1.7423,41.6453],[1.7473,41.6459],[1.753,41.6447],[1.7606,41.6455],[1.7656,41.6461],[1.7676,41.6511],[1.7727,41.6529],[1.7778,41.654],[1.7778,41.6486],[1.781,41.6433],[1.7861,41.64],[1.7886,41.635],[1.789,41.6299],[1.7868,41.6249],[1.786,41.6198],[1.7854,41.6146],[1.7905,41.6105],[1.7955,41.6091],[1.8007,41.6076],[1.8058,41.6045],[1.8109,41.6049],[1.809,41.5835],[1.8071,41.5746],[1.8044,41.5695],[1.7991,41.5652],[1.7966,41.5601],[1.8017,41.5579],[1.807,41.5567],[1.8121,41.5555],[1.8173,41.5544],[1.8181,41.5493],[1.8234,41.543],[1.8289,41.5348],[1.8339,41.531],[1.839,41.5264],[1.844,41.5234],[1.8491,41.5211],[1.8552,41.5175],[1.8555,41.5123],[1.8545,41.5073],[1.8494,41.507],[1.8439,41.5067],[1.8402,41.5017],[1.8419,41.4967],[1.8367,41.495],[1.8315,41.4947],[1.8279,41.4897],[1.8243,41.4847],[1.8193,41.4817],[1.8142,41.4807],[1.8073,41.4765],[1.8021,41.4738],[1.7971,41.4758],[1.796,41.4708],[1.7937,41.4656],[1.7886,41.467],[1.7835,41.4655],[1.7775,41.4648],[1.7746,41.4597],[1.7748,41.4546],[1.7691,41.4456],[1.7521,41.4513],[1.7514,41.4576],[1.7462,41.4589],[1.7411,41.4612],[1.7361,41.4616],[1.731,41.4636],[1.726,41.4642],[1.7209,41.4657],[1.7159,41.4661],[1.7107,41.4683],[1.7057,41.4729],[1.6994,41.4764],[1.6968,41.4814],[1.6923,41.4865],[1.68,41.5071],[1.6681,41.5088],[1.6411,41.5067],[1.6359,41.5079],[1.6307,41.5081],[1.6257,41.5094],[1.6202,41.511],[1.6152,41.5133],[1.6059,41.513],[1.6104,41.5079],[1.6054,41.5046],[1.6003,41.5026],[1.6004,41.4976],[1.5929,41.4935],[1.5878,41.4919],[1.5826,41.4897],[1.5776,41.4849],[1.5723,41.4818],[1.5706,41.4723],[1.5779,41.466],[1.583,41.4623],[1.588,41.4613],[1.5943,41.4513],[1.588,41.4482],[1.5778,41.4452],[1.5722,41.4432],[1.5672,41.4481],[1.5621,41.451],[1.5538,41.451],[1.5474,41.4469],[1.5425,41.4419],[1.5373,41.4445],[1.5222,41.4383],[1.5157,41.4362],[1.5105,41.4349],[1.5026,41.4285],[1.496,41.4357],[1.4792,41.4356],[1.4742,41.4384],[1.4693,41.4435],[1.4745,41.4489],[1.4797,41.4532],[1.4834,41.4584],[1.487,41.4645],[1.487,41.4696],[1.483,41.4747],[1.4759,41.478],[1.4734,41.4861],[1.4684,41.4847],[1.4632,41.4877],[1.4581,41.4881],[1.4528,41.4869],[1.4502,41.4919],[1.4374,41.4985],[1.4224,41.4997],[1.4153,41.5053],[1.4101,41.5046],[1.405,41.5062],[1.4015,41.5124],[1.3964,41.5129],[1.3975,41.518],[1.3996,41.5231],[1.3996,41.5281],[1.4047,41.5306],[1.4257,41.5321],[1.4363,41.5393],[1.4484,41.5371],[1.4492,41.5455],[1.4467,41.5525],[1.4417,41.5512],[1.4364,41.5503],[1.4311,41.5556],[1.4376,41.5611],[1.4428,41.5642],[1.4487,41.5665],[1.454,41.5692],[1.4474,41.5738],[1.4412,41.5754],[1.4352,41.5766],[1.4302,41.5792],[1.425,41.5808],[1.4194,41.5829],[1.4118,41.5803],[1.4043,41.5766],[1.3951,41.5774],[1.3948,41.5834],[1.4029,41.5864],[1.4067,41.5933],[1.4073,41.6003],[1.3936,41.5997],[1.3853,41.603],[1.3801,41.6052],[1.3751,41.6075],[1.3709,41.6126],[1.3658,41.6109],[1.3607,41.6133],[1.3696,41.6173],[1.379,41.625],[1.3863,41.6261],[1.3874,41.6314],[1.3926,41.6344],[1.3977,41.6348],[1.4028,41.6347],[1.4084,41.6352],[1.4135,41.6352],[1.4191,41.6341],[1.4242,41.6314],[1.4306,41.6298],[1.4352,41.6349],[1.4437,41.6348],[1.4489,41.6367],[1.4507,41.6464],[1.4457,41.6459],[1.4406,41.6476],[1.4356,41.6504],[1.4289,41.6567],[1.4258,41.6618],[1.4241,41.6694],[1.4155,41.6747],[1.4233,41.6841],[1.4183,41.6852],[1.4132,41.6848],[1.4082,41.6856],[1.4039,41.6945],[1.3958,41.6957],[1.3979,41.7009],[1.3928,41.7052],[1.3835,41.7054],[1.3925,41.7133],[1.3976,41.7164],[1.4026,41.7192],[1.4077,41.7226],[1.4127,41.7273],[1.4192,41.7326],[1.4245,41.7327],[1.4206,41.7378],[1.4155,41.7401],[1.4049,41.7451],[1.4071,41.7532],[1.4089,41.7583],[1.4111,41.7666],[1.4106,41.775],[1.4166,41.781],[1.4184,41.7861],[1.4214,41.7936],[1.4265,41.8019],[1.4317,41.8018],[1.4367,41.8012],[1.4419,41.801],[1.4469,41.799],[1.4524,41.7985],[1.4576,41.7986],[1.4627,41.798],[1.4678,41.7989],[1.4716,41.7939],[1.4692,41.7883],[1.4728,41.7833],[1.4609,41.7765],[1.4661,41.7753],[1.4711,41.7717],[1.4762,41.7724],[1.4812,41.7717],[1.4842,41.7768],[1.4869,41.7822],[1.4855,41.7874],[1.4906,41.7892],[1.4956,41.7902],[1.5007,41.7896],[1.5065,41.7809],[1.5079,41.7759],[1.5109,41.7708],[1.5159,41.7701],[1.5211,41.7681],[1.5261,41.7653],[1.5314,41.764],[1.5286,41.759],[1.5307,41.7526],[1.5362,41.7545],[1.5448,41.7574],[1.5464,41.7631],[1.5483,41.7704],[1.5535,41.7704],[1.5586,41.7699],[1.5616,41.7749],[1.5667,41.7774],[1.5718,41.7798],[1.5769,41.7798],[1.5813,41.7754]]]}},{"type":"Feature","properties":{"id":"07","name":"Bages","capital":"Manresa"},"geometry":{"type":"Polygon","coordinates":[[[2.0405,41.9027],[2.0336,41.9021],[2.0285,41.9053],[2.0221,41.911],[2.0125,41.9121],[2.0103,41.9065],[2.0146,41.9001],[2.014,41.8947],[2.0128,41.8884],[2.0086,41.8833],[2.0035,41.8839],[2.0113,41.8789],[2.0159,41.8733],[2.0108,41.8709],[2.0058,41.8687],[2.0007,41.8646],[1.9959,41.8595],[1.9909,41.8573],[1.9857,41.8548],[1.9758,41.8472],[1.9751,41.8407],[1.986,41.836],[1.9965,41.8351],[2.0033,41.8328],[2.0074,41.8268],[2.0143,41.8233],[2.0205,41.8234],[2.0266,41.8209],[2.03,41.8147],[2.038,41.8061],[2.0275,41.8017],[2.0215,41.8023],[2.0145,41.8006],[2.0093,41.7994],[2.0042,41.7982],[1.9948,41.7955],[1.9874,41.7947],[1.9796,41.7926],[1.9743,41.7905],[1.9691,41.7876],[1.9641,41.7871],[1.9587,41.7844],[1.9344,41.7807],[1.9257,41.7778],[1.9206,41.7774],[1.9039,41.7742],[1.9092,41.7743],[1.9175,41.77],[1.9177,41.7627],[1.9161,41.7573],[1.9211,41.7536],[1.925,41.7483],[1.9302,41.7447],[1.9355,41.7446],[1.9407,41.7456],[1.9458,41.7461],[1.9508,41.7468],[1.956,41.7474],[1.9611,41.7494],[1.9663,41.7518],[1.9713,41.7527],[1.9767,41.7525],[1.9892,41.7499],[1.9968,41.7442],[2.002,41.7437],[2.0019,41.7385],[2.004,41.7335],[2.0103,41.7301],[2.0148,41.7249],[2.0168,41.7197],[2.0183,41.7147],[2.0211,41.7096],[2.0208,41.7045],[2.022,41.6994],[2.0167,41.6944],[2.0115,41.6921],[2.0095,41.6871],[2.0118,41.6821],[2.0062,41.6778],[2.0062,41.6727],[2.0101,41.6674],[2.0107,41.6623],[2.0096,41.6571],[2.0045,41.6546],[1.9994,41.6545],[1.9944,41.6547],[1.9829,41.6482],[1.9714,41.6488],[1.9615,41.6443],[1.9565,41.6464],[1.9514,41.6462],[1.9464,41.6488],[1.9413,41.6496],[1.9414,41.6546],[1.9371,41.6597],[1.9305,41.658],[1.9254,41.6609],[1.9202,41.6655],[1.9116,41.665],[1.9065,41.664],[1.9017,41.659],[1.8966,41.6569],[1.8916,41.6537],[1.8865,41.6496],[1.8905,41.6446],[1.8908,41.6395],[1.8919,41.6344],[1.8918,41.627],[1.8933,41.622],[1.8929,41.617],[1.8871,41.6144],[1.8819,41.6143],[1.8768,41.6134],[1.8718,41.6134],[1.8667,41.6175],[1.8619,41.6125],[1.8609,41.6073],[1.8624,41.6022],[1.864,41.5971],[1.8532,41.5911],[1.8479,41.5911],[1.8428,41.5915],[1.8377,41.5926],[1.8326,41.5918],[1.8276,41.5923],[1.8225,41.5967],[1.8175,41.6004],[1.8115,41.6054],[1.8065,41.6049],[1.8014,41.6072],[1.7962,41.6092],[1.7912,41.6105],[1.786,41.6134],[1.7855,41.6186],[1.7868,41.6236],[1.7886,41.6288],[1.7885,41.6339],[1.7905,41.639],[1.7854,41.6402],[1.7801,41.6438],[1.7798,41.6535],[1.7747,41.6548],[1.7696,41.6525],[1.7659,41.6475],[1.7609,41.6456],[1.7556,41.6444],[1.7505,41.6454],[1.7453,41.6454],[1.7348,41.6464],[1.7284,41.646],[1.7258,41.641],[1.7206,41.638],[1.7155,41.6329],[1.7096,41.6291],[1.7059,41.624],[1.7018,41.619],[1.6967,41.6219],[1.6913,41.6223],[1.6836,41.6203],[1.6663,41.6364],[1.6637,41.6443],[1.6687,41.649],[1.6637,41.6527],[1.6586,41.6528],[1.6537,41.6578],[1.6485,41.6549],[1.6434,41.6547],[1.6412,41.6496],[1.6423,41.6445],[1.6373,41.6477],[1.6324,41.6527],[1.6284,41.6585],[1.6303,41.6635],[1.6328,41.6686],[1.6276,41.6707],[1.6249,41.6759],[1.6201,41.681],[1.6189,41.686],[1.6238,41.6911],[1.6185,41.6941],[1.61,41.6948],[1.605,41.6926],[1.6013,41.6977],[1.5961,41.7008],[1.591,41.6993],[1.5857,41.6982],[1.5801,41.699],[1.5744,41.701],[1.5673,41.7058],[1.561,41.7072],[1.5558,41.7082],[1.559,41.7132],[1.564,41.7172],[1.5719,41.7214],[1.5776,41.7224],[1.5829,41.7237],[1.5882,41.7233],[1.5935,41.7213],[1.5985,41.7177],[1.6036,41.7168],[1.6086,41.7192],[1.6035,41.7231],[1.601,41.7285],[1.5959,41.7318],[1.5909,41.7315],[1.5854,41.7334],[1.5874,41.7385],[1.5869,41.745],[1.5898,41.75],[1.5944,41.755],[1.595,41.7619],[1.5929,41.7693],[1.5873,41.7701],[1.5822,41.7735],[1.5933,41.7778],[1.5998,41.7888],[1.5958,41.7941],[1.5939,41.7991],[1.5882,41.8045],[1.5929,41.8119],[1.5983,41.813],[1.6054,41.8148],[1.6117,41.818],[1.6152,41.8302],[1.6097,41.8359],[1.6147,41.8398],[1.6198,41.8414],[1.6248,41.8414],[1.6299,41.8434],[1.6305,41.8584],[1.6256,41.869],[1.6213,41.8742],[1.6184,41.8794],[1.6126,41.8806],[1.6076,41.8824],[1.6025,41.883],[1.5974,41.8823],[1.5923,41.8795],[1.5873,41.8758],[1.5822,41.874],[1.5685,41.8798],[1.5728,41.8852],[1.5758,41.8902],[1.5826,41.8928],[1.595,41.8966],[1.5988,41.9016],[1.6042,41.9019],[1.6155,41.9059],[1.6178,41.9111],[1.6228,41.9157],[1.6279,41.9183],[1.6329,41.9212],[1.6372,41.9262],[1.6422,41.9275],[1.6497,41.9265],[1.6496,41.933],[1.6424,41.9405],[1.6475,41.9442],[1.6486,41.9493],[1.6476,41.9543],[1.6531,41.9577],[1.6613,41.9622],[1.6664,41.9594],[1.6699,41.9544],[1.6742,41.9494],[1.6788,41.9443],[1.6857,41.9374],[1.6962,41.9389],[1.7025,41.9393],[1.7162,41.9432],[1.7188,41.9381],[1.7198,41.933],[1.7248,41.929],[1.73,41.9266],[1.7305,41.9184],[1.7416,41.9163],[1.7512,41.9169],[1.7549,41.9221],[1.7589,41.9169],[1.7639,41.917],[1.7666,41.912],[1.7745,41.9134],[1.7876,41.9195],[1.7956,41.9201],[1.805,41.9235],[1.81,41.9257],[1.8151,41.9239],[1.8201,41.9221],[1.8253,41.9194],[1.8303,41.9148],[1.8354,41.9102],[1.8405,41.9092],[1.8412,41.9041],[1.8453,41.8991],[1.8503,41.9009],[1.8476,41.9059],[1.8481,41.911],[1.8483,41.9161],[1.8639,41.9165],[1.8689,41.9117],[1.8742,41.9099],[1.8793,41.9073],[1.8843,41.9058],[1.8838,41.9108],[1.8856,41.916],[1.886,41.921],[1.8831,41.926],[1.8844,41.9311],[1.8854,41.9361],[1.8904,41.9375],[1.8955,41.9383],[1.8962,41.9433],[1.9013,41.9441],[1.909,41.9494],[1.9172,41.952],[1.9223,41.9544],[1.927,41.9599],[1.9369,41.9655],[1.9491,41.9652],[1.9549,41.9662],[1.9636,41.9408],[1.9703,41.9199],[1.9837,41.9189],[1.9853,41.9242],[1.9753,41.9296],[1.9707,41.9369],[1.9758,41.94],[1.9771,41.9514],[1.9845,41.9571],[1.9963,41.9611],[1.9914,41.9667],[1.9856,41.9696],[1.9982,41.9704],[2.0046,41.9651],[2.0145,41.9663],[2.0231,41.9642],[2.0289,41.9622],[2.0308,41.9572],[2.0271,41.9504],[2.0284,41.9435],[2.0232,41.9416],[2.027,41.9366],[2.0296,41.9315],[2.0306,41.9265],[2.0332,41.9214],[2.0342,41.9159],[2.0409,41.9093],[2.046,41.9087],[2.0447,41.9036],[2.0405,41.9027]],[[2.0159,41.9429],[2.0123,41.9378],[2.0179,41.9363],[2.0196,41.9429],[2.0159,41.9429]],[[1.7103,41.8973],[1.7104,41.8923],[1.7167,41.8851],[1.725,41.8928],[1.7197,41.8953],[1.7147,41.8919],[1.7109,41.8969],[1.7103,41.8973]]]}},{"type":"Feature","properties":{"id":"08","name":"Baix Camp","capital":"Reus"},"geometry":{"type":"MultiPolygon","coordinates":[[[[0.885732621677408,40.96250054883033],[0.8857232069347556,40.96249941790581],[0.8857153613158786,40.96250620345288],[0.8857090848207769,40.962512988999954],[0.8857075156970016,40.962517512698],[0.8857090848207769,40.962523167320555],[0.8857200686872048,40.96253447656567],[0.8857294834298571,40.96253900026372],[0.8857388981725095,40.96253900026372],[0.8857498820389373,40.96253334564116],[0.8857592967815897,40.962524298245064],[0.8857624350291404,40.96251864362251],[0.8857592967815897,40.962512988999954],[0.8857467437913865,40.96250733437739],[0.885732621677408,40.96250054883033]]],[[[0.8859,40.9627],[0.8859,40.9628],[0.886,40.9628],[0.886,40.9627],[0.8859,40.9627]]],[[[0.8719,40.951],[0.8719,40.9509],[0.8718,40.9509],[0.8718,40.951],[0.8719,40.951]]],[[[0.9004,40.9759],[0.9003,40.9759],[0.9003,40.976],[0.9004,40.976],[0.9004,40.9759]]],[[[0.8858,40.9625],[0.8858,40.9626],[0.8859,40.9626],[0.8858,40.9626],[0.8858,40.9625]]],[[[0.9483,41.0121],[0.9482,41.0121],[0.9482,41.0122],[0.9482,41.0123],[0.9482,41.0122],[0.9483,41.0122],[0.9483,41.0121]]],[[[1.0313,41.0558],[1.0312,41.0558],[1.0311,41.0559],[1.0312,41.0559],[1.0313,41.0559],[1.0313,41.0558]]],[[[1.0263,41.0536],[1.0262,41.0536],[1.0262,41.0537],[1.0263,41.0537],[1.0264,41.0537],[1.0264,41.0536],[1.0263,41.0536]]],[[[1.0419,41.0598],[1.042,41.0598],[1.042,41.0597],[1.0419,41.0597],[1.0418,41.0597],[1.0417,41.0596],[1.0416,41.0596],[1.0415,41.0596],[1.0415,41.0595],[1.0414,41.0595],[1.0414,41.0596],[1.0414,41.0597],[1.0415,41.0597],[1.0416,41.0597],[1.0416,41.0598],[1.0417,41.0598],[1.0418,41.0598],[1.0419,41.0598]]],[[[1.0371,41.0578],[1.0371,41.0577],[1.037,41.0577],[1.0369,41.0577],[1.0368,41.0577],[1.0367,41.0577],[1.0366,41.0577],[1.0366,41.0576],[1.0365,41.0576],[1.0364,41.0576],[1.0363,41.0575],[1.0363,41.0576],[1.0362,41.0576],[1.0362,41.0577],[1.0363,41.0577],[1.0364,41.0577],[1.0365,41.0577],[1.0366,41.0578],[1.0367,41.0578],[1.0368,41.0578],[1.0369,41.0578],[1.037,41.0578],[1.0371,41.0578]]],[[[1.1137,41.0705],[1.1135,41.0704],[1.1133,41.0704],[1.1132,41.0704],[1.113,41.0703],[1.1129,41.0703],[1.1129,41.0704],[1.1128,41.0704],[1.1129,41.0704],[1.1129,41.0705],[1.113,41.0705],[1.1131,41.0705],[1.1132,41.0705],[1.1133,41.0705],[1.1134,41.0705],[1.1135,41.0706],[1.1136,41.0706],[1.1137,41.0706],[1.1138,41.0706],[1.1139,41.0706],[1.114,41.0707],[1.1141,41.0707],[1.1142,41.0707],[1.1142,41.0706],[1.1141,41.0706],[1.114,41.0706],[1.1139,41.0705],[1.1137,41.0705]]],[[[1.0641,41.3263],[1.0429,41.3183],[1.0539,41.3063],[1.0662,41.3047],[1.0574,41.2941],[1.0581,41.2733],[1.0531,41.2681],[1.0884,41.264],[1.0935,41.2659],[1.0986,41.266],[1.102,41.2594],[1.1071,41.2573],[1.1121,41.2588],[1.1173,41.2597],[1.1223,41.2587],[1.1274,41.2595],[1.1324,41.2594],[1.1377,41.2581],[1.1399,41.2526],[1.1435,41.2473],[1.1485,41.2454],[1.1536,41.2422],[1.1586,41.2392],[1.1548,41.2341],[1.1588,41.229],[1.1639,41.2272],[1.169,41.2249],[1.1794,41.2216],[1.1774,41.2142],[1.1825,41.2141],[1.1798,41.2091],[1.1786,41.2041],[1.1755,41.199],[1.1725,41.1939],[1.1692,41.1889],[1.1642,41.1842],[1.159,41.1809],[1.154,41.1788],[1.1511,41.1738],[1.1438,41.1705],[1.1607,41.1501],[1.1659,41.1495],[1.1711,41.1472],[1.1772,41.1441],[1.1812,41.1366],[1.1912,41.1314],[1.1846,41.1286],[1.179,41.13],[1.1739,41.1321],[1.1765,41.1372],[1.1711,41.1384],[1.1651,41.1384],[1.1622,41.1331],[1.1689,41.1313],[1.1735,41.1248],[1.1743,41.1197],[1.1678,41.1169],[1.1764,41.1105],[1.1677,41.109],[1.1603,41.1127],[1.1523,41.1226],[1.1468,41.1231],[1.1418,41.1253],[1.1362,41.1275],[1.1312,41.1308],[1.1253,41.1307],[1.1202,41.1304],[1.1191,41.1234],[1.1253,41.1196],[1.1268,41.1137],[1.128,41.1078],[1.1241,41.1022],[1.1121,41.1053],[1.1072,41.1113],[1.1013,41.1137],[1.0939,41.1085],[1.0947,41.1012],[1.094,41.0928],[1.1004,41.0867],[1.1065,41.081],[1.1116,41.0779],[1.1167,41.075],[1.1117,41.0719],[1.1066,41.071],[1.1014,41.0696],[1.0962,41.0679],[1.0912,41.0662],[1.0861,41.0644],[1.0811,41.064],[1.076,41.0645],[1.0709,41.0661],[1.0658,41.0649],[1.0608,41.0601],[1.0647,41.0653],[1.0594,41.0647],[1.0543,41.0636],[1.0493,41.0638],[1.0442,41.0619],[1.0392,41.058],[1.0341,41.0566],[1.0291,41.0556],[1.024,41.0525],[1.019,41.0519],[1.0139,41.0501],[1.0089,41.0471],[1.0038,41.0433],[0.9988,41.0431],[0.9938,41.0428],[0.9888,41.0417],[0.9838,41.0394],[0.9788,41.0361],[0.9737,41.0323],[0.9687,41.0292],[0.9637,41.0264],[0.9587,41.0224],[0.9537,41.018],[0.9489,41.013],[0.9439,41.0089],[0.9389,41.0042],[0.9359,40.9991],[0.9334,40.994],[0.9305,40.989],[0.9255,40.9888],[0.9205,40.989],[0.9155,40.9876],[0.9105,40.984],[0.9057,40.979],[0.9007,40.976],[0.8956,40.9725],[0.8914,40.9674],[0.8864,40.9634],[0.8814,40.96],[0.8785,40.955],[0.8734,40.9508],[0.8684,40.9494],[0.8634,40.9478],[0.8596,40.9428],[0.8573,40.9377],[0.8521,40.9361],[0.8471,40.9372],[0.8421,40.9385],[0.8371,40.9375],[0.8321,40.939],[0.8271,40.9405],[0.8206,40.9408],[0.8149,40.9451],[0.8034,40.953],[0.7981,40.9664],[0.7927,40.9726],[0.7862,40.9819],[0.7821,40.9893],[0.7771,40.9909],[0.7751,40.9962],[0.7781,41.0015],[0.7782,41.0065],[0.7831,41.0116],[0.7851,41.0167],[0.7824,41.0218],[0.7848,41.0268],[0.7852,41.0319],[0.7903,41.0355],[0.7953,41.0388],[0.7988,41.0439],[0.8029,41.049],[0.8057,41.054],[0.8107,41.0569],[0.815,41.0619],[0.8201,41.0605],[0.8253,41.057],[0.8306,41.0554],[0.8357,41.0527],[0.8408,41.0539],[0.8458,41.0555],[0.8508,41.056],[0.8556,41.061],[0.8573,41.066],[0.8551,41.0711],[0.8541,41.0762],[0.8575,41.0812],[0.8626,41.0862],[0.8676,41.085],[0.8676,41.08],[0.8677,41.0749],[0.8715,41.0799],[0.8706,41.085],[0.8656,41.0892],[0.8606,41.0937],[0.8556,41.0942],[0.8506,41.0943],[0.8456,41.0977],[0.8407,41.1029],[0.839,41.1079],[0.8371,41.1129],[0.8321,41.1147],[0.8271,41.1186],[0.8322,41.1223],[0.8372,41.1184],[0.8424,41.1162],[0.8478,41.1138],[0.8529,41.1112],[0.8581,41.1113],[0.8632,41.111],[0.8683,41.1118],[0.8734,41.1116],[0.8814,41.1138],[0.8887,41.129],[0.8894,41.1341],[0.8913,41.1391],[0.8943,41.1442],[0.8966,41.1493],[0.9001,41.1543],[0.9025,41.1593],[0.9056,41.1645],[0.9032,41.1695],[0.9016,41.1746],[0.9067,41.1788],[0.9016,41.1801],[0.8966,41.1806],[0.8914,41.1804],[0.8863,41.182],[0.8812,41.1826],[0.877,41.1876],[0.8793,41.1927],[0.9038,41.1941],[0.909,41.1957],[0.9142,41.1966],[0.9197,41.2008],[0.9212,41.2058],[0.9211,41.2133],[0.9183,41.2183],[0.9134,41.2254],[0.9117,41.2319],[0.9097,41.2378],[0.9147,41.2393],[0.9198,41.2413],[0.9249,41.2426],[0.9301,41.2423],[0.9352,41.2425],[0.9404,41.2451],[0.9458,41.2466],[0.951,41.2505],[0.9568,41.2545],[0.9618,41.2566],[0.9668,41.2588],[0.9719,41.2628],[0.9716,41.2681],[0.9705,41.2732],[0.9695,41.2783],[0.9706,41.2835],[0.9712,41.2888],[0.9731,41.2945],[0.9603,41.2995],[0.9543,41.2954],[0.9493,41.2921],[0.9443,41.2905],[0.9404,41.2959],[0.9438,41.3048],[0.9355,41.3205],[0.9409,41.3193],[0.9466,41.3178],[0.9521,41.3169],[0.9572,41.319],[0.962,41.3244],[0.9672,41.327],[0.9722,41.3285],[0.9772,41.3299],[0.9822,41.3375],[0.9834,41.3426],[0.9885,41.3472],[0.9938,41.3518],[0.9988,41.3523],[1.0035,41.3468],[1.0045,41.3418],[1.0041,41.3368],[1.0024,41.3316],[1.0029,41.3266],[1.0079,41.3268],[1.0133,41.3281],[1.0186,41.3324],[1.0245,41.3287],[1.0296,41.327],[1.0348,41.3292],[1.0399,41.3256],[1.045,41.3257],[1.0501,41.3262],[1.0553,41.3264],[1.0604,41.3252],[1.0641,41.3263]]]]}},{"type":"Feature","properties":{"id":"09","name":"Baix Ebre","capital":"Tortosa"},"geometry":{"type":"MultiPolygon","coordinates":[[[[0.8145807040820241,40.891909371741896],[0.8145712893393717,40.89190824081738],[0.8145540289778423,40.89191615728896],[0.8145540289778423,40.89192746653408],[0.8145571672253932,40.891930859307614],[0.8145634437204948,40.89193312115664],[0.8145791349582487,40.891930859307614],[0.8145932570722273,40.89192407376054],[0.8145963953197781,40.89191841913799],[0.8145932570722273,40.891911633590915],[0.8145901188246766,40.891909371741896],[0.8145807040820241,40.891909371741896]]],[[[0.8268857727286886,40.90322540240478],[0.8268669432433838,40.90322427148027],[0.8268590976245068,40.903227664253805],[0.8268575285007315,40.90323331887636],[0.826863804995833,40.903246889970504],[0.8268685123671592,40.90325254459306],[0.8268747888622608,40.90325254459306],[0.8268842036049132,40.903246889970504],[0.8268936183475656,40.90324236627246],[0.8269046022139934,40.903227664253805],[0.8268857727286886,40.90322540240478]]],[[[0.7906986402204795,40.865827990655795],[0.790684518106501,40.86582572880677],[0.7906719651162978,40.86582572880677],[0.7906672577449716,40.865830252504814],[0.7906656886211962,40.86583477620286],[0.7906625503736454,40.865848347297],[0.7906656886211962,40.86586078746663],[0.790668826868747,40.865867573013695],[0.7906719651162978,40.86587322763626],[0.7906735342400731,40.86587322763626],[0.7906782416113993,40.865867573013695],[0.7906829489827255,40.86586191839114],[0.7906907946016025,40.86585060914602],[0.7906986402204795,40.865839299900905],[0.7906986402204795,40.865827990655795]]],[[[0.8119681129959879,40.88980924492389],[0.8119539908820094,40.88980698307486],[0.8119398687680307,40.88980924492389],[0.81193673052048,40.889814899546444],[0.8119382996442553,40.889820554169],[0.8119414378918062,40.889823946942535],[0.8119430070155815,40.8898296015651],[0.8119477143869077,40.88983412526314],[0.8119571291295601,40.88983864896119],[0.8119665438722125,40.88983638711216],[0.8119728203673141,40.88983412526314],[0.8119806659861911,40.88982847064058],[0.8119932189763942,40.889820554169],[0.8119932189763942,40.88981716139547],[0.8119806659861911,40.88981263769742],[0.8119681129959879,40.88980924492389]]],[[[0.8268,40.9032],[0.8267,40.9032],[0.8267,40.9033],[0.8268,40.9032]]],[[[0.8461,40.9241],[0.846,40.9241],[0.8461,40.9241],[0.8461,40.9242],[0.8461,40.9241]]],[[[0.8146779897560987,40.89189806249678],[0.8146717132609972,40.89189580064775],[0.8146654367658956,40.89189693157227],[0.8146450381568154,40.891903717119334],[0.8146262086715107,40.891910502666406],[0.8146309160428369,40.891920680987006],[0.8146340542903877,40.89192633560957],[0.8146371925379384,40.89193425208115],[0.8146418999092646,40.891938775779195],[0.814651314651917,40.891939906703705],[0.8146685750134464,40.89193651393017],[0.8146764206323234,40.891930859307614],[0.8146779897560987,40.89192181191152],[0.8146779897560987,40.89191389543994],[0.8146795588798742,40.89190597896836],[0.8146779897560987,40.89189806249678]]],[[[0.8141382111773622,40.891658306500325],[0.814125658187159,40.8916560446513],[0.8141068287018542,40.89165717557581],[0.8141005522067526,40.89166509204739],[0.814094275711651,40.89167187759446],[0.8140927065878757,40.89167640129251],[0.8140958448354264,40.89168205591506],[0.8141021213305281,40.891687710537624],[0.8141083978256296,40.891689972386644],[0.8141225199396082,40.89169223423567],[0.8141382111773622,40.891688841462134],[0.8141523332913407,40.89168092499055],[0.8141554715388916,40.89167640129251],[0.8141570406626669,40.89167187759446],[0.8141507641675654,40.89166396112288],[0.8141382111773622,40.891658306500325]]],[[[0.8195924854206427,40.896564257031564],[0.8195689485640117,40.89655973333352],[0.8195407043360545,40.8965676498051],[0.8195312895934022,40.89657556627668],[0.8195312895934022,40.8965778281257],[0.8195375660885037,40.89658008997473],[0.8195532573262577,40.89658235182375],[0.8195846398017657,40.89658800644631],[0.8196160222772736,40.89658800644631],[0.8196191605248244,40.8965868755218],[0.8196222987723752,40.89658235182375],[0.8196207296485998,40.896572173503145],[0.819617591401049,40.89656878072961],[0.8195924854206427,40.896564257031564]]],[[[0.8452978711091987,40.92338300089922],[0.8452884563665464,40.92337508442764],[0.8452806107476694,40.92337508442764],[0.8452806107476694,40.923381869974705],[0.8452837489952202,40.92338865552178],[0.8452915946140972,40.92341579771006],[0.8453025784805249,40.92344180897382],[0.8453072858518511,40.923444070822846],[0.8453135623469528,40.923444070822846],[0.8453292535847067,40.923438416200284],[0.8453323918322575,40.92343163065322],[0.8453292535847067,40.923418059559076],[0.845326115337156,40.92340335754043],[0.8453088549756266,40.923390917370796],[0.8452978711091987,40.92338300089922]]],[[[0.8448192883577026,40.9229023579818],[0.844805166243724,40.92290122705728],[0.8447926132535208,40.92290122705728],[0.8447816293870931,40.9229023579818],[0.8447784911395423,40.92290461983082],[0.8447800602633178,40.92290914352886],[0.8447879058821947,40.92291932184947],[0.8448004588723979,40.92292723832105],[0.8448239957290288,40.92293515479263],[0.8448491017094352,40.92293741664165],[0.8448616546996384,40.92293515479263],[0.8448647929471892,40.92292836924556],[0.8448616546996384,40.92291819092496],[0.8448553782045368,40.922913667226915],[0.8448381178430074,40.92290801260435],[0.8448192883577026,40.9229023579818]]],[[[0.7920982986281337,40.866379881817444],[0.7920888838854814,40.866379881817444],[0.7920386719246687,40.866387798289026],[0.7920245498106901,40.86639232198707],[0.7920182733155885,40.866397976609626],[0.7920167041918131,40.86640589308121],[0.7920151350680378,40.86641380955279],[0.7920167041918131,40.86642059509986],[0.7920214115631393,40.86642172602437],[0.7920512249148719,40.86641380955279],[0.792079469142829,40.86640363123219],[0.792095160380583,40.866397976609626],[0.7921092824945616,40.86639232198707],[0.7921124207421124,40.86638553644],[0.7921124207421124,40.866381012741954],[0.7921092824945616,40.866379881817444],[0.7920982986281337,40.866379881817444]]],[[[0.8447502469115852,40.92287634671803],[0.8447408321689328,40.92287408486901],[0.844729848302505,40.92287295394449],[0.8447204335598526,40.92287634671803],[0.8447125879409756,40.92288087041607],[0.844698465826997,40.92289104873668],[0.84469062020812,40.9229023579818],[0.8446921893318955,40.92290914352886],[0.8447016040745479,40.92291819092496],[0.8447125879409756,40.92292723832105],[0.8447188644360772,40.92293289294361],[0.8447267100549543,40.92293854756617],[0.8447314174262804,40.92293967849068],[0.844737693921382,40.92293402386812],[0.8447408321689328,40.922924976472025],[0.844745539540259,40.92290688167984],[0.8447502469115852,40.92288991781217],[0.8447502469115852,40.92287634671803]]],[[[0.7595515332788461,40.847251424628546],[0.7595389802886429,40.847250293704036],[0.7595264272984398,40.847251424628546],[0.7595185816795628,40.84725368647757],[0.7595154434320119,40.84725934110013],[0.759523289050889,40.847278566816826],[0.7595295655459905,40.8472853523639],[0.7595342729173167,40.84729213791096],[0.7595421185361937,40.847297792533524],[0.7595578097739477,40.84730118530706],[0.7595735010117016,40.84730231623157],[0.7595860540019048,40.847298923458034],[0.7595923304970064,40.84729100698645],[0.7595923304970064,40.84728309051487],[0.7595844848781295,40.847270650345244],[0.7595719318879263,40.84726047202464],[0.7595625171452739,40.84725481740208],[0.7595515332788461,40.847251424628546]]],[[[0.827,40.9032],[0.8269,40.9032],[0.8269,40.9033],[0.827,40.9033],[0.827,40.9032],[0.8271,40.9032],[0.827,40.9032]]],[[[0.8458,40.9238],[0.8458,40.9239],[0.8459,40.9239],[0.8458,40.9238]]],[[[0.8268,40.9032],[0.8267,40.9032],[0.8268,40.9032],[0.8269,40.9032],[0.8268,40.9032]]],[[[0.808,40.8869],[0.808,40.887],[0.8081,40.887],[0.8081,40.8869],[0.808,40.8869]]],[[[0.846,40.924],[0.8459,40.924],[0.846,40.924],[0.846,40.9241],[0.846,40.924]]],[[[0.8521863244831922,40.93106763295542],[0.8521800479880907,40.93106650203091],[0.8521706332454383,40.93106650203091],[0.8521612185027859,40.93106650203091],[0.8521314051510533,40.93106876387993],[0.852114144789524,40.931075549427],[0.8520968844279946,40.93108346589858],[0.8520874696853422,40.93109251329467],[0.852082762314016,40.9311049534643],[0.852082762314016,40.93111513178491],[0.8520859005615669,40.931124179181],[0.8520921770566684,40.93112870287904],[0.8521078682944224,40.93113209565258],[0.8521329742748287,40.93112644103002],[0.8521565111314597,40.931117393633926],[0.8521737714929891,40.93110608438881],[0.8521863244831922,40.93109364421918],[0.852189462730743,40.93108685867212],[0.852189462730743,40.93107328757797],[0.8521863244831922,40.93106763295542]]],[[[0.7951,40.8741],[0.795,40.8741],[0.795,40.8742],[0.7951,40.8742],[0.7951,40.8741]]],[[[0.8242,40.9004],[0.8241,40.9004],[0.8241,40.9005],[0.8242,40.9005],[0.8242,40.9004]]],[[[0.7615,40.8463],[0.7614,40.8463],[0.7615,40.8464],[0.7615,40.8463]]],[[[0.813,40.8907],[0.813,40.8908],[0.8131,40.8908],[0.8131,40.8909],[0.8132,40.8909],[0.8132,40.8908],[0.8131,40.8908],[0.813,40.8908],[0.813,40.8907]]],[[[0.8219,40.8982],[0.8218,40.8982],[0.8218,40.8983],[0.8219,40.8983],[0.822,40.8983],[0.8219,40.8982]]],[[[0.7837,40.7715],[0.7836,40.7715],[0.7836,40.7716],[0.7837,40.7716],[0.7837,40.7715]]],[[[0.7505,40.7644],[0.7504,40.7644],[0.7504,40.7645],[0.7504,40.7646],[0.7505,40.7646],[0.7505,40.7645],[0.7505,40.7644]]],[[[0.8748,40.7205],[0.8747,40.7205],[0.8746,40.7205],[0.8747,40.7205],[0.8747,40.7206],[0.8748,40.7206],[0.8748,40.7205]]],[[[0.7834,40.7701],[0.7833,40.7701],[0.7832,40.7701],[0.7832,40.7702],[0.7833,40.7702],[0.7834,40.7702],[0.7834,40.7701]]],[[[0.7326,40.8191],[0.7325,40.8191],[0.7325,40.819],[0.7326,40.819],[0.7325,40.819],[0.7325,40.8189],[0.7325,40.819],[0.7325,40.8191],[0.7326,40.8191]]],[[[0.7612,40.7627],[0.7612,40.7628],[0.7611,40.7628],[0.7612,40.7628],[0.7612,40.7629],[0.7612,40.763],[0.7612,40.7629],[0.7612,40.7628],[0.7612,40.7627]]],[[[0.7507,40.7642],[0.7506,40.7642],[0.7505,40.7642],[0.7504,40.7642],[0.7505,40.7643],[0.7506,40.7643],[0.7507,40.7642]]],[[[0.7669,40.7634],[0.7669,40.7633],[0.7668,40.7633],[0.7667,40.7633],[0.7667,40.7634],[0.7668,40.7634],[0.7669,40.7634]]],[[[0.7503,40.7652],[0.7503,40.7651],[0.7504,40.7651],[0.7504,40.765],[0.7503,40.765],[0.7502,40.765],[0.7502,40.7651],[0.7502,40.7652],[0.7503,40.7652]]],[[[0.784,40.7712],[0.7839,40.7712],[0.7839,40.7713],[0.7838,40.7713],[0.7838,40.7714],[0.7838,40.7715],[0.7837,40.7715],[0.7838,40.7715],[0.7839,40.7714],[0.7839,40.7713],[0.784,40.7713],[0.784,40.7712]]],[[[0.7831,40.7701],[0.7832,40.77],[0.7832,40.7699],[0.7831,40.7699],[0.7831,40.77],[0.783,40.77],[0.7829,40.77],[0.783,40.7701],[0.7831,40.7701]]],[[[0.7613,40.8465],[0.7614,40.8465],[0.7615,40.8465],[0.7615,40.8464],[0.7614,40.8464],[0.7614,40.8463],[0.7613,40.8463],[0.7613,40.8464],[0.7613,40.8463],[0.7612,40.8463],[0.7612,40.8464],[0.7611,40.8464],[0.7611,40.8465],[0.7612,40.8465],[0.7613,40.8465]]],[[[0.7824,40.7698],[0.7823,40.7698],[0.7823,40.7699],[0.7823,40.77],[0.7823,40.7701],[0.7824,40.7702],[0.7824,40.7701],[0.7825,40.77],[0.7825,40.7699],[0.7825,40.7698],[0.7824,40.7698]]],[[[0.7346,40.7874],[0.7344,40.7874],[0.7343,40.7874],[0.7341,40.7876],[0.7342,40.7876],[0.7343,40.7876],[0.7344,40.7876],[0.7345,40.7875],[0.7346,40.7874]]],[[[0.7325,40.7863],[0.7324,40.7863],[0.7323,40.7864],[0.7323,40.7866],[0.7324,40.7866],[0.7325,40.7865],[0.7325,40.7864],[0.7326,40.7864],[0.7326,40.7863],[0.7325,40.7863]]],[[[0.7842,40.7706],[0.7841,40.7706],[0.784,40.7706],[0.784,40.7707],[0.7839,40.7707],[0.784,40.7707],[0.784,40.7708],[0.7841,40.7708],[0.784,40.7708],[0.784,40.7709],[0.7841,40.7709],[0.7842,40.7708],[0.7842,40.7707],[0.7843,40.7707],[0.7843,40.7706],[0.7842,40.7706]]],[[[0.735,40.7876],[0.7349,40.7876],[0.7348,40.7876],[0.7348,40.7877],[0.7346,40.7878],[0.7345,40.7878],[0.7346,40.7879],[0.7348,40.7879],[0.7348,40.7878],[0.7349,40.7878],[0.735,40.7877],[0.735,40.7876],[0.7351,40.7876],[0.735,40.7876]]],[[[0.7431,40.8272],[0.7431,40.8271],[0.7431,40.827],[0.743,40.827],[0.7431,40.827],[0.743,40.827],[0.743,40.8269],[0.7429,40.8269],[0.7428,40.8269],[0.7428,40.827],[0.7428,40.8269],[0.7427,40.8269],[0.7427,40.827],[0.7427,40.8271],[0.7428,40.8271],[0.7428,40.8272],[0.7429,40.8272],[0.743,40.8272],[0.7431,40.8272]]],[[[0.7681,40.764],[0.768,40.764],[0.768,40.7641],[0.7679,40.7642],[0.7678,40.7643],[0.7677,40.7644],[0.7677,40.7645],[0.7677,40.7646],[0.7676,40.7646],[0.7676,40.7647],[0.7676,40.7648],[0.7677,40.7647],[0.7677,40.7646],[0.7678,40.7646],[0.7678,40.7645],[0.7679,40.7645],[0.7679,40.7644],[0.768,40.7644],[0.7679,40.7644],[0.7679,40.7643],[0.768,40.7643],[0.768,40.7642],[0.7681,40.7641],[0.7681,40.764]]],[[[0.7707,40.7633],[0.7708,40.7633],[0.7709,40.7633],[0.771,40.7633],[0.7711,40.7633],[0.7711,40.7632],[0.771,40.7632],[0.7709,40.7632],[0.7708,40.7632],[0.7708,40.7631],[0.7707,40.7631],[0.7706,40.7631],[0.7706,40.7632],[0.7705,40.7633],[0.7706,40.7634],[0.7706,40.7633],[0.7707,40.7633]]],[[[0.7586,40.7629],[0.7585,40.7629],[0.7584,40.7629],[0.7583,40.7629],[0.7582,40.7629],[0.7582,40.763],[0.7581,40.763],[0.7581,40.7631],[0.758,40.7632],[0.758,40.7633],[0.758,40.7634],[0.758,40.7635],[0.758,40.7636],[0.758,40.7637],[0.758,40.7638],[0.758,40.7637],[0.7581,40.7637],[0.7581,40.7636],[0.7581,40.7635],[0.7582,40.7635],[0.7582,40.7633],[0.7582,40.7632],[0.7583,40.7631],[0.7582,40.7631],[0.7583,40.7631],[0.7584,40.7631],[0.7584,40.763],[0.7585,40.763],[0.7586,40.763],[0.7586,40.7629],[0.7587,40.7629],[0.7586,40.7629]]],[[[0.7224,40.7786],[0.7225,40.7786],[0.7226,40.7786],[0.7227,40.7786],[0.7227,40.7785],[0.7228,40.7785],[0.7228,40.7784],[0.7229,40.7784],[0.7229,40.7783],[0.7229,40.7782],[0.7229,40.7781],[0.7228,40.7781],[0.7227,40.7781],[0.7227,40.7782],[0.7225,40.7783],[0.7224,40.7783],[0.7224,40.7784],[0.7223,40.7785],[0.7223,40.7786],[0.7224,40.7786]]],[[[0.7347,40.7857],[0.7346,40.7857],[0.7345,40.7857],[0.7344,40.7858],[0.7343,40.7858],[0.7342,40.7858],[0.7341,40.7859],[0.734,40.786],[0.7339,40.786],[0.7339,40.7861],[0.7338,40.7861],[0.7339,40.7861],[0.7339,40.7862],[0.734,40.7862],[0.734,40.7863],[0.7341,40.7863],[0.7341,40.7862],[0.7342,40.7862],[0.7343,40.7862],[0.7344,40.7861],[0.7345,40.7861],[0.7346,40.7861],[0.7347,40.786],[0.7348,40.786],[0.7348,40.7859],[0.7349,40.7859],[0.7348,40.7858],[0.7347,40.7858],[0.7347,40.7857]]],[[[0.7348,40.7867],[0.7347,40.7867],[0.7344,40.7868],[0.7343,40.7868],[0.7342,40.7869],[0.734,40.787],[0.7339,40.787],[0.7339,40.7871],[0.7338,40.7872],[0.7337,40.7874],[0.7337,40.7875],[0.7338,40.7875],[0.7339,40.7875],[0.734,40.7875],[0.734,40.7874],[0.7341,40.7874],[0.7342,40.7874],[0.7342,40.7873],[0.7343,40.7873],[0.7344,40.7872],[0.7345,40.7872],[0.7345,40.7871],[0.7346,40.7871],[0.7347,40.787],[0.7348,40.7869],[0.7349,40.7869],[0.7349,40.7868],[0.7348,40.7868],[0.7348,40.7867]]],[[[0.7506,40.7641],[0.7506,40.764],[0.7507,40.7639],[0.7508,40.7639],[0.7509,40.7639],[0.751,40.7639],[0.7511,40.7639],[0.7512,40.7639],[0.7513,40.7639],[0.7514,40.7639],[0.7515,40.7639],[0.7516,40.7638],[0.7517,40.7638],[0.7518,40.7638],[0.7518,40.7637],[0.7519,40.7637],[0.7519,40.7638],[0.752,40.7638],[0.7521,40.7637],[0.7522,40.7637],[0.7523,40.7636],[0.7523,40.7635],[0.7524,40.7635],[0.7524,40.7634],[0.7523,40.7634],[0.7522,40.7634],[0.7521,40.7634],[0.752,40.7634],[0.7519,40.7634],[0.7519,40.7635],[0.7518,40.7635],[0.7518,40.7636],[0.7517,40.7636],[0.7516,40.7637],[0.7515,40.7637],[0.7514,40.7637],[0.7514,40.7638],[0.7513,40.7638],[0.7512,40.7638],[0.7512,40.7637],[0.7511,40.7637],[0.7511,40.7636],[0.751,40.7636],[0.7509,40.7636],[0.7508,40.7636],[0.7507,40.7636],[0.7506,40.7636],[0.7505,40.7636],[0.7505,40.7637],[0.7504,40.7637],[0.7504,40.7638],[0.7504,40.7639],[0.7504,40.764],[0.7504,40.7641],[0.7504,40.7642],[0.7505,40.7642],[0.7505,40.7641],[0.7506,40.7641]]],[[[0.7329,40.788],[0.7329,40.7879],[0.733,40.7879],[0.733,40.7878],[0.7331,40.7878],[0.7331,40.7877],[0.7331,40.7876],[0.7333,40.7874],[0.7333,40.7872],[0.7332,40.7872],[0.7332,40.7873],[0.7331,40.7873],[0.7329,40.7874],[0.7329,40.7875],[0.7328,40.7875],[0.7327,40.7875],[0.7326,40.7875],[0.7326,40.7876],[0.7325,40.7876],[0.7325,40.7877],[0.7324,40.7877],[0.7323,40.7878],[0.7322,40.7878],[0.7323,40.7877],[0.7324,40.7876],[0.7323,40.7876],[0.7323,40.7875],[0.7323,40.7876],[0.7322,40.7876],[0.7321,40.7876],[0.7319,40.7877],[0.7318,40.7877],[0.7317,40.7877],[0.7316,40.7877],[0.7315,40.7877],[0.7316,40.7876],[0.7318,40.7875],[0.7319,40.7874],[0.7319,40.7873],[0.732,40.7873],[0.7319,40.7873],[0.7318,40.7873],[0.7317,40.7873],[0.7316,40.7873],[0.7315,40.7874],[0.7314,40.7874],[0.7313,40.7875],[0.7312,40.7876],[0.7311,40.7876],[0.7311,40.7877],[0.7311,40.7876],[0.731,40.7876],[0.731,40.7875],[0.731,40.7874],[0.7311,40.7874],[0.7312,40.7874],[0.7313,40.7873],[0.7314,40.7873],[0.7316,40.7872],[0.7317,40.7872],[0.7318,40.7872],[0.7319,40.7872],[0.732,40.7871],[0.7321,40.7871],[0.7321,40.787],[0.732,40.787],[0.732,40.7869],[0.7319,40.7869],[0.7317,40.7868],[0.7314,40.7867],[0.7313,40.7867],[0.7312,40.7866],[0.7311,40.7866],[0.731,40.7866],[0.7309,40.7866],[0.7308,40.7866],[0.7307,40.7866],[0.7306,40.7866],[0.7305,40.7867],[0.7304,40.7867],[0.7303,40.7868],[0.7302,40.7868],[0.7301,40.7869],[0.7299,40.7869],[0.7298,40.787],[0.7297,40.7871],[0.7296,40.7871],[0.7296,40.7872],[0.7295,40.7872],[0.7295,40.7873],[0.7294,40.7874],[0.7293,40.7874],[0.7293,40.7875],[0.7292,40.7876],[0.7291,40.7877],[0.729,40.7877],[0.729,40.7878],[0.7289,40.7878],[0.7289,40.7879],[0.729,40.7879],[0.7291,40.788],[0.7291,40.7881],[0.7292,40.7882],[0.7292,40.7883],[0.7293,40.7884],[0.7294,40.7884],[0.7294,40.7885],[0.7295,40.7885],[0.7296,40.7885],[0.7296,40.7886],[0.7297,40.7886],[0.7299,40.7887],[0.73,40.7887],[0.7301,40.7887],[0.7302,40.7887],[0.7302,40.7888],[0.7303,40.7888],[0.7304,40.7888],[0.7305,40.7888],[0.7306,40.7888],[0.7307,40.7888],[0.7307,40.7887],[0.7308,40.7887],[0.7309,40.7887],[0.7309,40.7886],[0.731,40.7886],[0.7311,40.7884],[0.7312,40.7883],[0.7313,40.7882],[0.7314,40.7882],[0.7314,40.7881],[0.7315,40.7881],[0.7316,40.7881],[0.7316,40.788],[0.7317,40.788],[0.7317,40.7879],[0.7317,40.788],[0.7316,40.7881],[0.7315,40.7882],[0.7314,40.7882],[0.7313,40.7883],[0.7312,40.7884],[0.7311,40.7885],[0.731,40.7888],[0.7309,40.7888],[0.7309,40.7889],[0.7309,40.789],[0.731,40.7891],[0.7311,40.7891],[0.7311,40.7892],[0.7312,40.7892],[0.7313,40.7892],[0.7314,40.7892],[0.7315,40.7892],[0.7316,40.7892],[0.7317,40.7892],[0.7318,40.7892],[0.7319,40.7892],[0.7319,40.7891],[0.732,40.7891],[0.7321,40.7891],[0.7321,40.789],[0.7322,40.789],[0.7323,40.7889],[0.7324,40.7888],[0.7325,40.7887],[0.7326,40.7886],[0.7326,40.7885],[0.7327,40.7884],[0.7327,40.7883],[0.7328,40.7882],[0.7328,40.7881],[0.7329,40.788]]],[[[0.5591,41.0149],[0.5625,41.0088],[0.568,41.0041],[0.573,41.0007],[0.5763,40.9957],[0.5664,40.99],[0.5659,40.985],[0.5734,40.9801],[0.5837,40.9755],[0.5816,40.9704],[0.5811,40.9653],[0.5831,40.9603],[0.5882,40.9566],[0.5924,40.9516],[0.5888,40.9466],[0.5874,40.9415],[0.5924,40.9407],[0.5974,40.9409],[0.6006,40.9359],[0.6056,40.9331],[0.6106,40.9307],[0.6156,40.9323],[0.6253,40.9346],[0.6342,40.9368],[0.6412,40.9383],[0.649,40.94],[0.6543,40.9428],[0.6629,40.9449],[0.6679,40.9439],[0.6729,40.946],[0.678,40.9451],[0.683,40.9408],[0.6881,40.9419],[0.6931,40.9426],[0.6981,40.9441],[0.7148,40.9413],[0.721,40.941],[0.7295,40.9401],[0.7395,40.939],[0.7445,40.9359],[0.7502,40.9324],[0.757,40.9327],[0.7625,40.9334],[0.7676,40.9343],[0.7744,40.9355],[0.7805,40.9368],[0.7884,40.9378],[0.7968,40.9387],[0.8027,40.9387],[0.8088,40.9394],[0.814,40.94],[0.8206,40.9408],[0.8256,40.9413],[0.8306,40.9391],[0.8356,40.9375],[0.8406,40.9388],[0.8456,40.9369],[0.8506,40.9367],[0.8559,40.9354],[0.8516,40.9304],[0.8478,40.9253],[0.8428,40.9213],[0.8378,40.9191],[0.8361,40.9141],[0.8311,40.9104],[0.8274,40.9054],[0.8239,40.9004],[0.8189,40.896],[0.8139,40.8917],[0.8089,40.8877],[0.8054,40.8827],[0.803,40.8777],[0.805,40.883],[0.8,40.8788],[0.795,40.8743],[0.7942,40.8692],[0.7892,40.8657],[0.7842,40.8627],[0.7792,40.8602],[0.7742,40.8589],[0.7692,40.8571],[0.7652,40.8521],[0.7626,40.8471],[0.7575,40.8476],[0.7525,40.8465],[0.7494,40.8414],[0.7444,40.837],[0.7424,40.832],[0.7424,40.827],[0.7373,40.824],[0.7323,40.8212],[0.7273,40.8173],[0.7222,40.8161],[0.7172,40.813],[0.7121,40.8109],[0.7071,40.8099],[0.7021,40.8055],[0.6996,40.8005],[0.7025,40.7954],[0.7056,40.7904],[0.7106,40.7854],[0.7156,40.7814],[0.7206,40.7787],[0.7256,40.7742],[0.7306,40.7694],[0.7356,40.7674],[0.7406,40.7661],[0.7457,40.7651],[0.7507,40.7636],[0.7557,40.7629],[0.7607,40.7624],[0.7657,40.7633],[0.7708,40.7631],[0.7758,40.7663],[0.7808,40.7682],[0.7819,40.7732],[0.7768,40.7751],[0.7718,40.7769],[0.7667,40.779],[0.7617,40.7806],[0.7567,40.7817],[0.7517,40.784],[0.7467,40.7853],[0.7416,40.7872],[0.7366,40.7875],[0.7316,40.7906],[0.7266,40.7891],[0.7316,40.7915],[0.7366,40.7922],[0.7416,40.7931],[0.7471,40.7938],[0.7521,40.7941],[0.7571,40.794],[0.7621,40.7931],[0.7672,40.7919],[0.7723,40.7892],[0.7773,40.7854],[0.7822,40.7804],[0.7863,40.7754],[0.7905,40.7703],[0.7946,40.7652],[0.7996,40.7604],[0.8046,40.756],[0.8096,40.7512],[0.8144,40.7461],[0.8194,40.7411],[0.8244,40.7367],[0.8294,40.7335],[0.8348,40.7314],[0.8399,40.7307],[0.845,40.7307],[0.8501,40.7317],[0.8551,40.7335],[0.8501,40.7332],[0.8551,40.7355],[0.8601,40.7358],[0.8652,40.7316],[0.8704,40.7296],[0.8734,40.7245],[0.8742,40.7195],[0.8654,40.7191],[0.8581,40.7189],[0.8527,40.7181],[0.8471,40.7168],[0.842,40.7154],[0.837,40.7131],[0.8308,40.7105],[0.8258,40.709],[0.8205,40.7078],[0.815,40.7055],[0.809,40.7004],[0.8026,40.6969],[0.7963,40.6951],[0.7886,40.6945],[0.7832,40.6951],[0.7778,40.6966],[0.7713,40.6994],[0.7657,40.7015],[0.7604,40.7046],[0.7553,40.7089],[0.7489,40.71],[0.7436,40.7098],[0.7374,40.7098],[0.7324,40.7107],[0.7262,40.7117],[0.7212,40.7126],[0.7162,40.713],[0.7105,40.7138],[0.7023,40.7147],[0.6967,40.7149],[0.6915,40.714],[0.6862,40.7137],[0.6812,40.7163],[0.6742,40.7211],[0.6691,40.7208],[0.6632,40.72],[0.658,40.7186],[0.6522,40.7166],[0.6457,40.7151],[0.6405,40.714],[0.6347,40.7118],[0.6289,40.7095],[0.6235,40.7077],[0.6181,40.706],[0.613,40.7057],[0.6079,40.7063],[0.6018,40.7069],[0.5963,40.7081],[0.5906,40.7101],[0.5854,40.7132],[0.5804,40.7154],[0.577,40.7209],[0.5746,40.7263],[0.5733,40.7314],[0.5717,40.7371],[0.5699,40.7429],[0.5676,40.7483],[0.5614,40.7518],[0.5512,40.7458],[0.5458,40.7442],[0.5408,40.7469],[0.5336,40.7476],[0.5286,40.7456],[0.5236,40.746],[0.5184,40.743],[0.5134,40.7416],[0.5083,40.7391],[0.5033,40.7393],[0.498,40.7384],[0.493,40.7395],[0.4879,40.7388],[0.4828,40.7387],[0.4777,40.7374],[0.4726,40.7375],[0.4672,40.7378],[0.4622,40.7378],[0.4572,40.7384],[0.4522,40.7379],[0.4471,40.7378],[0.4421,40.7369],[0.4369,40.7366],[0.4319,40.7383],[0.4268,40.7383],[0.4216,40.7385],[0.4165,40.74],[0.4115,40.741],[0.4064,40.7446],[0.4014,40.7468],[0.3964,40.7512],[0.3912,40.7546],[0.3861,40.7572],[0.3841,40.7622],[0.3655,40.7603],[0.3431,40.7577],[0.3306,40.7605],[0.3264,40.7517],[0.3202,40.7501],[0.3117,40.7455],[0.2994,40.7504],[0.2938,40.7509],[0.2906,40.756],[0.288,40.761],[0.2879,40.7661],[0.2829,40.768],[0.2779,40.7637],[0.2729,40.7675],[0.2763,40.7725],[0.2732,40.7775],[0.268,40.7801],[0.263,40.7818],[0.258,40.7814],[0.253,40.7813],[0.248,40.7818],[0.2429,40.7811],[0.2379,40.7802],[0.2341,40.787],[0.245,40.792],[0.2506,40.7985],[0.2588,40.8002],[0.2658,40.8134],[0.2709,40.8158],[0.276,40.8183],[0.2811,40.8192],[0.2865,40.8184],[0.2918,40.8158],[0.2968,40.8211],[0.3026,40.8311],[0.3106,40.8395],[0.3157,40.8422],[0.3207,40.8438],[0.3257,40.8445],[0.3307,40.847],[0.3335,40.8521],[0.3384,40.8571],[0.3524,40.871],[0.3567,40.8773],[0.3617,40.8802],[0.3658,40.8853],[0.3694,40.8903],[0.366,40.8954],[0.3658,40.9005],[0.3645,40.9055],[0.3649,40.9106],[0.3652,40.9158],[0.3682,40.9208],[0.3691,40.9258],[0.3663,40.9313],[0.3712,40.9363],[0.3707,40.9427],[0.3757,40.9431],[0.3808,40.9447],[0.3859,40.9445],[0.391,40.9477],[0.3915,40.9527],[0.3965,40.9541],[0.4015,40.955],[0.4067,40.9576],[0.4117,40.9581],[0.4167,40.9577],[0.4218,40.9593],[0.4268,40.9611],[0.4319,40.961],[0.437,40.9619],[0.4422,40.9634],[0.4472,40.9674],[0.4507,40.9725],[0.454,40.9775],[0.4591,40.9772],[0.4642,40.9778],[0.4692,40.9801],[0.4743,40.9779],[0.4794,40.9769],[0.4844,40.9769],[0.4894,40.9798],[0.4945,40.9833],[0.4995,40.9879],[0.5046,40.9901],[0.5096,40.9949],[0.5147,40.9976],[0.5203,40.9973],[0.5254,40.9984],[0.5305,41.0009],[0.5406,41.0063],[0.5459,41.0092],[0.551,41.0098],[0.556,41.0125],[0.5591,41.0149]]]]}},{"type":"Feature","properties":{"id":"10","name":"Baix Empordà","capital":"la Bisbal d'Empordà"},"geometry":{"type":"MultiPolygon","coordinates":[[[[3.2189867240936874,42.04773910291786],[3.2189757402272594,42.04773797199334],[3.218974171103484,42.047745888464924],[3.218985154969912,42.04775719771004],[3.218989862341238,42.04775719771004],[3.2189961388363395,42.04774928123846],[3.2189867240936874,42.04773910291786]]],[[[3.1297082886449155,41.84159757572024],[3.1296988739022633,41.84159192109768],[3.1296941665309372,41.84159870664475],[3.1296957356547126,41.841616801436935],[3.129697304778488,41.841616801436935],[3.12970671952114,41.841615670512425],[3.129712996016242,41.841606623116334],[3.1297082886449155,41.84159757572024]]],[[[3.209907773929239,42.05309742325373],[3.2099014974341378,42.05309063770666],[3.209887375320159,42.053094030480196],[3.209877960577507,42.05310194695178],[3.2098763914537316,42.05310647064982],[3.2098858061963838,42.05310873249885],[3.2098999283103624,42.05310647064982],[3.209907773929239,42.05309742325373]]],[[[3.0944453700404155,41.83569980439234],[3.094428109678886,41.835696411618805],[3.094417125812458,41.83570093531685],[3.0944186949362336,41.83570885178843],[3.0944296788026615,41.83571337548648],[3.0944390935453137,41.83571224456197],[3.0944485082879662,41.83570658993941],[3.0944453700404155,41.83569980439234]]],[[[3.1984751381016956,42.078307992465916],[3.198464154235268,42.07830686154141],[3.198456308616391,42.07831364708847],[3.198461015987717,42.07832269448456],[3.198479845473022,42.0783260872581],[3.1984892602156743,42.07832156356005],[3.1984861219681235,42.0783159089375],[3.198484552844348,42.07831477801298],[3.1984751381016956,42.078307992465916]]],[[[3.189325577367355,41.887932683884266],[3.1893114552533763,41.887925898337194],[3.1893004713869484,41.887936076657795],[3.189302040510724,41.88794964775194],[3.1893114552533763,41.88794851682743],[3.189325577367355,41.88794512405389],[3.189325577367355,41.887932683884266]]],[[[3.177508506214839,41.870168121656334],[3.1774975223484114,41.87016133610926],[3.177492814977085,41.87017264535438],[3.1774975223484114,41.87018282367499],[3.177516351833716,41.8701941329201],[3.177519490081267,41.87018847829754],[3.177508506214839,41.870168121656334]]],[[[3.2190432125496016,42.04799921555552],[3.219041643425826,42.04799243000845],[3.219025952188072,42.04799243000845],[3.219013399197869,42.04799808463101],[3.219008691826543,42.04800939387612],[3.2190165374454196,42.04801617942319],[3.2190306595593983,42.04801165572515],[3.2190322286831736,42.04801052480064],[3.2190432125496016,42.04799921555552]]],[[[3.209164009259701,42.06580109829233],[3.2091530253932734,42.06579883644331],[3.2091467488981715,42.06581353846196],[3.209151456269498,42.065827109556096],[3.2091624401359256,42.06583163325414],[3.209170285754803,42.065827109556096],[3.209171854878578,42.06582371678256],[3.209164009259701,42.06580109829233]]],[[[3.1811347512597816,41.88066649389735],[3.1811221982695788,41.880664232048325],[3.1811096452793755,41.88066988667089],[3.1811080761556,41.880682326840514],[3.181119060022028,41.880691374236605],[3.1811300438884555,41.88068685053856],[3.181137889507333,41.88067554129344],[3.1811347512597816,41.88066649389735]]],[[[3.1280136349674867,41.84190857996093],[3.1280136349674867,41.84190744903641],[3.128010496719936,41.84190971088544],[3.1280073584723853,41.841915365507994],[3.1280073584723853,41.84191875828153],[3.1280120658437114,41.84194024584725],[3.1280136349674867,41.84194590046981],[3.128018342338813,41.841949293243346],[3.1280214805863635,41.841949293243346],[3.128023049710139,41.84194816231883],[3.12802618795769,41.84194476954529],[3.12802618795769,41.84193798399823],[3.128023049710139,41.84191988920604],[3.128019911462588,41.84191197273446],[3.128015204091262,41.84190857996093],[3.1280136349674867,41.84190857996093]]],[[[3.2146214217505324,41.936647257220656],[3.214608868760329,41.93664386444712],[3.2145978848939016,41.93665517369224],[3.2145978848939016,41.93667439940893],[3.2146057305127784,41.936681184956],[3.214608868760329,41.93667213755991],[3.2146182835029817,41.93665969739028],[3.214622990874308,41.93665291184321],[3.2146214217505324,41.936647257220656],[3.2146214217505324,41.936647257220656]]],[[[3.221439264554633,42.045480646668224],[3.2214314189357562,42.04547499204567],[3.2214094512029003,42.045478384819205],[3.2213968982126975,42.045488563139806],[3.2214094512029003,42.04549647961139],[3.2214204350693283,42.04549421776237],[3.221434557183307,42.045487432215296],[3.221439264554633,42.045480646668224]]],[[[3.2099799536229074,42.06205660723448],[3.209964262385154,42.062052083536436],[3.209950140271175,42.06205547630997],[3.2099438637760733,42.062062261857044],[3.2099470020236245,42.06206565463057],[3.2099752462515814,42.062073571102154],[3.2099862301180093,42.06206678555509],[3.2099799536229074,42.06205660723448]]],[[[3.178831277557499,41.86757378082677],[3.1788187245672956,41.86756925712872],[3.1788014642057663,41.86757038805323],[3.17879675683444,41.86757830452481],[3.178812448072194,41.86758961376993],[3.178825001062397,41.86759074469444],[3.178831277557499,41.867586220996394],[3.1788344158050497,41.86758056637383],[3.178831277557499,41.86757378082677]]],[[[3.209835594235571,42.06202607227267],[3.2098183338740416,42.0620192867256],[3.209807350007614,42.06203285781974],[3.2098136265027155,42.06204642891388],[3.209827748616694,42.062045297989364],[3.2098387324831217,42.062033988744254],[3.209835594235571,42.06202607227267]]],[[[3.215980282940026,41.9378630010706],[3.2159692990735986,41.937861870146094],[3.2159583152071707,41.937870917542185],[3.215950469588294,41.937879964938276],[3.2159536078358446,41.93788335771181],[3.2159724373211493,41.9378822267873],[3.21599597417778,41.93787544124023],[3.21599597417778,41.93787544124023],[3.215994405054005,41.93787431031572],[3.215994405054005,41.93787431031572],[3.215980282940026,41.9378630010706]]],[[[3.129519993791868,41.8413012734982],[3.129519993791868,41.8413012734982],[3.1295168555443174,41.84130466627174],[3.1295152864205416,41.841315975516856],[3.1295168555443174,41.84132276106393],[3.1295215629156434,41.84133180846002],[3.1295262702869695,41.84133859400709],[3.129535685029622,41.84134311770514],[3.129538823277173,41.84134311770514],[3.129540392400948,41.841335201233555],[3.129538823277173,41.84132954661099],[3.1295341159058467,41.84131823736588],[3.129523132039419,41.84130240442272],[3.129519993791868,41.8413012734982]]],[[[3.1394980518796185,41.8489169191592],[3.1394917753845166,41.84890900268762],[3.13948392976564,41.848912395461156],[3.139480791518089,41.84892596655529],[3.139480791518089,41.848950846894546],[3.139480791518089,41.848951977819056],[3.1394902062607413,41.848951977819056],[3.139499621003394,41.84893614487589],[3.1394980518796185,41.8489169191592]]],[[[3.1830961559790283,41.881866404804136],[3.183075757369948,41.881866404804136],[3.1830412366468894,41.88187432127572],[3.1830349601517876,41.88187884497376],[3.1830412366468894,41.8818822377473],[3.183058497008419,41.8818822377473],[3.1830851721126003,41.88187771404925],[3.183099294226579,41.8818720594267],[3.1830961559790283,41.881866404804136]]],[[[3.1694777307323565,42.10556440411955],[3.169468315989704,42.10556101134602],[3.169463608618378,42.10556214227053],[3.1694557629995006,42.105566665968574],[3.1694510556281745,42.10557232059113],[3.1694510556281745,42.105576844289175],[3.16945262475195,42.10558249891174],[3.1694557629995006,42.10558815353429],[3.1694620394946025,42.1055892844588],[3.1694714542372546,42.10559041538332],[3.169476161608581,42.105584760760756],[3.1694824381036826,42.10557797521369],[3.1694824381036826,42.10557118966662],[3.1694777307323565,42.10556440411955]]],[[[3.2128796943598417,42.060028859585216],[3.2128592957507616,42.060019812189125],[3.2128467427605583,42.060022074038145],[3.212849881008109,42.060029990509726],[3.2128530192556597,42.06003790698131],[3.2128624339983123,42.06004469252838],[3.212876556112291,42.0600469543774],[3.2128875399787185,42.06004129975484],[3.2128796943598417,42.060028859585216]]],[[[3.1786,41.8687],[3.1785,41.8687],[3.1785,41.8688],[3.1786,41.8687]]],[[[3.1395937684299176,41.8489757272338],[3.1395843536872654,41.84895876336613],[3.1395733698208375,41.84896215613966],[3.1395702315732867,41.848980250931845],[3.13958278456349,41.84900400034659],[3.1395843536872654,41.8490051312711],[3.139592199306142,41.84899608387501],[3.1395937684299176,41.8489757272338]]],[[[3.2246088945809355,42.05021695852273],[3.2246010489620582,42.050213565749196],[3.224594772466957,42.050214696673706],[3.224591634219406,42.05021922037176],[3.224591634219406,42.05022487499431],[3.2246026180858336,42.05024523163552],[3.224610463704711,42.05024975533357],[3.2246167401998123,42.05025088625808],[3.2246214475711383,42.05024749348455],[3.2246214475711383,42.05023957701297],[3.2246183093235876,42.05022826776785],[3.2246088945809355,42.05021695852273]]],[[[3.1997869255779277,42.07732521906535],[3.1997743725877243,42.07731617166926],[3.1997618195975215,42.07731843351828],[3.199744559235992,42.07732408814084],[3.1997429901122167,42.07733313553693],[3.199763388721297,42.077339921084004],[3.1997853564541523,42.07733539738595],[3.1997869255779277,42.07732521906535]]],[[[3.210847679070702,42.05340842749442],[3.2108351260804993,42.053402772871856],[3.2108210039665206,42.05340390379637],[3.2108131583476434,42.05341408211697],[3.21081786571897,42.05342426043758],[3.2108335569567235,42.053431045984645],[3.210850817318253,42.05341747489051],[3.210847679070702,42.05340842749442]]],[[[3.211530247913,42.05438441534791],[3.211514556675246,42.054378760725356],[3.211503572808818,42.0543832844234],[3.211506711056369,42.05439459366852],[3.211522402294123,42.054408164762656],[3.211533386160551,42.05441381938521],[3.211533386160551,42.0544126884607],[3.211538093531877,42.05439685551754],[3.211530247913,42.05438441534791]]],[[[3.1776920936965602,41.87242770883047],[3.1776795407063574,41.8724197923589],[3.1776685568399294,41.87242431605694],[3.1776748333350313,41.87244467269815],[3.1776842480776835,41.87245824379229],[3.1776952319441114,41.872460505641314],[3.1776999393154375,41.87244806547169],[3.1776920936965602,41.87242770883047]]],[[[3.1927337142075176,41.88987561219516],[3.192724299464865,41.88986882664809],[3.192714884722213,41.88986882664809],[3.192710177350887,41.88988013589321],[3.192708608227111,41.889891445138325],[3.1927133155984375,41.889901623458925],[3.192724299464865,41.88990388530795],[3.1927337142075176,41.88989823068539],[3.192735283331293,41.88988805236479],[3.1927337142075176,41.88987561219516]]],[[[3.0940185683735075,41.835910156351495],[3.0940122918784057,41.835909025426986],[3.094006015383304,41.835910156351495],[3.093996600640652,41.83591581097405],[3.093988755021775,41.83592146559661],[3.093985616774224,41.83592598929466],[3.0939918932693256,41.835930512992704],[3.093999738888203,41.83593616761526],[3.0940075845070796,41.83593503669075],[3.0940185683735075,41.835930512992704],[3.0940279831161597,41.83592598929466],[3.094029552239935,41.83592259652112],[3.0940264139923843,41.83591581097405],[3.0940185683735075,41.835910156351495]]],[[[3.128140733993294,41.84190405626288],[3.128126611879315,41.841893877942276],[3.1281187662604384,41.841893877942276],[3.128121904507989,41.84190179441386],[3.128121904507989,41.84190405626288],[3.128129750126866,41.84191988920604],[3.1281391648695185,41.841932329375666],[3.128142303117069,41.841942507696274],[3.12814544136462,41.84194476954529],[3.1281470104883953,41.84194476954529],[3.1281501487359464,41.84194363862078],[3.128151717859722,41.84193911492274],[3.1281501487359464,41.84191988920604],[3.1281485796121706,41.8419164964325],[3.128140733993294,41.84190405626288]]],[[[3.0937580938267915,41.835790278353265],[3.0937549555792407,41.835789147428756],[3.09375181733169,41.835789147428756],[3.0937486790841393,41.835790278353265],[3.0937486790841393,41.83579140927778],[3.0937486790841393,41.83579706390034],[3.0937486790841393,41.83579819482485],[3.0937376952177114,41.83580498037192],[3.0937267113512834,41.83581063499447],[3.093725142227508,41.8358128968435],[3.0937282804750588,41.835816289617036],[3.0937392643414867,41.83582081331508],[3.0937502482079147,41.83582420608862],[3.093759662950567,41.8358230751641],[3.093764370321893,41.835817420541545],[3.0937659394456687,41.8358128968435],[3.093759662950567,41.83580045667387],[3.0937580938267915,41.835790278353265]]],[[[3.2205,42.0464],[3.2204,42.0464],[3.2204,42.0465],[3.2205,42.0465],[3.2205,42.0464]]],[[[3.179741369347229,41.873615179567636],[3.179733523728352,41.87360500124703],[3.1797225398619244,41.873606132171545],[3.179716263366823,41.8736117867941],[3.179713125119272,41.87362196511471],[3.1797225398619244,41.87363892898238],[3.179733523728352,41.87364797637847],[3.179739800223454,41.873636667133354],[3.179741369347229,41.873615179567636]]],[[[3.1787826347204615,41.87156368250363],[3.178760666987606,41.871554635107536],[3.1787512522449535,41.871555766032046],[3.178757528740055,41.87156368250363],[3.1787669434827075,41.871576122673254],[3.178779496472911,41.87158630099386],[3.1787920494631137,41.87159082469191],[3.178799895081991,41.871585170069345],[3.1787983259582155,41.871574991748744],[3.1787826347204615,41.87156368250363]]],[[[3.12968632091206,41.84168239505861],[3.129670629674306,41.841680133209586],[3.1296565075603273,41.84169370430372],[3.1296596458078785,41.841708406322375],[3.1296674914267553,41.84171519186945],[3.1296737679218567,41.84171519186945],[3.1296847517882846,41.841709537246885],[3.129691028283386,41.84169709707726],[3.12968632091206,41.84168239505861]]],[[[3.1985379030527117,42.07832043263554],[3.1985206426911823,42.07831930171103],[3.1985222118149577,42.0783260872581],[3.198534764805161,42.078336265578706],[3.1985426104240378,42.0783453129748],[3.1985520251666903,42.07834983667284],[3.198563009033118,42.07834644389931],[3.198573992899546,42.07833400372968],[3.1985724237757704,42.07833174188066],[3.1985379030527117,42.07832043263554]]],[[[3.1933,41.8899],[3.1933,41.89],[3.1934,41.89],[3.1933,41.8899]]],[[[3.1641772306190648,41.86167261672533],[3.1641646776288614,41.86166470025375],[3.164148986391108,41.86167035487631],[3.1641458481435567,41.86169184244203],[3.1641505555148832,41.8616986279891],[3.1641615393813107,41.861702020762635],[3.1641709541239633,41.86169749706458],[3.16417879974284,41.86168618781947],[3.1641772306190648,41.86167261672533]]],[[[3.139634565648078,41.84893162117785],[3.139626720029201,41.84892031193274],[3.139618874410324,41.84893049025334],[3.1396125979152223,41.848970072611245],[3.1396125979152223,41.848971203535754],[3.139618874410324,41.848977989082826],[3.1396282891529763,41.84897346538478],[3.1396361347718535,41.84895310874357],[3.139634565648078,41.84893162117785]]],[[[3.1317889467710924,41.84196851896004],[3.131776393780889,41.84196399526199],[3.131771686409563,41.8419741735826],[3.131768548162012,41.84200244669539],[3.131768548162012,41.8420035776199],[3.13177953202844,41.84200244669539],[3.1317983615137446,41.8419933992993],[3.1318030688850707,41.841979828205154],[3.1317889467710924,41.84196851896004]]],[[[3.223110381375431,42.04883949246763],[3.2231041048803295,42.0488372306186],[3.223094690137677,42.04884853986372],[3.223089982766351,42.04886437280688],[3.2230978283852276,42.04887342020297],[3.2231166578705324,42.04887115835395],[3.223130779984511,42.048860980033346],[3.223130779984511,42.04885871818432],[3.223118226994308,42.04884853986372],[3.223110381375431,42.04883949246763]]],[[[3.128272540390427,41.84214381225934],[3.1282662638953256,41.84214155041031],[3.128263125647775,41.84214381225934],[3.1282552800288976,41.84215285965543],[3.1282537109051223,41.842156252428964],[3.1282537109051223,41.842156252428964],[3.1282552800288976,41.84216303797603],[3.1282615565239995,41.842173216296636],[3.128274109514203,41.842184525541754],[3.1282772477617535,41.84218565646626],[3.1282819551330796,41.84218678739077],[3.1282850933806303,41.842184525541754],[3.1282866625044057,41.84217887091919],[3.1282850933806303,41.84216756167408],[3.1282772477617535,41.84214946688189],[3.128275678637978,41.84214720503287],[3.128272540390427,41.84214381225934]]],[[[3.180499256130746,41.87666980667342],[3.1804819957692168,41.87665736650379],[3.180463166283912,41.87665962835281],[3.180447475046158,41.876674330371465],[3.180460028036361,41.87668677054109],[3.180486703140543,41.87667998499402],[3.180499256130746,41.87666980667342]]],[[[3.222787141877699,42.04482244860249],[3.222774588887496,42.04481566305542],[3.222766743268619,42.044825841376024],[3.2227651741448438,42.0448428052437],[3.222774588887496,42.0448529835643],[3.222774588887496,42.0448529835643],[3.22279028012525,42.0448529835643],[3.2228044022392286,42.044845067092716],[3.2228028331154532,42.0448428052437],[3.222787141877699,42.04482244860249]]],[[[3.1859943275921867,41.887907803545005],[3.185975498106882,41.887904410771476],[3.185964514240454,41.88791345816757],[3.18596608336423,41.88792816018622],[3.185983343725759,41.88794173128036],[3.185991189344636,41.88794060035585],[3.1860006040872886,41.88792250556366],[3.1859943275921867,41.887907803545005]]],[[[3.178693194665264,41.87064084810218],[3.1786837799226113,41.87062840793255],[3.1786790725512852,41.87063858625315],[3.17867750342751,41.870652157347294],[3.1786790725512852,41.870669121214966],[3.178682210798836,41.87067703768655],[3.1786994711603653,41.87069287062971],[3.1787041785316914,41.87067816861106],[3.178693194665264,41.87064084810218]]],[[[3.1746056272303544,41.865590139233454],[3.174585228621274,41.86557769906382],[3.1745742447548464,41.86558222276187],[3.174580521249948,41.86560257940308],[3.174585228621274,41.86561049587466],[3.174604058106579,41.86561615049722],[3.1746134728492312,41.86561615049722],[3.1746150419730066,41.86560597217661],[3.1746056272303544,41.865590139233454]]],[[[3.1808,41.8766],[3.1807,41.8766],[3.1807,41.8767],[3.1808,41.8767],[3.1808,41.8766]]],[[[3.1776,41.8692],[3.1776,41.8691],[3.1775,41.8691],[3.1776,41.8692]]],[[[3.1296455236939,41.841578350003545],[3.1296439545701245,41.841578350003545],[3.1296235559610444,41.841579480928054],[3.1296125720946164,41.84158287370159],[3.1296141412183918,41.8415930520222],[3.1296235559610444,41.841606623116334],[3.1296408163225737,41.84161001588987],[3.129654938436552,41.84159870664475],[3.129654938436552,41.841586266475126],[3.1296455236939,41.841578350003545]]],[[[3.165727524909157,41.86243599077065],[3.165722817537831,41.86241902690298],[3.1657118336714034,41.862420157827486],[3.165702418928751,41.862431467072604],[3.165694573309874,41.862447300015766],[3.1656961424336494,41.8624506927893],[3.165703988052526,41.86246539480795],[3.1657118336714034,41.862469918505994],[3.1657212484140556,41.86245974018539],[3.165727524909157,41.86243599077065]]],[[[3.22482543366194,41.94512353643496],[3.22480503505286,41.945122405510446],[3.22480503505286,41.945122405510446],[3.224789343815106,41.945122405510446],[3.2247720834535767,41.94512466735947],[3.2247720834535767,41.94512806013301],[3.224783067320004,41.94513597660459],[3.224797189433983,41.945142762151654],[3.224812880671737,41.94514615492519],[3.2248207262906137,41.94514615492519],[3.224828571909491,41.945142762151654],[3.224833279280817,41.94513597660459],[3.2248317101570416,41.94513032198203],[3.22482543366194,41.94512353643496]]],[[[3.215915948865235,41.93797722444627],[3.2159018267512565,41.937963653352135],[3.2158939811323797,41.93797835537079],[3.215892412008604,41.93800323571004],[3.215900257627481,41.938021330502224],[3.215911241493909,41.938019068653205],[3.215919087112786,41.938000973861016],[3.215915948865235,41.93797722444627],[3.215915948865235,41.93797722444627]]],[[[3.2190887171390883,42.04773457921981],[3.2190777332726603,42.04772779367274],[3.219060472911131,42.04773571014432],[3.2190589037873556,42.047752674011996],[3.2190745950251096,42.04776624510613],[3.2190887171390883,42.04776737603065],[3.2190981318817404,42.04775832863455],[3.219096562757965,42.047754935861015],[3.2190887171390883,42.04773457921981]]],[[[3.1636829566298146,41.86130619718358],[3.1636782492584885,41.861298280712],[3.1636625580207345,41.86129941163651],[3.1636437285354297,41.86130732810809],[3.1636374520403283,41.8613175064287],[3.1636437285354297,41.8613276847493],[3.1636594197731838,41.861331077522834],[3.163676680134713,41.86132881567381],[3.163676680134713,41.86132203012674],[3.1636829566298146,41.86130619718358]]],[[[3.188176978763764,41.860884362340755],[3.1881707022686627,41.86087983864271],[3.18816128752601,41.860880969567226],[3.188145596288256,41.86089001696332],[3.1881346124218286,41.860901326208435],[3.1881330432980532,41.86090698083099],[3.1881346124218286,41.860910373604526],[3.1881393197931547,41.860912635453545],[3.1881471654120315,41.860912635453545],[3.188164425773561,41.860911504529035],[3.1881738405162134,41.860909242680016],[3.1881785478875395,41.860902457132944],[3.1881785478875395,41.86089567158587],[3.1881785478875395,41.86089001696332],[3.188176978763764,41.860884362340755]]],[[[3.2075540882661437,41.90038416275678],[3.2075415352759404,41.900378508134224],[3.2075164292955343,41.90038416275678],[3.2075023071815556,41.90039321015287],[3.2075117219242077,41.90040338847348],[3.2075321205332883,41.90040904309603],[3.2075493808948172,41.900406781247014],[3.207555657389919,41.90040112662445],[3.2075540882661437,41.90038416275678]]],[[[3.131826605741702,41.84199792299734],[3.1318030688850707,41.84199792299734],[3.131795223266194,41.84200470854441],[3.131810914503948,41.84201941056306],[3.131836020484354,41.84202732703464],[3.131851711722108,41.84201941056306],[3.1318532808458834,41.842008101317944],[3.1318501425983327,41.84200470854441],[3.131826605741702,41.84199792299734]]],[[[3.1786257223429217,41.870781082741615],[3.178611600228943,41.87077655904356],[3.178606892857617,41.870781082741615],[3.1786053237338416,41.87079691568477],[3.1786131693527184,41.87081387955245],[3.178630429714248,41.87081727232598],[3.178646120952002,41.87080596308087],[3.178642982704451,41.870791261062216],[3.1786257223429217,41.870781082741615]]],[[[3.094707413710907,41.835903370804424],[3.0946979989682544,41.835901108955404],[3.094691722473153,41.835902239879914],[3.0946838768542757,41.83590676357796],[3.094676031235399,41.83591241820052],[3.094665047368971,41.83592146559661],[3.0946619091214203,41.83592712021917],[3.0946634782451956,41.83593164391721],[3.0946744621116236,41.83593503669075],[3.094688584225602,41.83593277484173],[3.094701137215805,41.835928251143685],[3.094712121082233,41.83592146559661],[3.0947152593297838,41.83591694189857],[3.0947136902060084,41.83590789450247],[3.094707413710907,41.835903370804424]]],[[[3.1829596422105686,41.88347457945961],[3.182942381849039,41.88347457945961],[3.1829345362301624,41.883489281478255],[3.182942381849039,41.88350059072337],[3.182967487829446,41.883506245345934],[3.1829863173147506,41.88350511442142],[3.1829910246860766,41.88349832887435],[3.1829831790672,41.883488150553745],[3.1829596422105686,41.88347457945961]]],[[[3.1864901707052122,41.86267800861613],[3.186483894210111,41.86267461584259],[3.186474479467458,41.8626757467671],[3.1864666338485814,41.86267913954064],[3.1864619264772553,41.8626847941632],[3.186465064724806,41.862690448785756],[3.186469772096132,41.8626949724838],[3.186488601581437,41.86270515080441],[3.1864948780765383,41.86270854357794],[3.186515276685619,41.86270628172892],[3.1865231223044956,41.86270401987989],[3.186524691428271,41.86270175803087],[3.186519984056945,41.86269610340831],[3.186513707561843,41.862689317861246],[3.1864901707052122,41.86267800861613]]],[[[3.2216228520363543,42.0454195767446],[3.2216102990461515,42.045412791197535],[3.2216040225510496,42.045422969518135],[3.221600884303499,42.04543540968776],[3.221596176932173,42.04544445708385],[3.2215993151797235,42.04545576632897],[3.2216150064174776,42.04546368280055],[3.221627559407681,42.04546142095153],[3.2216306976552316,42.04545463540446],[3.2216306976552316,42.0454388024613],[3.2216228520363543,42.0454195767446]]],[[[3.2195155188059963,42.04690221877929],[3.219498258444467,42.04689090953417],[3.2194857054542636,42.04689882600575],[3.2194857054542636,42.046923706345005],[3.219498258444467,42.04693614651463],[3.2195170879297716,42.04693162281659],[3.2195202261773224,42.04692823004305],[3.2195249335486484,42.046915789873424],[3.2195155188059963,42.04690221877929]]],[[[3.1319,41.8419],[3.1318,41.8419],[3.1318,41.842],[3.1319,41.842],[3.1319,41.8419]]],[[[3.1829941629336274,41.88363517074025],[3.1829784716958733,41.883628385193184],[3.1829753334483226,41.88363403981574],[3.182981609943424,41.88365439645695],[3.1829957320574027,41.88367022940011],[3.183017699790258,41.883673622173646],[3.183028683656686,41.883665705702064],[3.183017699790258,41.8836498727589],[3.1829941629336274,41.88363517074025]]],[[[3.2040800482274143,41.89581748957901],[3.2040753408560882,41.89581748957901],[3.2040690643609864,41.89582766789962],[3.2040612187421096,41.89583784622022],[3.204054942247008,41.895849155465335],[3.2040502348756816,41.89585933378594],[3.2040502348756816,41.89586046471045],[3.204051803999457,41.89586272655948],[3.204058080494559,41.89586611933301],[3.2040722026085375,41.895867250257524],[3.204078479103639,41.8958649884085],[3.204083186474965,41.89586159563496],[3.204083186474965,41.89586046471045],[3.2040863247225158,41.8958548100879],[3.204087893846291,41.895849155465335],[3.2040926012176176,41.89584350084278],[3.204087893846291,41.89583332252217],[3.2040847555987404,41.89582201327706],[3.2040800482274143,41.89581748957901]]],[[[3.220926161080078,42.049581378947224],[3.2209198845849767,42.04957685524918],[3.220910469842324,42.049588164494295],[3.2209120389660995,42.049608521135504],[3.2209277302038535,42.04962435407866],[3.2209434214416075,42.049627746852195],[3.2209512670604843,42.04962096130513],[3.2209512670604843,42.04960399743745],[3.2209481288129336,42.049599473739406],[3.220934006698955,42.049591557267824],[3.220926161080078,42.049581378947224]]],[[[3.1871617556810823,41.86257961818362],[3.187155479185981,41.86257848725911],[3.1871507718146543,41.86257961818362],[3.1871429261957775,41.86258301095715],[3.1871350805769003,41.86258414188167],[3.187128804081799,41.8625875346552],[3.1871272349580235,41.86259432020227],[3.1871319423293496,41.86259997482483],[3.1871429261957775,41.862607891296406],[3.1871476335671036,41.86261015314543],[3.1871711704237344,41.86261354591897],[3.1871790160426117,41.86261128406994],[3.187180585166387,41.86260110574934],[3.187180585166387,41.86259545112678],[3.1871727395475102,41.86259205835325],[3.1871711704237344,41.8625875346552],[3.187169601299959,41.86258188003264],[3.1871617556810823,41.86257961818362]]],[[[3.207914986734485,41.90029255787134],[3.207880466011426,41.900286903248784],[3.207867913021223,41.90029255787134],[3.207867913021223,41.90030725988999],[3.2078820351352015,41.90031517636157],[3.2079118484869342,41.90031291451255],[3.2079322470960143,41.90030725988999],[3.2079322470960143,41.90029934341841],[3.207914986734485,41.90029255787134]]],[[[3.1638759588541885,41.86150637082213],[3.163858698492659,41.86150523989762],[3.163849283750007,41.861516549142735],[3.163853991121333,41.86153577485943],[3.1638665441115363,41.86154934595357],[3.163877527977964,41.86154821502906],[3.1638869427206164,41.86153577485943],[3.163890080968167,41.8615323820859],[3.1638947883394932,41.8615323820859],[3.163893219215718,41.861526727463335],[3.1638869427206164,41.86151541821822],[3.1638759588541885,41.86150637082213]]],[[[3.1580356801621603,41.861069833960656],[3.1580215580481816,41.86106531026261],[3.1580042976866523,41.861069833960656],[3.1579933138202247,41.86108227413028],[3.1579917446964494,41.86109132152638],[3.1580011594391015,41.861095845224426],[3.1580090050579788,41.86110263077149],[3.158023127171957,41.86110036892247],[3.158038818409711,41.861090190601864],[3.158045094904813,41.861078881356754],[3.1580356801621603,41.861069833960656]]],[[[3.1775822550322825,41.872191345607554],[3.1775728402896304,41.87218795283402],[3.1775665637945285,41.872191345607554],[3.177560287299427,41.8721958693056],[3.177544596061673,41.87220604762621],[3.1775304739476944,41.87222074964485],[3.177539888690347,41.872226404267415],[3.177571271165855,41.87222188056937],[3.1775901006511598,41.87221283317327],[3.177591669774935,41.87220152392816],[3.1775822550322825,41.872191345607554]]],[[[3.179819825535999,41.87327477128965],[3.179804134298245,41.87327364036514],[3.1797884430604912,41.87328268776123],[3.17978530481294,41.87329625885537],[3.1797868739367154,41.873299651628905],[3.1798057034220206,41.87331209179853],[3.17982296378355,41.87331548457207],[3.179830809402427,41.87330643717598],[3.1798292402786514,41.87328721145928],[3.179819825535999,41.87327477128965]]],[[[3.220941852317832,41.94357869355214],[3.2209230228325274,41.94357303892958],[3.2209073315947734,41.94357982447665],[3.2209026242234473,41.9435945264953],[3.2209089007185487,41.94360583574042],[3.2209183154612013,41.943611490362976],[3.220949697936709,41.943604704815904],[3.22095283618426,41.94359226464628],[3.220941852317832,41.94357869355214]]],[[[3.094238245702063,41.836609067699655],[3.094228830959411,41.83660680585063],[3.0942241235880843,41.83660680585063],[3.094214708845432,41.8366135913977],[3.0942115705978814,41.83662150786928],[3.094213139721657,41.83662603156733],[3.0942194162167582,41.83663168618988],[3.0942272618356355,41.836637340812445],[3.0942366765782876,41.836638471736954],[3.0942507986922663,41.83663620988793],[3.0942664899300203,41.8366328171144],[3.0942664899300203,41.83663055526537],[3.0942727664251217,41.836628293416354],[3.094279042920223,41.83662490064282],[3.0942821811677743,41.83662263879379],[3.094277473796448,41.83662037694477],[3.094258644311143,41.83661585324672],[3.0942476604447156,41.83661246047319],[3.094238245702063,41.836609067699655]]],[[[3.061437282301161,41.79572727753048],[3.0614310058060594,41.795726146605965],[3.0614168836920808,41.79572840845499],[3.0614058998256533,41.79573180122853],[3.061398054206776,41.79573745585108],[3.06139334683545,41.795744241398154],[3.0613964850830007,41.795752157869735],[3.0614074689494286,41.7957589434168],[3.061418452815856,41.795761205265826],[3.0614262984347334,41.79576007434132],[3.06143414405361,41.79575781249229],[3.061445127920038,41.7957487650962],[3.061445127920038,41.79573971770011],[3.0614419896724874,41.79573067030401],[3.061437282301161,41.79572727753048]]],[[[3.221928831172557,42.045448980781906],[3.2219147090585785,42.04544671893288],[3.2218943104494984,42.04545689725349],[3.221881757459295,42.045470468347624],[3.221881757459295,42.045479515743715],[3.2218943104494984,42.04548290851725],[3.2219241238012306,42.04548177759274],[3.2219304002963325,42.045477253894695],[3.221931969420108,42.04546255187604],[3.221928831172557,42.045448980781906]]],[[[3.1756663549025226,41.86529722978495],[3.175658509283646,41.86529722978495],[3.175649094540993,41.86529836070946],[3.1756412489221164,41.86530288440751],[3.175639679798341,41.8653119318036],[3.1756412489221164,41.86532324104872],[3.1756459562934425,41.865330026595785],[3.175663216654972,41.86533568121835],[3.175675769645175,41.86533341936932],[3.1756804770165012,41.8653311575203],[3.1756851843878273,41.86532437197323],[3.1756851843878273,41.86531758642616],[3.175683615264052,41.86530966995458],[3.175675769645175,41.865300622558486],[3.1756663549025226,41.86529722978495]]],[[[3.177350024713524,41.86956646981617],[3.177331195228219,41.86956307704264],[3.1773123657429143,41.86956760074069],[3.177306089247813,41.86957551721227],[3.1773123657429143,41.86958343368385],[3.1773139348666897,41.86958456460836],[3.1773249187331176,41.86959361200445],[3.1773437482184224,41.86959700477799],[3.1773641468275025,41.869591350155424],[3.177365715951278,41.86957777906129],[3.177350024713524,41.86956646981617]]],[[[3.1634287585782004,41.86155726242515],[3.1634177747117724,41.86153916763296],[3.1634052217215696,41.86153916763296],[3.16338796136004,41.861552738727106],[3.163380115741163,41.86156970259478],[3.163384823112489,41.861581011839895],[3.1634020834740184,41.861581011839895],[3.163422482083099,41.8615719644438],[3.1634287585782004,41.86155726242515]]],[[[3.2104930570974624,42.05317319519601],[3.2104883497261363,42.05315736225285],[3.2104726584883823,42.05315736225285],[3.2104569672506282,42.05317319519601],[3.210450690755527,42.0531924209127],[3.210455398126853,42.05320486108233],[3.210478934983484,42.05320259923331],[3.2104930570974624,42.05317319519601]]],[[[3.224869369127651,41.94482836513744],[3.224875645622753,41.94481931774134],[3.2248630926325497,41.94481818681683],[3.2248426940234696,41.944823841439394],[3.2248207262906137,41.944823841439394],[3.2248003276815336,41.944814794043296],[3.2247877746913307,41.94482044866586],[3.224781498196229,41.94482610328841],[3.224783067320004,41.944832888835485],[3.224801896805309,41.94483854345804],[3.224839555775919,41.94483854345804],[3.224869369127651,41.94482836513744]]],[[[3.1828592182889435,41.883359225159424],[3.182835681432312,41.88335583238589],[3.182810575451906,41.88336035608394],[3.1828011607092535,41.88336940348003],[3.1828168519470075,41.88338184364966],[3.1828435270511894,41.88338862919673],[3.182860787412719,41.88338184364966],[3.182865494784045,41.883366010706496],[3.1828592182889435,41.883359225159424]]],[[[3.0938961767190265,41.836022117878144],[3.093886761976374,41.83601646325558],[3.0938757781099464,41.83601872510461],[3.0938695016148445,41.836022117878144],[3.093867932491069,41.83602664157619],[3.093874208986171,41.83603455804777],[3.093882054605048,41.836041343594836],[3.0938961767190265,41.83605491468898],[3.093910298833005,41.836067354858606],[3.0939197135756573,41.83607074763214],[3.09392912831831,41.836069616707626],[3.0939322665658606,41.83606283116056],[3.0939322665658606,41.83605604561349],[3.0939306974420853,41.836050390990934],[3.0939244209469834,41.8360469982174],[3.093910298833005,41.83604473636837],[3.093907160585454,41.836040212670326],[3.093902453214128,41.83603681989679],[3.093899314966577,41.83602890342521],[3.0938961767190265,41.836022117878144]]],[[[3.177914909272667,41.87185772287664],[3.177891372416036,41.87184754455603],[3.1778741120545067,41.87184867548054],[3.17786940468318,41.871856591952124],[3.177870973806956,41.871864508423705],[3.1778788194258327,41.87187129397078],[3.1778819576733834,41.87187242489529],[3.1779054945300143,41.871884865064914],[3.17792746226287,41.87188599598943],[3.1779321696341962,41.87187468674431],[3.177914909272667,41.87185772287664]]],[[[3.2162878312000043,41.92898976735273],[3.216275278209801,41.92898185088115],[3.216265863467149,41.92898411273018],[3.216265863467149,41.92899994567334],[3.216279985581127,41.92902143323906],[3.216300384190207,41.929035004333194],[3.216314506304186,41.92903726618222],[3.2163207827992877,41.92903048063515],[3.216314506304186,41.92901690954101],[3.2162941076951057,41.92899994567334],[3.2162878312000043,41.92898976735273]]],[[[3.1997,42.0769],[3.1997,42.077],[3.1998,42.077],[3.1997,42.0769]]],[[[3.183229531499937,41.882014555915156],[3.1831871651580013,41.88201229406613],[3.183162059177595,41.8820190796132],[3.1831683356726965,41.88203265070734],[3.1831871651580013,41.88203943625441],[3.183210702014632,41.882034912556364],[3.1832358079950387,41.88202812700929],[3.183246791861466,41.88202021053771],[3.183229531499937,41.882014555915156]]],[[[3.179057231381156,41.87181927144324],[3.1790352636483004,41.871807962198126],[3.1790070194203435,41.87181361682069],[3.1790007429252416,41.87182266421678],[3.1790117267916695,41.87183171161287],[3.1790211415343217,41.87183849715994],[3.179044678390953,41.87184867548054],[3.179058800504931,41.87184188993348],[3.179057231381156,41.87181927144324]]],[[[3.2164588656915223,41.937778181732234],[3.2164431744537687,41.93777365803419],[3.2164321905873408,41.937775919883215],[3.2164321905873408,41.937784967279306],[3.216436897958667,41.93779853837344],[3.2164400362062175,41.937813240392096],[3.2164463127013194,41.937823418712696],[3.216457296567747,41.93782568056172],[3.216463573062849,41.937815502241115],[3.2164714186817256,41.93780193114698],[3.216479264300603,41.93778836005284],[3.2164761260530517,41.93778157450577],[3.2164588656915223,41.937778181732234]]],[[[3.2118,41.9104],[3.2118,41.9105],[3.2119,41.9105],[3.2119,41.9104],[3.2118,41.9104]]],[[[3.1771711446031285,41.8699690789423],[3.1771585916129252,41.869963424319735],[3.1771460386227224,41.86997134079132],[3.1771350547562944,41.869991697432525],[3.17713662388007,41.87000187575313],[3.177144469498947,41.87001431592276],[3.1771554533653745,41.870018839620805],[3.177169575479353,41.870009792224714],[3.1771758519744546,41.86998717373448],[3.1771711446031285,41.8699690789423]]],[[[3.1918361754079903,41.88966526023601],[3.1918251915415627,41.889658474688936],[3.191814207675135,41.889659605613446],[3.1918047929324826,41.88966752208503],[3.1918047929324826,41.889677700405635],[3.191806362056258,41.88970823536744],[3.1918126385513594,41.88972180646159],[3.1918236224177874,41.88971728276354],[3.191834606284215,41.88969692612233],[3.191839313655541,41.889676569481125],[3.1918361754079903,41.88966526023601]]],[[[3.2099109121767904,42.06199327546184],[3.2098810988250577,42.06198309714123],[3.209855992844651,42.061988751763785],[3.209851285473325,42.06199893008439],[3.209866976711079,42.06201023932951],[3.2098701149586297,42.06201137025402],[3.2099046356816885,42.06202041765011],[3.209921896043218,42.06201250117853],[3.2099109121767904,42.06199327546184]]],[[[3.129670629674306,41.84146073385434],[3.1296674914267553,41.84145960292983],[3.129662784055429,41.84146073385434],[3.1296533693127766,41.84146299570336],[3.129636108951247,41.84147882864652],[3.129631401579921,41.84149013789164],[3.129629832456146,41.8414957925142],[3.1296329707036965,41.84150031621225],[3.1296376780750226,41.84150257806127],[3.129647092817675,41.84150370898578],[3.129675337045632,41.84149918528773],[3.129681613540734,41.841493530665176],[3.1296831826645093,41.841484483269085],[3.129670629674306,41.84146073385434]]],[[[3.2204538548236834,42.04635032761763],[3.2204350253383787,42.04635032761763],[3.2204099193579725,42.04636163686275],[3.2203942281202185,42.04637860073042],[3.2203910898726678,42.04638990997554],[3.2204052119866464,42.04639104090005],[3.220436594462154,42.04638199350396],[3.220447578328582,42.04637973165494],[3.22045856219501,42.04636163686275],[3.2204538548236834,42.04635032761763]]],[[[3.182088778515223,41.885601848465896],[3.182079363772571,41.88558940829626],[3.1820668107823677,41.8855928010698],[3.1820511195446137,41.88560750308845],[3.1820464121732877,41.885623336031614],[3.1820589651634905,41.88563690712575],[3.1820746564012445,41.88564256174831],[3.182087209391448,41.88563803805026],[3.182091916762774,41.885623336031614],[3.182088778515223,41.885601848465896]]],[[[3.1294744892023814,41.84107395767138],[3.129457228840852,41.84106151750175],[3.1294431067268733,41.841063779350776],[3.1294352611079965,41.84107961229394],[3.1294352611079965,41.84110109985966],[3.1294352611079965,41.84110109985966],[3.129463505335954,41.8411056235577],[3.1294823348212586,41.8411056235577],[3.1294854730688093,41.841094314312585],[3.1294744892023814,41.84107395767138]]],[[[3.1772574464107755,41.869654681928075],[3.177240186049246,41.869654681928075],[3.1772276330590428,41.86966372932417],[3.177224494811492,41.86967956226733],[3.1772417551730214,41.86969087151245],[3.1772652920296522,41.86969426428598],[3.17727627589608,41.86969087151245],[3.1772809832674063,41.86967616949379],[3.1772731376485295,41.86966372932417],[3.1772574464107755,41.869654681928075]]],[[[3.1298102816903164,41.84081158318469],[3.129788313957461,41.84080819041116],[3.1297710535959316,41.84081723780725],[3.129767915348381,41.84083420167492],[3.129769484472156,41.84083646352395],[3.129769484472156,41.84085908201418],[3.1297757609672576,41.840869260334784],[3.12978517570991,41.840860212938686],[3.1297992978238884,41.840840987221995],[3.129813419937867,41.840824023354315],[3.1298102816903164,41.84081158318469]]],[[[3.093127306069082,41.832154356048534],[3.093124167821531,41.832154356048534],[3.093116322202654,41.832154356048534],[3.093108476583777,41.832154356048534],[3.0930990618411247,41.83215322512402],[3.093089647098472,41.83215209419951],[3.0930786632320446,41.83214757050146],[3.0930739558607185,41.83214530865244],[3.0930708176131674,41.832144177727926],[3.0930676793656167,41.83214530865244],[3.0930629719942906,41.83214870142597],[3.0930629719942906,41.83214983235049],[3.0930629719942906,41.832154356048534],[3.0930629719942906,41.832154356048534],[3.0930661102418413,41.83215774882207],[3.0930708176131674,41.83216792714267],[3.0930786632320446,41.83217697453876],[3.0930833706033707,41.8321803673123],[3.0930927853460233,41.83218376008583],[3.0930974927173494,41.83218489101034],[3.0931022000886754,41.83218602193486],[3.093105338336226,41.83218602193486],[3.0931100457075527,41.83218376008583],[3.0931131839551034,41.83218262916132],[3.093119460450205,41.83217810546328],[3.0931225986977555,41.83217471268974],[3.093127306069082,41.83216679621816],[3.0931304443166328,41.83216001067109],[3.0931304443166328,41.83215774882207],[3.093127306069082,41.832154356048534]]],[[[3.1376,41.8479],[3.1375,41.848],[3.1376,41.848],[3.1376,41.8479]]],[[[3.1331,41.8433],[3.133,41.8433],[3.1331,41.8433],[3.133,41.8433],[3.1331,41.8433]]],[[[3.1866,41.8875],[3.1865,41.8875],[3.1865,41.8876],[3.1865,41.8875],[3.1866,41.8875]]],[[[3.1794,41.8794],[3.1794,41.8795],[3.1795,41.8794],[3.1794,41.8794]]],[[[3.094081333324523,41.83657966366235],[3.0940703494580957,41.83657853273784],[3.0940625038392184,41.836581925511375],[3.0940546582203416,41.836590972907466],[3.0940530890965663,41.836600020303564],[3.094056227344117,41.836611329548674],[3.094064072962994,41.83662263879379],[3.0940750568294217,41.836628293416354],[3.094087609819625,41.83663055526537],[3.094097024562277,41.83663055526537],[3.0941017319336033,41.83662942434086],[3.0941017319336033,41.83662603156733],[3.094100162809828,41.836618115095746],[3.094095455438502,41.83660680585063],[3.0940907480671758,41.836594365681],[3.094084471572074,41.836583056435884],[3.094081333324523,41.83657966366235]]],[[[3.165758907384665,41.86235908790386],[3.165746354394462,41.86235230235679],[3.165733801404259,41.862356826054835],[3.1657259557853816,41.86236813529995],[3.1657259557853816,41.862382837318606],[3.165727524909157,41.862385099167625],[3.165749492642013,41.862402063035304],[3.1657667530035423,41.86240545580883],[3.165774598622419,41.86239414656372],[3.165769891251093,41.862374920847024],[3.165758907384665,41.86235908790386]]],[[[3.2251,41.9451],[3.225,41.9451],[3.225,41.9452],[3.2251,41.9451]]],[[[3.1869,41.8628],[3.1869,41.8627],[3.1869,41.8628],[3.1869,41.8627],[3.1868,41.8627],[3.1868,41.8628],[3.1869,41.8628]]],[[[3.1779,41.8722],[3.1778,41.8722],[3.1778,41.8723],[3.1779,41.8723],[3.1779,41.8722]]],[[[3.158120412846032,41.86102685882922],[3.158104721608278,41.861024596980194],[3.158089030370524,41.861032513451775],[3.158089030370524,41.86103929899885],[3.1580874612467484,41.861058524715546],[3.1580921686180745,41.86107322673419],[3.158106290732053,41.86108114320577],[3.1581235510935826,41.86107548858322],[3.1581282584649086,41.8610641793381],[3.1581266893411333,41.86105287009298],[3.1581266893411333,41.86103929899885],[3.158120412846032,41.86102685882922]]],[[[3.2262,41.9455],[3.2262,41.9454],[3.2261,41.9455],[3.2262,41.9455]]],[[[3.2193382078193764,42.04718381898267],[3.2193225165816224,42.04718042620913],[3.219317809210296,42.04718834268071],[3.2193225165816224,42.047204175623875],[3.2193397769431518,42.047222270416064],[3.219361744676007,42.047231317812155],[3.2193774359137612,42.04722905596313],[3.219385281532638,42.0472166157935],[3.2193821432850873,42.04721435394448],[3.219360175552232,42.047196259152294],[3.2193382078193764,42.04718381898267]]],[[[3.094269628177571,41.83470345989764],[3.0942633516824696,41.83470119804861],[3.094249229568491,41.83470119804861],[3.0942351074545122,41.83470232897312],[3.0942256927118597,41.834715900067266],[3.0942319692069615,41.83472381653885],[3.0942398148258383,41.83473060208591],[3.0942523678160416,41.83473964948201],[3.0942664899300203,41.834745304104565],[3.0942759046726724,41.834746435029075],[3.094285319415325,41.834743042255546],[3.0942868885391004,41.834737387632984],[3.094285319415325,41.83473060208591],[3.094277473796448,41.8347192928408],[3.094274335548897,41.834710245444704],[3.094269628177571,41.83470345989764]]],[[[3.2250968920750838,41.945364423355926],[3.225062371352025,41.94535876873337],[3.22502314325764,41.945363292431416],[3.22502314325764,41.945363292431416],[3.224994899029683,41.945371208903],[3.224987053410806,41.94537912537458],[3.225021574133865,41.945382518148115],[3.225082769961105,41.94537912537458],[3.2251110141890624,41.945371208903],[3.2250968920750838,41.945364423355926]]],[[[3.2099595550138273,42.05310760157433],[3.209950140271175,42.053095161404705],[3.209929741662095,42.05310081602727],[3.2098967900628117,42.053123434517495],[3.209887375320159,42.05313022006457],[3.2099093430530146,42.053140398385175],[3.2099313107858705,42.05313926746066],[3.209953278518726,42.05312569636652],[3.2099595550138273,42.05310760157433]]],[[[3.128879791291506,41.841157646085236],[3.1288672383013028,41.84115538423621],[3.1288625309299767,41.84115538423621],[3.1288421323208966,41.84116782440584],[3.1288389940733454,41.841184788273516],[3.128859392682426,41.84119949029216],[3.128884498662832,41.84120062121668],[3.12889548252926,41.841187050122535],[3.1288907751579336,41.84116895533035],[3.128879791291506,41.841157646085236]]],[[[3.226808806114042,41.94699295465261],[3.2268150826091437,41.94698390725651],[3.226816651732919,41.946977121709445],[3.226804098742716,41.94697372893591],[3.2267774236385343,41.94697033616237],[3.226746041163026,41.9469635506153],[3.226728780801497,41.94696128876628],[3.226730349925272,41.94696807431335],[3.2267429029154755,41.946978252633954],[3.2267523176581276,41.94698164540749],[3.2267554559056784,41.94699182372809],[3.2267664397721063,41.94700087112419],[3.2267727162672077,41.94699974019967],[3.2267711471434324,41.94699182372809],[3.2267774236385343,41.946986169105536],[3.2267868383811864,41.94699295465261],[3.2267946840000636,41.947005394822234],[3.2268025296189404,41.94700991852028],[3.2268072369902665,41.94700426389772],[3.226808806114042,41.94699295465261]]],[[[3.2208806564905914,41.943511969005954],[3.220849274015084,41.94350518345889],[3.2208210297871265,41.9435063143834],[3.2208053385493725,41.94351309993047],[3.220810045920699,41.9435255401001],[3.220835151901105,41.9435357184207],[3.220866534376613,41.9435357184207],[3.2208869329856933,41.94352667102461],[3.2208806564905914,41.943511969005954]]],[[[3.1637,41.8613],[3.1637,41.8614],[3.1638,41.8614],[3.1637,41.8613]]],[[[3.2244,42.0465],[3.2243,42.0465],[3.2243,42.0466],[3.2244,42.0466],[3.2244,42.0465]]],[[[3.182270796873169,41.884978709060015],[3.1822472600165383,41.88497644721099],[3.182225292283683,41.8849968038522],[3.182219015788581,41.885018291417914],[3.182222154036132,41.88503412436108],[3.182234707026335,41.885035255285594],[3.182256674759191,41.885018291417914],[3.1822739351207203,41.88499454200317],[3.182270796873169,41.884978709060015]]],[[[3.094407711069806,41.835843431805316],[3.0944296788026615,41.83584003903178],[3.094442231792865,41.83584116995629],[3.0944485082879662,41.8358423008808],[3.0944500774117416,41.83584003903178],[3.0944532156592923,41.83583438440922],[3.0944547847830677,41.83582872978666],[3.0944406626690895,41.83581402776801],[3.0944328170502122,41.83581176591899],[3.09442340230756,41.835809504069964],[3.0944139875649075,41.83581063499447],[3.0944030036984795,41.835817420541545],[3.094392019832052,41.83582533701313],[3.0943700520991966,41.83583890810726],[3.0943622064803193,41.835844562729825],[3.0943622064803193,41.835846824578844],[3.0943637756040947,41.83584795550336],[3.0943747594705227,41.83584795550336],[3.09438574333695,41.835846824578844],[3.094407711069806,41.835843431805316]]],[[[3.0736042680555906,41.82036672986431],[3.0735964224367134,41.8203655989398],[3.073585438570286,41.82036786078883],[3.0735681782087565,41.820389348354546],[3.073566609084981,41.82039613390162],[3.07356347083743,41.82040178852417],[3.0735603325898793,41.82040744314673],[3.0735619017136546,41.82041196684478],[3.073566609084981,41.82041535961831],[3.073574454703858,41.820417621467335],[3.0735823003227347,41.820417621467335],[3.073594853312938,41.82041535961831],[3.0736026989318153,41.820409704995754],[3.0736089754269167,41.8204040503732],[3.0736136827982428,41.8203950029771],[3.073615251922018,41.82038708650552],[3.0736168210457935,41.82037917003394],[3.073615251922018,41.82037125356236],[3.0736042680555906,41.82036672986431]]],[[[3.1939,42.0882],[3.1938,42.0882],[3.1938,42.0883],[3.1939,42.0883],[3.1939,42.0882]]],[[[3.1453571600569514,41.850685685095314],[3.1453367614478713,41.85067776862373],[3.1453257775814434,41.85068229232178],[3.1453257775814434,41.85068229232178],[3.145332054076545,41.85070038711396],[3.1453304849527695,41.85070943451006],[3.145324208457668,41.85071508913261],[3.145344607066748,41.85072752930224],[3.145375989542256,41.85073431484931],[3.1453885425324595,41.85072639837773],[3.1453806969135822,41.85070717266103],[3.1453571600569514,41.850685685095314]]],[[[3.209562566698652,42.064384049879315],[3.2095437372133473,42.064376133407734],[3.2095327533469193,42.06438065710579],[3.2095280459755933,42.06439649004895],[3.2095343224706947,42.06441797761467],[3.2095484445846734,42.064429286859784],[3.2095657049462027,42.064429286859784],[3.2095813961839568,42.0644213703882],[3.209587672679058,42.064404406520524],[3.209586103555283,42.064401013746995],[3.209562566698652,42.064384049879315]]],[[[3.231320036968309,41.969462162848714],[3.2313059148543304,41.96945990099969],[3.231293361864127,41.96946555562225],[3.231282377997699,41.969470079320295],[3.231272963255047,41.96947234116932],[3.2312635485123944,41.96947347209383],[3.2312557028935176,41.96947912671639],[3.2312557028935176,41.96948251948992],[3.231268255883721,41.96948817411248],[3.2312808088739238,41.96949269781053],[3.2313059148543304,41.96949269781053],[3.231320036968309,41.969497221508576],[3.2313341590822873,41.96950174520662],[3.2313372973298384,41.96950174520662],[3.2313420047011645,41.96949609058406],[3.23134357382494,41.969489305036994],[3.2313420047011645,41.96947912671639],[3.2313341590822873,41.969470079320295],[3.231320036968309,41.969462162848714]]],[[[3.1830867412363757,41.88239793932458],[3.1830710499986217,41.882390022853],[3.183049082265766,41.88239680840007],[3.1830145615427075,41.88241264134323],[3.18300357767628,41.88242168873933],[3.183012992418932,41.88242960521091],[3.183039667523114,41.88243299798444],[3.183074188246173,41.88242508151286],[3.183091448607702,41.88241037949421],[3.1830867412363757,41.88239793932458]]],[[[3.1775,41.8705],[3.1775,41.8706],[3.1776,41.8706],[3.1776,41.8705],[3.1775,41.8705]]],[[[3.0866,41.8301],[3.0865,41.8301],[3.0865,41.8302],[3.0866,41.8302],[3.0866,41.8301]]],[[[3.09474036531019,41.835846824578844],[3.0947262431962117,41.835844562729825],[3.0947136902060084,41.835846824578844],[3.094696429844479,41.83585587197494],[3.094680738606725,41.83586491937103],[3.0946681856165217,41.835873966767124],[3.094655632626319,41.835881883238706],[3.0946509252549923,41.83588527601224],[3.094655632626319,41.83589545433284],[3.094660339997645,41.83589771618187],[3.0946681856165217,41.83589545433284],[3.094685445978051,41.83588866878578],[3.0946948607207037,41.83588640693675],[3.0947027063395804,41.83588414508773],[3.094721535824885,41.835875097691634],[3.094737227062639,41.835863788446524],[3.0947419344339657,41.83585700289945],[3.094743503557741,41.83585021735238],[3.09474036531019,41.835846824578844]]],[[[3.094100162809828,41.83577557633462],[3.094095455438502,41.83576879078755],[3.094087609819625,41.8357744454101],[3.094081333324523,41.835780100032665],[3.0940750568294217,41.83578575465522],[3.0940687803343203,41.83579706390034],[3.0940672112105445,41.835809504069964],[3.094065642086769,41.8358230751641],[3.0940687803343203,41.835835515333734],[3.0940703494580957,41.83583777718275],[3.0940734877056464,41.83583438440922],[3.094079764200748,41.83582420608862],[3.094087609819625,41.835817420541545],[3.09410643930493,41.835816289617036],[3.09412683791401,41.83581402776801],[3.094136252656662,41.835808373145454],[3.0941409600279886,41.83580384944741],[3.094139390904213,41.83580158759838],[3.0941252687902345,41.83579932574936],[3.0941142849238066,41.83579480205131],[3.094111146676256,41.835789147428756],[3.09410643930493,41.8357834928062],[3.094100162809828,41.83577557633462]]],[[[3.094644648759891,41.834903633536186],[3.0946320957696876,41.83488666966851],[3.094605420665506,41.83491155000777],[3.0945771764375487,41.83493643034702],[3.094578745561324,41.83493869219605],[3.094581883808875,41.83494095404507],[3.094594436799078,41.8349443468186],[3.094614835408158,41.83494095404507],[3.094633664893463,41.83493529942251],[3.0946477870074416,41.834931906648976],[3.0946524943787677,41.834930775724466],[3.0946540635025435,41.83492738295093],[3.094649356131217,41.8349149427813],[3.094644648759891,41.834903633536186]]],[[[3.2195751455094612,42.04717024788853],[3.219543763033953,42.047164593265975],[3.2195327791675257,42.04717816436011],[3.2195453321577285,42.04719965192583],[3.219573576385686,42.04721435394448],[3.219578283757012,42.04721435394448],[3.2196033897374186,42.04720983024644],[3.2196033897374186,42.04719060452974],[3.2195751455094612,42.04717024788853]]],[[[3.1809,41.8767],[3.1808,41.8767],[3.1808,41.8768],[3.1808,41.8767],[3.1809,41.8767]]],[[[3.1328,41.8426],[3.1327,41.8427],[3.1328,41.8427],[3.1328,41.8426]]],[[[3.1808711384655153,41.876759149709834],[3.180858585475312,41.87675688786081],[3.180842894237558,41.87676141155886],[3.1808256338760286,41.87677385172849],[3.180822495628478,41.876794208369695],[3.180835048618681,41.87681343408639],[3.1808570163515366,41.87681004131286],[3.180883691455718,41.87677837542653],[3.1808711384655153,41.876759149709834]]],[[[3.182713289777831,41.886892233333604],[3.182699167663853,41.88687753131496],[3.182680338178548,41.88687979316398],[3.182664646940794,41.88689562610714],[3.182656801321917,41.88690354257872],[3.182656801321917,41.886919375521884],[3.1826662160645696,41.88693294661603],[3.182680338178548,41.88693633938956],[3.182697598540077,41.886928422917975],[3.182711720654056,41.88691258997481],[3.182713289777831,41.886892233333604]]],[[[3.1842855518007793,42.10037346061139],[3.184252600201496,42.100364413215296],[3.1842274942210897,42.10037232968688],[3.184221217725988,42.100393817252595],[3.1842243559735386,42.100410781120274],[3.184241616335068,42.10041530481832],[3.1842588766965974,42.10040851927125],[3.1842808444294532,42.10039607910162],[3.1842965356672073,42.10038590078101],[3.1842855518007793,42.10037346061139]]],[[[3.1845,42.0998],[3.1844,42.0998],[3.1845,42.0998],[3.1845,42.0999],[3.1845,42.0998]]],[[[3.2099014974341378,42.06216969968564],[3.209882667948833,42.06216969968564],[3.2098654075873037,42.0621753543082],[3.2098607002159776,42.06217874708173],[3.209857561968427,42.062193449100384],[3.2098638384635283,42.06221380574159],[3.209877960577507,42.06222511498671],[3.2098967900628117,42.06221719851513],[3.2099156195481164,42.06219797279843],[3.209918757795667,42.06218100893076],[3.2099014974341378,42.06216969968564]]],[[[3.2109936075818144,42.06342954959155],[3.2109873310867125,42.06342841866703],[3.2109794854678357,42.06342954959155],[3.210974778096509,42.06343633513861],[3.210973208972734,42.06344085883666],[3.2109779163440604,42.063458953628846],[3.210988900210488,42.06346687010043],[3.2109983149531405,42.06347591749652],[3.2110140061908945,42.06348157211907],[3.2110218518097713,42.06348270304359],[3.2110296974286485,42.063480441194564],[3.2110344047999746,42.06347704842103],[3.2110375430475253,42.06347139379847],[3.211040681295076,42.063460084553356],[3.2110344047999746,42.06344877530824],[3.21101557531467,42.06343633513861],[3.2109936075818144,42.06342954959155]]],[[[3.215828077933813,41.937872048466694],[3.215796695458305,41.937870917542185],[3.215777865973,41.93788109586279],[3.2157841424681015,41.937898059730465],[3.215801402829631,41.9379116308246],[3.2158265088100375,41.93791502359814],[3.2158469074191176,41.93791049990009],[3.2158547530379944,41.937901452504],[3.2158547530379944,41.937901452504],[3.215848476542893,41.93789014325888],[3.2158469074191176,41.937889012334374],[3.215840630924016,41.937879964938276],[3.215840630924016,41.937879964938276],[3.215828077933813,41.937872048466694]]],[[[3.2268,41.9454],[3.2267,41.9455],[3.2268,41.9455],[3.2268,41.9454]]],[[[3.1787,41.8719],[3.1787,41.8718],[3.1787,41.8719],[3.1788,41.8719],[3.1787,41.8719]]],[[[3.165793428107724,41.863678876808876],[3.1657840133650716,41.86367661495986],[3.165774598622419,41.86367661495986],[3.1657620456322157,41.863680007733386],[3.165754200013339,41.86368679328046],[3.165754200013339,41.863690186053994],[3.1657573382608897,41.86369244790302],[3.165765183879767,41.863698102525575],[3.1657918589839484,41.86371619731776],[3.165801273726601,41.86372072101581],[3.165809119345478,41.86372185194032],[3.1658169649643546,41.86372411378934],[3.165824810583232,41.863725244713855],[3.1658326562021086,41.86372411378934],[3.1658389326972105,41.86372185194032],[3.165842070944761,41.86371845916678],[3.1658436400685366,41.86371280454423],[3.165840501820986,41.863706018997156],[3.165834225325884,41.863698102525575],[3.165824810583232,41.86369244790302],[3.165813826716804,41.86368792420497],[3.1658028428503764,41.86368340050692],[3.165793428107724,41.863678876808876]]],[[[3.211506711056369,42.05456310142074],[3.211473759457086,42.05456197049623],[3.2114549299717807,42.05457214881683],[3.2114564990955565,42.05459137453353],[3.211467482961984,42.05460946932572],[3.211487881571064,42.05461060025023],[3.2115239714178982,42.054587981759994],[3.2115239714178982,42.054586850835484],[3.2115239714178982,42.05457214881683],[3.211506711056369,42.05456310142074]]],[[[3.1793726252600107,41.87717193715656],[3.179330258918075,41.877159496986934],[3.179309860308995,41.87716402068498],[3.1793161368040965,41.87718211547717],[3.179345950155829,41.87720021026935],[3.1793836091264387,41.87720812674093],[3.179404007735519,41.877204733967396],[3.1793977312404174,41.87719229379777],[3.1793757635075615,41.87717306808107],[3.1793726252600107,41.87717193715656]]],[[[3.1874,41.8625],[3.1873,41.8625],[3.1873,41.8626],[3.1874,41.8626],[3.1874,41.8625]]],[[[3.151,41.8594],[3.151,41.8595],[3.1511,41.8594],[3.151,41.8594]]],[[[3.193075783190554,41.89229239787641],[3.1930616610765754,41.892289005102874],[3.1930459698388214,41.89229013602739],[3.1930381242199446,41.89229465972544],[3.1930365550961692,41.89229918342348],[3.1930365550961692,41.89230596897055],[3.1930428315912707,41.892317278215664],[3.1930585228290247,41.89232745653627],[3.1930726449430034,41.89233763485687],[3.1930883361807574,41.892345551328454],[3.193096181799634,41.892345551328454],[3.1931040274185114,41.892345551328454],[3.1931087347898375,41.892343289479435],[3.193111873037388,41.89233763485687],[3.1931087347898375,41.892325194687245],[3.193094612675859,41.89230709989506],[3.193075783190554,41.89229239787641]]],[[[3.1412,41.849],[3.1411,41.849],[3.1411,41.8491],[3.1412,41.8491],[3.1412,41.849]]],[[[3.2088847052276805,41.90672864926675],[3.2088768596088033,41.906727518342244],[3.2088690139899265,41.90672864926675],[3.208867444866151,41.90673091111578],[3.2088690139899265,41.90674335128541],[3.208870583113702,41.906754660530524],[3.208875290485028,41.90676710070015],[3.208886274351456,41.90677840994526],[3.2088941199703327,41.90678519549233],[3.2089035347129853,41.90678971919038],[3.2089129494556374,41.90678745734136],[3.2089207950745147,41.9067818027188],[3.208930209817167,41.90677049347369],[3.208931778940942,41.90675805330405],[3.2089286406933915,41.90675126775699],[3.20892236419829,41.906744482209916],[3.208914518579413,41.90673995851187],[3.208906672960536,41.906736565738335],[3.208895689094108,41.9067331729648],[3.2088847052276805,41.90672864926675]]],[[[3.1539041772615395,41.86130732810809],[3.1538916242713366,41.861305066259064],[3.1538837786524594,41.8613084590326],[3.1538790712811333,41.86131524457967],[3.153877502157358,41.86132203012674],[3.153882209528684,41.86133333937185],[3.153888486023786,41.86134351769246],[3.153897900766438,41.86135256508855],[3.153908884632866,41.86136048156013],[3.153918299375518,41.861366136182696],[3.153929283241946,41.86136500525818],[3.1539386979845982,41.861359350635624],[3.1539418362321494,41.86135143416404],[3.1539402671083736,41.861340124918925],[3.1539386979845982,41.86132881567381],[3.153918299375518,41.8613084590326],[3.1539041772615395,41.86130732810809]]],[[[3.060172568538191,41.79321436326575],[3.060141186062683,41.793198530322584],[3.0601349095675814,41.793199661247094],[3.060125494824929,41.79320418494514],[3.0601207874536027,41.79321097049221],[3.0601192183298274,41.79321549419026],[3.0601192183298274,41.79322114881281],[3.0601207874536027,41.79322906528439],[3.0601239257011534,41.79323358898244],[3.0601302021962553,41.793238112680484],[3.0601396169389075,41.79324263637854],[3.0601506008053354,41.79324716007658],[3.060158446424212,41.79324829100109],[3.060161584671763,41.7932494219256],[3.0601913980234956,41.79324716007658],[3.0601945362710463,41.79324150545402],[3.0601961053948217,41.793235850831465],[3.0601945362710463,41.7932301962089],[3.060188259775945,41.79322341066184],[3.060183552404619,41.7932200178883],[3.060172568538191,41.79321436326575]]],[[[3.2192675972494835,42.04717816436011],[3.219237783897751,42.047175902511086],[3.219223661783772,42.04717929528462],[3.2192299382788736,42.047193997303275],[3.219253475135505,42.04722679411411],[3.2192566133830556,42.04722792503862],[3.2192754428683603,42.047230186887646],[3.2192911341061143,42.04722453226508],[3.2192974106012158,42.04721209209546],[3.2192911341061143,42.047192866378765],[3.2192675972494835,42.04717816436011]]],[[[3.128109351517786,41.841923281979575],[3.1281046441464597,41.841922151055066],[3.1280999367751336,41.841923281979575],[3.1280999367751336,41.841923281979575],[3.1280920911562564,41.84194476954529],[3.1280920911562564,41.84196851896004],[3.128095229403807,41.84199453022381],[3.128106213270235,41.84201827963855],[3.128110920641561,41.84202619611013],[3.1281156280128877,41.84202732703464],[3.1281187662604384,41.84202732703464],[3.1281203353842137,41.84202393426111],[3.128121904507989,41.842013755940506],[3.1281187662604384,41.8419933992993],[3.12812504275554,41.84198322097869],[3.128129750126866,41.84196851896004],[3.128129750126866,41.84196173341297],[3.12812504275554,41.841942507696274],[3.1281156280128877,41.84192893660214],[3.1281124897653365,41.84192667475311],[3.128109351517786,41.841923281979575]]],[[[3.219142067347452,41.942783653620495],[3.2191059775006177,41.942782522695985],[3.2190902862628636,41.94278478454501],[3.219060472911131,41.94279496286561],[3.2190181065691954,41.94280740303524],[3.219000846207666,41.942818712280356],[3.2190181065691954,41.94282549782743],[3.219071456777559,41.94281758135585],[3.219131083481024,41.94279609379012],[3.219142067347452,41.942783653620495]]],[[[3.20981205737894,41.90518493730845],[3.209796366141186,41.90518380638393],[3.2097791057796567,41.90518719915747],[3.2097618454181274,41.905190591931],[3.2097508615516994,41.90519511562905],[3.2097414468090473,41.905199639327094],[3.2097383085614966,41.90520303210063],[3.2097414468090473,41.90521207949672],[3.209749292427924,41.90521773411928],[3.209760276294352,41.9052199959683],[3.2097900896460847,41.90522451966635],[3.2098057808838387,41.9052199959683],[3.209819902997817,41.90521547227026],[3.209827748616694,41.90521094857221],[3.2098324559880203,41.905199639327094],[3.209830886864245,41.90519398470454],[3.209826179492919,41.905190591931],[3.20981205737894,41.90518493730845]]],[[[3.088521927788291,41.83178454373324],[3.088509374798088,41.83178454373324],[3.0884999600554357,41.83178567465776],[3.0884936835603343,41.83178793650678],[3.0884874070652324,41.831791329280314],[3.0884779923225802,41.83179585297836],[3.088474854075029,41.831800376676405],[3.0884732849512537,41.83180716222348],[3.088474854075029,41.83181055499701],[3.088476423198805,41.83181281684603],[3.0884779923225802,41.83181620961957],[3.0884826996939063,41.83182299516664],[3.0884874070652324,41.831828649789195],[3.0884952526841096,41.83183204256273],[3.0885030983029864,41.83183317348724],[3.088512513045639,41.83183317348724],[3.0885234969120665,41.83183091163822],[3.0885313425309437,41.831827518864685],[3.088540757273596,41.83182073331761],[3.0885470337686978,41.83181055499701],[3.0885470337686978,41.83180376944994],[3.0885423263973713,41.831798114827386],[3.0885344807784945,41.831792460204824],[3.0885282042833926,41.83178793650678],[3.088521927788291,41.83178454373324]]],[[[2.9811,41.7591],[2.981,41.7592],[2.9811,41.7592],[2.9811,41.7591]]],[[[3.1790948903517657,41.87726580389102],[3.17907292261891,41.877260149268466],[3.179057231381156,41.877270327589066],[3.1790525240098297,41.877288422381255],[3.179060369628707,41.8773031243999],[3.1790791991140117,41.87732008826758],[3.179101166846867,41.877324611965626],[3.1791137198370705,41.87730990994697],[3.1791121507132947,41.87728616053223],[3.1790948903517657,41.87726580389102]]],[[[3.183088310360151,41.88211181542315],[3.183063204379745,41.88211181542315],[3.183058497008419,41.8821163391212],[3.1830616352559695,41.88212538651729],[3.183074188246173,41.882136695762405],[3.1830851721126003,41.88214121946045],[3.1831165545881084,41.882145743158496],[3.1831573518062686,41.882145743158496],[3.183174612167798,41.882136695762405],[3.183165197425146,41.882126517441804],[3.1831338149496378,41.882117470045706],[3.183088310360151,41.88211181542315]]],[[[3.084821933925905,41.82757863547467],[3.0848093809357016,41.82757298085211],[3.084792120574172,41.82757411177663],[3.084779567583969,41.827587682870764],[3.084776429336418,41.8276012539649],[3.084779567583969,41.827614825059044],[3.084787413202846,41.827622741530625],[3.0847968279454983,41.82762839615318],[3.0848125191832523,41.82763065800221],[3.0848282104210063,41.82762726522867],[3.084836056039883,41.82762161060611],[3.084842332534985,41.82760577766295],[3.084836056039883,41.827594468417836],[3.084831348668557,41.827587682870764],[3.084821933925905,41.82757863547467]]],[[[3.1863913159073625,41.8623138509234],[3.186397592402464,41.862310458149864],[3.1864054380213407,41.8623138509234],[3.1864117145164426,41.862318374621445],[3.186417991011544,41.86232063647047],[3.186425836630421,41.862319505545955],[3.1864274057541966,41.86231271999889],[3.1864274057541966,41.86230593445182],[3.1864211292590947,41.86230254167828],[3.1864195601353194,41.86229349428219],[3.1864211292590947,41.86228670873512],[3.186417991011544,41.862281054112565],[3.186397592402464,41.86227539949],[3.1863897467835867,41.86227426856549],[3.186378762917159,41.86227766133903],[3.1863724864220573,41.862281054112565],[3.1863646408031805,41.862283315961584],[3.186358364308079,41.86228557781061],[3.186352087812977,41.862290101508655],[3.1863489495654265,41.86229575613121],[3.1863489495654265,41.86230141075377],[3.1863458113178758,41.86230706537633],[3.186358364308079,41.86232176739498],[3.186363071679405,41.86232629109303],[3.1863724864220573,41.86232516016852],[3.186377193793384,41.86232176739498],[3.1863913159073625,41.8623138509234]]],[[[3.060265146840939,41.7931612098137],[3.0602541629745117,41.79315781704017],[3.06024788647941,41.79315781704017],[3.060240040860533,41.79316007888919],[3.0602055201374743,41.79316799536077],[3.0602055201374743,41.79317478090784],[3.0602102275088003,41.793180435530395],[3.060213365756351,41.79318382830393],[3.0602180731276776,41.79318722107747],[3.060244748231859,41.79320192309611],[3.0602463173556345,41.79320305402063],[3.0602510247269605,41.793206446794166],[3.0602620085933885,41.79321323234123],[3.060265146840939,41.79321323234123],[3.060274561583592,41.79321436326575],[3.0602776998311425,41.79321210141672],[3.0602855454500193,41.793206446794166],[3.0602855454500193,41.7932007921716],[3.0602855454500193,41.79319174477551],[3.060283976326244,41.79317704275686],[3.060279268954918,41.793171388134304],[3.060271423336041,41.79316460258723],[3.060265146840939,41.7931612098137]]],[[[3.1866,41.8875],[3.1865,41.8876],[3.1866,41.8876],[3.1866,41.8875]]],[[[3.0929,41.8339],[3.0928,41.8339],[3.0929,41.8339],[3.093,41.8339],[3.0929,41.8339]]],[[[3.0615,41.7963],[3.0614,41.7963],[3.0614,41.7964],[3.0615,41.7964],[3.0615,41.7963]]],[[[3.1695028367127627,41.8626757467671],[3.169491852846335,41.86267348491808],[3.1694824381036826,41.86267348491808],[3.1694698851134793,41.86267687769162],[3.1694573321232764,41.862683663238684],[3.169447917380624,41.862690448785756],[3.1694385026379717,41.86269836525734],[3.169433795266645,41.86270515080441],[3.16943222614287,41.862711936351474],[3.1694353643904205,41.86271646004952],[3.1694432100092977,41.862719852823055],[3.169449486504399,41.862720983747565],[3.1694541938757252,41.86272211467208],[3.169491852846335,41.86272324559659],[3.1694965602176612,41.862717590974036],[3.1695028367127627,41.86271306727598],[3.16951068233164,41.86270401987989],[3.169515389702966,41.86269723433283],[3.1695169588267413,41.862691579710265],[3.169515389702966,41.8626847941632],[3.169509113207864,41.86267913954064],[3.1695028367127627,41.8626757467671]]],[[[3.0644735368065543,41.79991169822333],[3.064448430826148,41.79990717452529],[3.0644343087121695,41.7999083054498],[3.0644186174744155,41.79991396007235],[3.0644154792268647,41.79991735284589],[3.0644186174744155,41.79992526931747],[3.0644264630932927,41.79993092394003],[3.064443723454822,41.79993657856259],[3.0644609838163515,41.79994110226063],[3.064482951549207,41.79994562595868],[3.0645049192820624,41.799949018732214],[3.0645221796435917,41.799949018732214],[3.064530025262469,41.79994675688319],[3.0645315943862443,41.79994336410966],[3.0645253178911425,41.79993318578905],[3.064519041396041,41.79992413839296],[3.064498642786961,41.79991622192138],[3.0644735368065543,41.79991169822333]]],[[[3.2047688935648138,41.89648473504084],[3.2047406493368564,41.89648134226731],[3.2047218198515517,41.89648925873889],[3.2047265272228778,41.896519793700705],[3.204734372841755,41.89653336479484],[3.204750064079509,41.8965390194174],[3.2047688935648138,41.89654015034191],[3.204778308307466,41.89653336479484],[3.2047798774312413,41.89652657924778],[3.204786153926343,41.896520924625214],[3.204790861297669,41.89651187722912],[3.204784584802568,41.89649491336145],[3.2047688935648138,41.89648473504084]]],[[[3.1626,41.8612],[3.1626,41.8613],[3.1626,41.8612],[3.1627,41.8612],[3.1626,41.8612]]],[[[3.181316769617728,41.875564893425604],[3.1812932327610968,41.875536620312815],[3.181274403275792,41.875544536784396],[3.18126498853314,41.87556263157658],[3.1812712650282413,41.87558185729328],[3.1812932327610968,41.875602213934485],[3.181308923998851,41.87561578502862],[3.1813183387415034,41.875620308726674],[3.1813277534841555,41.87561465410411],[3.181329322607931,41.87559655931193],[3.181316769617728,41.875564893425604]]],[[[3.0237029937504105,41.77298551652708],[3.0236841642651053,41.77297986190452],[3.0236653347798006,41.77298664745159],[3.023659058284699,41.772996825772196],[3.0236606274084745,41.77300474224378],[3.023670042151127,41.773019444262424],[3.0236794568937793,41.77303301535657],[3.0237014246266347,41.77304319367717],[3.0237233923594906,41.77304319367717],[3.0237328071021428,41.77303188443205],[3.023729668854592,41.77302170611145],[3.02372025411194,41.77300361131926],[3.0237029937504105,41.77298551652708]]],[[[3.2160038197966574,41.93001551588474],[3.215994405054005,41.930014384960224],[3.2159849903113527,41.93002569420534],[3.2159834211875773,41.930049443620085],[3.215991266806454,41.930085633204456],[3.215991266806454,41.93008902597799],[3.215999112425331,41.93009128782701],[3.215999112425331,41.93009128782701],[3.216011665415534,41.930086764128966],[3.216011665415534,41.930086764128966],[3.216030494900839,41.93006980026129],[3.216030494900839,41.93006980026129],[3.2160430478910422,41.930048312695575],[3.216036771395941,41.93003247975241],[3.2160195110344114,41.930022301431805],[3.2160038197966574,41.93001551588474]]],[[[3.230882251434973,41.96948251948992],[3.2308681293209944,41.96948138856541],[3.2308524380832404,41.96948478133895],[3.230850868959465,41.96948704318797],[3.2308524380832404,41.969490435961504],[3.23086969844477,41.96950287613113],[3.230886958806299,41.96951531630076],[3.2308995117965025,41.96952436369685],[3.230912064786706,41.96953228016843],[3.230918341281807,41.96953341109295],[3.2309246177769086,41.96953228016843],[3.230932463395786,41.9695288873949],[3.2309387398908873,41.969525494621365],[3.2309497237573153,41.9695198399988],[3.2309544311286413,41.96951305445174],[3.230952862004866,41.96950400705564],[3.230932463395786,41.969489305036994],[3.2309073574153793,41.96948591226346],[3.230882251434973,41.96948251948992],[3.230882251434973,41.96948251948992]]],[[[3.179848069763956,41.86787121397331],[3.179835516773753,41.8678700830488],[3.179821394659774,41.86787121397331],[3.179811979917122,41.867874606746845],[3.179804134298245,41.86788026136941],[3.1797978578031434,41.86788817784099],[3.1797931504318173,41.86789722523708],[3.179796288679368,41.86790514170866],[3.179807272545796,41.867911927255726],[3.17982296378355,41.86791645095378],[3.1798386550213036,41.86792210557633],[3.1798700374968116,41.86791305818024],[3.1798731757443623,41.867902879859635],[3.179877883115689,41.867892701539034],[3.1798763139919135,41.86788591599196],[3.1798684683730363,41.86788026136941],[3.179859053630384,41.867874606746845],[3.179848069763956,41.86787121397331]]],[[[3.1714,42.1038],[3.1713,42.1038],[3.1714,42.1038],[3.1715,42.1038],[3.1714,42.1038]]],[[[3.1795216920186737,41.87518829556325],[3.1794887404193903,41.875182640940686],[3.1794573579438823,41.8751837718652],[3.179429113715925,41.87518603371422],[3.1794118533543956,41.875192819261294],[3.17941028423062,41.875202997581894],[3.179429113715925,41.875209783128966],[3.179460496191433,41.87521430682701],[3.179491878666941,41.87521769960055],[3.1795216920186737,41.875210914053476],[3.1795342450088766,41.87519847388385],[3.1795216920186737,41.87518829556325]]],[[[3.2107,42.0532],[3.2106,42.0532],[3.2106,42.0533],[3.2107,42.0533],[3.2107,42.0532]]],[[[3.183731651108064,42.10347332469764],[3.18371595987031,42.10346427730154],[3.183703406880107,42.10346540822606],[3.1836924230136794,42.10347332469764],[3.183687715642353,42.10349028856531],[3.183700268632556,42.10351969260261],[3.1837206672416363,42.10353778739479],[3.1837379276031657,42.10353439462126],[3.183750480593369,42.10351969260261],[3.1837520497171443,42.10349820503689],[3.1837332202318396,42.10347671747117],[3.183731651108064,42.10347332469764]]],[[[3.1787,41.8709],[3.1786,41.8708],[3.1786,41.8709],[3.1787,41.8709]]],[[[3.1861,41.8623],[3.1861,41.8624],[3.1862,41.8624],[3.1862,41.8623],[3.1861,41.8623]]],[[[3.1822472600165383,41.88637087713377],[3.182222154036132,41.886359567888654],[3.1822001863032763,41.8863640915867],[3.1821813568179715,41.886386710076934],[3.182201755427052,41.88640819764265],[3.182225292283683,41.88641724503874],[3.1822488291403137,41.88641611411423],[3.1822629512542924,41.886404804869116],[3.1822645203780677,41.88639010285046],[3.1822472600165383,41.88637087713377]]],[[[3.0941,41.8369],[3.094,41.8369],[3.094,41.837],[3.0941,41.837],[3.0941,41.8369]]],[[[3.220569969983063,41.94338643638517],[3.2205605552404104,41.94338191268712],[3.220543294878881,41.94338191268712],[3.220522896269801,41.943379650838104],[3.220510343279598,41.94338191268712],[3.2205087741558227,41.94339322193224],[3.2205056359082715,41.94340792395089],[3.2204962211656194,41.943419233196],[3.2204820990516407,41.943424887818566],[3.2204726843089886,41.94343280429015],[3.220483668175416,41.94344185168624],[3.220510343279598,41.943444113535264],[3.2205244653935763,41.94343619706368],[3.220530741888678,41.943423756894056],[3.220544864002657,41.94341470949796],[3.2205636934879616,41.94341018579991],[3.220574677354389,41.94340453117736],[3.220569969983063,41.94338643638517]]],[[[3.1137,41.8482],[3.1136,41.8482],[3.1136,41.8483],[3.1137,41.8483],[3.1137,41.8482]]],[[[3.2117,41.9088],[3.2117,41.9089],[3.2118,41.9089],[3.2117,41.9089],[3.2117,41.9088]]],[[[3.2046182576823754,41.897127100163424],[3.2045900134544185,41.89711918369184],[3.2045633383502365,41.89712144554087],[3.204552354483809,41.897135016635005],[3.2045633383502365,41.897154242351704],[3.2045947208257446,41.897170075294866],[3.204622965053702,41.8971734680684],[3.20463708716768,41.89716781344584],[3.2046402254152313,41.89715763512524],[3.204638656291456,41.897142933106586],[3.2046182576823754,41.897127100163424]]],[[[3.2222,42.0489],[3.2222,42.049],[3.2223,42.049],[3.2222,42.0489]]],[[[3.175608297322833,41.8651366385043],[3.175597313456405,41.865135507579794],[3.1755863295899776,41.86514003127784],[3.175576914847325,41.86515020959845],[3.175572207475999,41.865161518843564],[3.175569069228448,41.865172828088674],[3.175569069228448,41.86518413733379],[3.1755706383522235,41.865189791956354],[3.1755737765997742,41.86519318472988],[3.175587898713753,41.8651943156544],[3.1756020208277316,41.8651943156544],[3.1756098664466084,41.865197708427935],[3.1756161429417102,41.86520223212598],[3.175633403303239,41.86518753010733],[3.175634972427015,41.865169435315146],[3.1756365415507903,41.86515134052296],[3.175633403303239,41.86514681682491],[3.1756224194368117,41.865141162202356],[3.175608297322833,41.8651366385043]]],[[[3.2191,42.0484],[3.219,42.0484],[3.2191,42.0484],[3.2191,42.0485],[3.2191,42.0484]]],[[[3.0936121653156796,41.834865182102796],[3.0935996123254763,41.83486292025377],[3.0935964740779256,41.83487196764986],[3.093598043201701,41.83489006244205],[3.093602750573027,41.83490702630972],[3.093605888820578,41.834922859252885],[3.0936105961919043,41.83493869219605],[3.0936153035632303,41.8349443468186],[3.093624718305883,41.83494773959214],[3.093634133048535,41.83494773959214],[3.0936435477911877,41.83494660866763],[3.093660808152717,41.83493756127154],[3.093665515524043,41.83492625202642],[3.093660808152717,41.83491607370581],[3.0936466860387384,41.83490137168717],[3.0936309948009844,41.83488780059302],[3.0936215800583318,41.83487649134791],[3.0936121653156796,41.834865182102796]]],[[[3.0616,41.7963],[3.0615,41.7964],[3.0616,41.7964],[3.0616,41.7963]]],[[[3.0249,41.773],[3.0248,41.773],[3.0248,41.7731],[3.0249,41.7731],[3.0249,41.773]]],[[[3.0857288874680844,41.82831486733171],[3.085695935868801,41.82831147455818],[3.0856833828785977,41.8283137364072],[3.0856708298883944,41.82831486733171],[3.0856629842695176,41.82831826010525],[3.0856582768981915,41.828330700274876],[3.085661415145742,41.828342009519986],[3.08567239901217,41.82835444968962],[3.0856880902499237,41.82836462801022],[3.0857022123639024,41.82836575893473],[3.085716334477881,41.828361235236684],[3.085727318344309,41.82835218784059],[3.0857383022107365,41.828342009519986],[3.0857461478296138,41.828332962123895],[3.0857492860771645,41.82832843842585],[3.0857461478296138,41.82832504565231],[3.0857383022107365,41.82831939102976],[3.0857288874680844,41.82831486733171]]],[[[3.182743103129564,41.88659027648902],[3.182728981015585,41.886581229092926],[3.182708582406505,41.88659027648902],[3.1826819073023236,41.886611764054734],[3.1826599395694677,41.88663098977143],[3.182652093950591,41.88664456086557],[3.182661508693243,41.88665247733715],[3.1826819073023236,41.88665473918618],[3.1826944602925265,41.88665021548813],[3.1827305501393606,41.88662533514888],[3.18274781050089,41.88660497850766],[3.182743103129564,41.88659027648902]]],[[[3.217,41.9221],[3.217,41.922],[3.2169,41.922],[3.2169,41.9221],[3.217,41.9221]]],[[[3.229950191912387,41.955171800720365],[3.229937638922184,41.955169538871345],[3.229925085931981,41.95517406256939],[3.2299188094368794,41.955180848116456],[3.229915671189328,41.95518763366353],[3.229915671189328,41.9552045975312],[3.2299235168082054,41.95522043047436],[3.2299345006746334,41.95523287064399],[3.229950191912387,41.9552430489646],[3.2299596066550396,41.955245310813616],[3.2299690213976917,41.9552430489646],[3.2299752978927936,41.95523965619106],[3.2299800052641197,41.9552340015685],[3.229981574387895,41.95521929954985],[3.229976867016569,41.9552045975312],[3.2299737287690182,41.95519555013511],[3.2299705905214675,41.95518650273902],[3.2299596066550396,41.955179717191946],[3.229950191912387,41.955171800720365]]],[[[3.1624,41.8612],[3.1623,41.8612],[3.1623,41.8613],[3.1624,41.8613],[3.1624,41.8612]]],[[[3.2164,41.929],[3.2165,41.929],[3.2164,41.929],[3.2163,41.929],[3.2163,41.9291],[3.2164,41.9291],[3.2164,41.929]]],[[[3.0727,41.8199],[3.0727,41.82],[3.0728,41.82],[3.0727,41.8199]]],[[[3.2190196756929708,41.92129382605142],[3.219029090435623,41.921287040504346],[3.2190369360545,41.921287040504346],[3.219044781673377,41.92128817142886],[3.219052627292254,41.92128817142886],[3.219060472911131,41.921287040504346],[3.2190667494062324,41.92128364773082],[3.2190730259013343,41.921276862183745],[3.2190730259013343,41.921268945712164],[3.219069887653783,41.92126102924058],[3.2190636111586817,41.92125650554254],[3.2190541964160295,41.921253112769],[3.2190479199209276,41.921253112769],[3.2190149683216442,41.92126102924058],[3.219005553578992,41.92126216016509],[3.2189961388363395,41.92126442201412],[3.2189820167223613,41.92126668386314],[3.2189678946083826,41.9212723384857],[3.218964756360832,41.92128138588179],[3.218964756360832,41.921287040504346],[3.2189663254846073,41.92129269512691],[3.2189710328559333,41.92129834974946],[3.21897887847481,41.92130287344751],[3.2189914314650134,41.921306266221045],[3.219005553578992,41.921306266221045],[3.2190149683216442,41.92130061159849],[3.2190196756929708,41.92129382605142]]],[[[3.1787,41.8714],[3.1787,41.8715],[3.1788,41.8715],[3.1787,41.8715],[3.1787,41.8714]]],[[[3.225,41.9451],[3.2249,41.9451],[3.2249,41.9452],[3.225,41.9452],[3.225,41.9451]]],[[[3.150314022063431,41.85850489716839],[3.150309314692105,41.85850489716839],[3.1503030381970034,41.858506028092904],[3.150298330825677,41.85850828994192],[3.150295192578126,41.858513944564486],[3.150293623454351,41.858515075488995],[3.1502889160830247,41.858524122885086],[3.1502842087116982,41.85853203935667],[3.150277932216597,41.85855918154495],[3.150279501340372,41.85856370524299],[3.1502810704641475,41.858571621714574],[3.150282639587923,41.85857501448811],[3.1502889160830247,41.85857727633713],[3.1502967617019015,41.85857614541262],[3.1503124529396556,41.858571621714574],[3.1503281441774096,41.85856370524299],[3.1503328515487357,41.85855918154495],[3.1503391280438375,41.858551265073366],[3.1503422662913882,41.858543348601785],[3.150345404538939,41.85853769397923],[3.150345404538939,41.85853090843216],[3.150345404538939,41.858525253809596],[3.150345404538939,41.85851846826253],[3.1503438354151636,41.85851168271546],[3.1503375589200617,41.858506028092904],[3.1503281441774096,41.85850489716839],[3.150321867682308,41.85850489716839],[3.150314022063431,41.85850489716839]]],[[[3.042,41.7787],[3.0419,41.7787],[3.042,41.7788],[3.042,41.7787]]],[[[3.223019372196458,41.94409439512942],[3.2230130957013565,41.94409326420491],[3.2230052500824793,41.944095526053935],[3.223000542711153,41.944115882695144],[3.222995835339827,41.944126061015744],[3.222992697092276,41.94413623933635],[3.22298798972095,41.94414981043049],[3.2229864205971746,41.944162250600115],[3.22298798972095,41.94416903614719],[3.222992697092276,41.94417582169425],[3.223003680958704,41.94418600001486],[3.2230178030726826,41.94419278556193],[3.2230256486915594,41.94419391648644],[3.2230319251866613,41.94419278556193],[3.223039770805538,41.944189392788395],[3.2230429090530888,41.94418373816583],[3.2230429090530888,41.94417695261877],[3.223035063434212,41.94416677429816],[3.223030356062886,41.94415546505304],[3.2230319251866613,41.94414641765695],[3.2230319251866613,41.94413850118537],[3.2230319251866613,41.94413058471379],[3.2230319251866613,41.9441215373177],[3.2230319251866613,41.944115882695144],[3.2230334943104366,41.94410909714807],[3.223030356062886,41.94410344252552],[3.2230256486915594,41.944097787902955],[3.223019372196458,41.94409439512942]]],[[[3.182622280598858,41.88672033280785],[3.182612865856206,41.88671920188334],[3.1825956054946767,41.88672711835492],[3.1825673612667194,41.8867452131471],[3.18255010090519,41.88676556978831],[3.1825516700289653,41.88678253365598],[3.1825626538953933,41.886789319203054],[3.182581483380698,41.88678592642952],[3.1826081584848795,41.8867746171844],[3.18262855709396,41.886762177014774],[3.1826348335890615,41.88674747499613],[3.1826301262177354,41.88672938020394],[3.182622280598858,41.88672033280785]]],[[[3.2085,41.9128],[3.2084,41.9128],[3.2084,41.9129],[3.2085,41.9129],[3.2085,41.9128]]],[[[3.2287,41.9484],[3.2287,41.9485],[3.2288,41.9485],[3.2288,41.9484],[3.2287,41.9484]]],[[[3.1785064689359914,41.8711610733775],[3.1784907776982374,41.871156549679455],[3.1784672408416066,41.871156549679455],[3.178456256975179,41.871173513547134],[3.1784546878514033,41.871210834056015],[3.1784782247080345,41.87123458347076],[3.1784986233171146,41.871240238093314],[3.178504899812216,41.8712289288482],[3.178508038059767,41.871201786659924],[3.178511176307318,41.87117577539615],[3.1785064689359914,41.8711610733775]]],[[[3.0547,41.7874],[3.0547,41.7875],[3.0548,41.7875],[3.0547,41.7875],[3.0547,41.7874]]],[[[3.0615,41.7964],[3.0616,41.7965],[3.0616,41.7964],[3.0615,41.7964]]],[[[3.2169,41.9302],[3.217,41.9302],[3.217,41.9301],[3.2169,41.9301],[3.2169,41.9302]]],[[[3.1650308339528808,41.861740472196026],[3.1650135735913514,41.86173707942249],[3.164988467610945,41.86174612681859],[3.1649633616305386,41.8617574360637],[3.1649508086403357,41.861769876233325],[3.164957085135437,41.86178344732747],[3.1649743454969665,41.86179362564807],[3.1649931749822713,41.861795887497095],[3.1650198500864533,41.86179136379905],[3.165032403076656,41.86179023287453],[3.1650402486955334,41.8617766617804],[3.1650402486955334,41.86175517421468],[3.1650308339528808,41.861740472196026]]],[[[3.1531,41.861],[3.1531,41.8611],[3.1532,41.8611],[3.1531,41.8611],[3.1531,41.861]]],[[[3.2169,41.9194],[3.2168,41.9194],[3.2168,41.9195],[3.2169,41.9195],[3.2169,41.9194]]],[[[3.208021687151212,41.90717875722236],[3.208005995913458,41.907174233524316],[3.2079918737994793,41.90717649537334],[3.207977751685501,41.90718554276943],[3.207966767819073,41.90719685201455],[3.2079636295715224,41.90720816125967],[3.2079651986952977,41.90721494680673],[3.207971475190399,41.907222863278314],[3.207977751685501,41.907230779749895],[3.207987166428153,41.90723643437246],[3.2079965811708058,41.90723756529697],[3.2080075650372333,41.90723869622148],[3.2080342401414152,41.907228517900876],[3.2080405166365167,41.90721833958027],[3.208046793131618,41.90720929218418],[3.208046793131618,41.90719911386357],[3.208037378388966,41.90719006646748],[3.208021687151212,41.90717875722236]]],[[[3.1825,41.8856],[3.1825,41.8857],[3.1826,41.8857],[3.1825,41.8857],[3.1825,41.8856]]],[[[3.0942,41.8347],[3.0941,41.8348],[3.0942,41.8348],[3.0942,41.8347]]],[[[3.1881,41.8609],[3.1881,41.8608],[3.1881,41.8609],[3.1882,41.8609],[3.1882,41.8608],[3.1881,41.8608],[3.1881,41.8609],[3.188,41.8609],[3.1881,41.8609]]],[[[3.2313,41.9693],[3.2313,41.9694],[3.2314,41.9694],[3.2314,41.9693],[3.2313,41.9693]]],[[[3.0597,41.7923],[3.0596,41.7923],[3.0597,41.7924],[3.0597,41.7923]]],[[[3.1784201671283445,41.868572387170495],[3.178404475890591,41.86856786347245],[3.1783872155290616,41.868574649019514],[3.1783715242913075,41.86859387473621],[3.178366816919981,41.86861762415096],[3.178373093415083,41.86863571894314],[3.1783903537766123,41.868647028188256],[3.1784123215094677,41.86865268281082],[3.1784264436234464,41.868647028188256],[3.178429581870997,41.86862667154705],[3.178424874499671,41.86859839843426],[3.178424874499671,41.86858030364208],[3.1784201671283445,41.868572387170495]]],[[[3.151301000918156,41.8615719644438],[3.1512884479279526,41.86156630982124],[3.1512774640615246,41.86157083351929],[3.1512680493188725,41.86157874999087],[3.151255496328669,41.861583273688915],[3.151246081586017,41.86159345200952],[3.151246081586017,41.86160815402817],[3.151246081586017,41.861618332348776],[3.151242943338466,41.86162624882036],[3.1512492198335678,41.86163416529194],[3.151271187566423,41.861639819914494],[3.1512994317943805,41.861639819914494],[3.1513119847845834,41.86163416529194],[3.1513119847845834,41.86162737974487],[3.1513135539083588,41.861618332348776],[3.151310415660808,41.86159232108501],[3.151301000918156,41.8615719644438]]],[[[3.0791,41.8239],[3.0791,41.824],[3.0792,41.824],[3.0792,41.8239],[3.0791,41.8239]]],[[[3.1473,41.8577],[3.1473,41.8578],[3.1474,41.8578],[3.1473,41.8577]]],[[[3.0602573012220624,41.79328561150997],[3.0602463173556345,41.79328448058546],[3.0602369026129823,41.79328448058546],[3.0602117966325757,41.79328448058546],[3.0602055201374743,41.79328561150997],[3.0601945362710463,41.79328900428351],[3.06016943029064,41.79330483722667],[3.060158446424212,41.79331840832081],[3.0601631537955387,41.793319539245324],[3.06016943029064,41.79332180109434],[3.0601898288997202,41.79332632479239],[3.0601961053948217,41.793329717565925],[3.060224349622779,41.79333989588653],[3.0602306261178804,41.79334102681104],[3.060235333489207,41.79334102681104],[3.0602416099843084,41.79333989588653],[3.0602463173556345,41.79333537218848],[3.060249455603185,41.79333197941495],[3.0602588703458378,41.7933172773963],[3.0602620085933885,41.793310491849226],[3.060263577717164,41.79330483722667],[3.0602667159647146,41.793292397057044],[3.060263577717164,41.793287873359],[3.0602573012220624,41.79328561150997]]],[[[3.2162,41.9354],[3.2161,41.9354],[3.2161,41.9355],[3.2162,41.9355],[3.2162,41.9354]]],[[[3.0653,41.8007],[3.0653,41.8006],[3.0653,41.8007],[3.0654,41.8007],[3.0653,41.8007]]],[[[3.0486,41.7822],[3.0485,41.7822],[3.0485,41.7823],[3.0486,41.7823],[3.0486,41.7822]]],[[[3.1781,41.8719],[3.178,41.8719],[3.178,41.872],[3.1781,41.872],[3.1781,41.8719]]],[[[3.0018,41.7657],[3.0017,41.7657],[3.0017,41.7658],[3.0018,41.7658],[3.0018,41.7657]]],[[[3.18294552009659,41.88335017776333],[3.182912568497307,41.88335017776333],[3.1828953081357776,41.883356963310405],[3.1828921698882264,41.88337505810259],[3.1829031537546544,41.88338297457417],[3.182921983239959,41.883386367347704],[3.182942381849039,41.88338862919673],[3.1829659187056705,41.88339089104575],[3.1829894555623013,41.883386367347704],[3.183008285047606,41.88338297457417],[3.1830255454091354,41.88337845087612],[3.183028683656686,41.883367141631005],[3.1830145615427075,41.883359225159424],[3.1829957320574027,41.88335583238589],[3.182976902572098,41.88335243961236],[3.18294552009659,41.88335017776333]]],[[[3.2088,41.9067],[3.2087,41.9067],[3.2087,41.9068],[3.2087,41.9067],[3.2088,41.9067]]],[[[3.2174427062986966,41.937964784276645],[3.2174379989273705,41.937964784276645],[3.217408185575638,41.93797609352176],[3.21739720170921,41.9379896646159],[3.2174003399567606,41.9380088903326],[3.217405047328087,41.938029246973805],[3.2174270150609425,41.93804394899246],[3.2174615357840013,41.93804055621892],[3.2174740887742046,41.93801567587967],[3.2174615357840013,41.9379896646159],[3.2174427062986966,41.937964784276645],[3.2174427062986966,41.937964784276645]]],[[[3.1776,42.1036],[3.1775,42.1037],[3.1776,42.1037],[3.1776,42.1036]]],[[[3.2316,41.9694],[3.2316,41.9695],[3.2317,41.9694],[3.2316,41.9694]]],[[[3.23166053682757,41.96838439178918],[3.231644845589816,41.96838212994015],[3.2316275852282867,41.96838326086466],[3.231608755742982,41.968390046411734],[3.2315899262576773,41.96840135565685],[3.231588357133902,41.96840814120392],[3.2315914953814526,41.96841379582648],[3.2316056174954313,41.96842058137355],[3.2316213087331853,41.96842849784513],[3.231663675075121,41.96843415246769],[3.2316825045604256,41.96842849784513],[3.2317013340457303,41.96842171229806],[3.2317091796646076,41.9684160576755],[3.2317076105408318,41.96840701027941],[3.2317013340457303,41.96840022473234],[3.231691919303078,41.96839457010978],[3.23166053682757,41.96838439178918]]],[[[3.179,41.8719],[3.1789,41.8719],[3.179,41.8719],[3.1789,41.8719],[3.179,41.8719]]],[[[3.231533437801763,41.95666575200016],[3.231525592182886,41.95666349015114],[3.231517746564009,41.95666349015114],[3.2315051935738057,41.956671406622725],[3.2315051935738057,41.956671406622725],[3.231495778831153,41.95668384679235],[3.231495778831153,41.95669289418844],[3.2315004862024796,41.956701941584534],[3.2315146083164583,41.95672003637672],[3.2315350069255384,41.956737000244395],[3.231553836410843,41.956746047640486],[3.2315710967723725,41.95674830948951],[3.2315805115150247,41.956746047640486],[3.2315867880101266,41.95674152394244],[3.231585218886351,41.95673473839537],[3.2315836497625754,41.956729083772814],[3.231572665896148,41.95671211990514],[3.2315601129059446,41.95669402511295],[3.2315475599157413,41.95667706124528],[3.231533437801763,41.95666575200016]]],[[[3.1882,41.8618],[3.1881,41.8618],[3.1881,41.8619],[3.1882,41.8619],[3.1882,41.8618]]],[[[3.1407,41.8491],[3.1406,41.849],[3.1406,41.8491],[3.1407,41.8491]]],[[[3.0768962897363736,41.82296898716547],[3.0768758911272935,41.82296672531644],[3.0768680455084167,41.82296898716547],[3.0768633381370902,41.822971249014486],[3.076861769013315,41.82298482010862],[3.0768601998895395,41.822998391202766],[3.076853923394438,41.82301422414593],[3.0768507851468874,41.82303005708909],[3.0768554925182134,41.82303458078714],[3.076872752879743,41.82303910448518],[3.0768947206125983,41.82304023540969],[3.0769104118503523,41.82303344986262],[3.0769229648405556,41.823025533391046],[3.076940225202085,41.82300630767435],[3.076937086954534,41.823000653051785],[3.0769213957167802,41.82298708195765],[3.0769057044790262,41.822972379938996],[3.0768962897363736,41.82296898716547]]],[[[3.1803,41.8675],[3.1802,41.8675],[3.1803,41.8675],[3.1804,41.8675],[3.1803,41.8675]]],[[[3.1983,41.8921],[3.1982,41.8921],[3.1982,41.8922],[3.1983,41.8922],[3.1983,41.8921]]],[[[3.1429,41.849],[3.1428,41.849],[3.1428,41.8491],[3.1427,41.8491],[3.1428,41.8491],[3.1429,41.8491],[3.1429,41.849]]],[[[3.074,41.82],[3.0739,41.82],[3.0739,41.8201],[3.074,41.8201],[3.074,41.82]]],[[[3.0295,41.7779],[3.0294,41.7779],[3.0295,41.7779],[3.0294,41.7779],[3.0295,41.7779],[3.0295,41.778],[3.0295,41.7779]]],[[[3.1982334930402847,41.892174781727206],[3.198198972317226,41.892174781727206],[3.1981817119556966,41.89218722189683],[3.1981754354605947,41.89220531668902],[3.1981738663368193,41.892223411481204],[3.198178573708146,41.89223924442437],[3.198192695822124,41.89224716089595],[3.1982130944312046,41.89223924442437],[3.198244476906712,41.89221210223609],[3.19825546077314,41.89220757853804],[3.1982758593822203,41.892194007443905],[3.198269582887119,41.89218269819879],[3.1982334930402847,41.892174781727206]]],[[[3.2096316081447696,41.90347724129596],[3.2096206242783416,41.90347271759791],[3.2096112095356895,41.90347271759791],[3.209601794793037,41.90347611037144],[3.2095923800503847,41.90348063406949],[3.209582965307732,41.903485157767534],[3.20957355056508,41.903491943314606],[3.2095641358224274,41.90349985978619],[3.209557859327326,41.90350664533326],[3.2095562902035506,41.903510038106795],[3.2095562902035506,41.903513430880324],[3.2095657049462027,41.903519085502886],[3.2095813961839568,41.90352360920093],[3.2096159169070155,41.903530394748],[3.2096520067538497,41.903538311219585],[3.209661421496502,41.903540573068604],[3.2096724053629297,41.90354283491763],[3.209673974486705,41.90354170399311],[3.209673974486705,41.90353604937056],[3.2096724053629297,41.903529263823486],[3.2096661288678283,41.90352360920093],[3.209661421496502,41.90351682365386],[3.2096551450014004,41.903511169031304],[3.2096504376300743,41.90350438348423],[3.209645730258748,41.90349533608814],[3.2096410228874217,41.903485157767534],[3.2096316081447696,41.90347724129596]]],[[[3.089417897464043,41.8319553133345],[3.0894037753500645,41.83195192056096],[3.089394360607412,41.831956444259006],[3.089386514988535,41.83197453905119],[3.0893771002458825,41.83199150291887],[3.0893723928745564,41.832011859560076],[3.0893723928745564,41.8320242997297],[3.089375531122107,41.83202995435226],[3.089381807617209,41.832033347125794],[3.089394360607412,41.83203560897481],[3.0894084827213906,41.83203900174835],[3.0894241739591446,41.83203787082384],[3.0894351578255725,41.832032216201284],[3.089441434320674,41.83201864510714],[3.089441434320674,41.83200733586202],[3.0894382960731233,41.831985848296306],[3.0894288813304707,41.83196322980608],[3.089417897464043,41.8319553133345]]],[[[2.981149926085415,41.758856876603886],[2.9811389422189873,41.75885574567938],[2.9811279583525594,41.75886026937742],[2.9811248201050087,41.75886479307547],[2.9811248201050087,41.75887384047156],[2.981126389228784,41.75888288786765],[2.9811279583525594,41.75889645896179],[2.98113109660011,41.75890324450886],[2.981137373095212,41.75890889913142],[2.9811483569616395,41.758914553753975],[2.9811640481993935,41.75891794652751],[2.9811797394371475,41.758916815603],[2.9811985689224523,41.758914553753975],[2.981217398407757,41.75890889913142],[2.9812252440266342,41.758904375433374],[2.981233089645511,41.75890098265984],[2.9812268131504096,41.758884018792166],[2.9812001380462276,41.75887497139607],[2.981173462942046,41.75886479307547],[2.981149926085415,41.758856876603886]]],[[[3.1707,42.1048],[3.1707,42.1047],[3.1707,42.1048],[3.1707,42.1047],[3.1706,42.1047],[3.1706,42.1048],[3.1707,42.1048]]],[[[3.1787,41.868],[3.1786,41.8679],[3.1786,41.868],[3.1787,41.868]]],[[[3.1837,41.8876],[3.1836,41.8876],[3.1837,41.8876],[3.1837,41.8877],[3.1837,41.8876]]],[[[3.1505,41.8583],[3.1504,41.8583],[3.1504,41.8584],[3.1505,41.8584],[3.1505,41.8583]]],[[[3.1678,41.8632],[3.1677,41.8631],[3.1677,41.8632],[3.1677,41.8633],[3.1678,41.8633],[3.1678,41.8632]]],[[[3.0794,41.8232],[3.0793,41.8232],[3.0793,41.8233],[3.0794,41.8233],[3.0794,41.8232]]],[[[3.2265,41.9456],[3.2264,41.9457],[3.2265,41.9457],[3.2265,41.9456]]],[[[3.1784029067668156,41.87116672800006],[3.1783762316626336,41.87116559707555],[3.1783448491871256,41.87118143001871],[3.1783244505780455,41.87120404850894],[3.1783244505780455,41.871221012376616],[3.178338572692024,41.8712289288482],[3.178366816919981,41.871241369017824],[3.178385646405286,41.87124363086685],[3.17840133764304,41.87122553607466],[3.1784123215094677,41.87118934649029],[3.1784029067668156,41.87116672800006]]],[[[3.065087064202735,41.80020460767183],[3.0650807877076334,41.80020460767183],[3.065072942088756,41.80021026229439],[3.0650650964698793,41.80021930969048],[3.065060389098553,41.800227226162065],[3.065060389098553,41.8002407972562],[3.0650650964698793,41.80025436835034],[3.0650698038412054,41.8002702012935],[3.0650792185838576,41.80028490331215],[3.065091771574061,41.800293950708244],[3.0651058936880395,41.80029847440629],[3.065118446678243,41.80029621255727],[3.0651309996684457,41.80028829608569],[3.0651357070397722,41.80028264146313],[3.0651372761635476,41.800273594067036],[3.065134137915997,41.800264546670945],[3.0651294305446704,41.80025323742583],[3.0651247231733443,41.80024192818071],[3.065112170183141,41.80022383338853],[3.065099617192938,41.80021365506792],[3.065087064202735,41.80020460767183]]],[[[3.2315,41.9686],[3.2314,41.9686],[3.2315,41.9686],[3.2316,41.9686],[3.2315,41.9686]]],[[[3.193,41.8918],[3.1929,41.8918],[3.1929,41.8919],[3.193,41.8919],[3.193,41.8918]]],[[[3.0945,41.8358],[3.0946,41.8358],[3.0946,41.8357],[3.0945,41.8357],[3.0944,41.8357],[3.0944,41.8358],[3.0945,41.8358]]],[[[3.2312,41.9694],[3.2312,41.9695],[3.2312,41.9694],[3.2313,41.9694],[3.2312,41.9694]]],[[[3.2262,41.9454],[3.2262,41.9455],[3.2263,41.9455],[3.2263,41.9454],[3.2262,41.9454]]],[[[3.1806,41.877],[3.1806,41.8769],[3.1806,41.877],[3.1807,41.877],[3.1806,41.877]]],[[[3.0300438229267903,41.775815089655055],[3.030051668545667,41.775815089655055],[3.030062652412095,41.775815089655055],[3.0300736362785226,41.775815089655055],[3.030087758392501,41.77581622057957],[3.030097173135154,41.77581622057957],[3.030106587877806,41.77581622057957],[3.0301160026204585,41.77581622057957],[3.0301254173631107,41.775813958730545],[3.0301316938582126,41.77581169688152],[3.0301364012295386,41.775806042258964],[3.0301364012295386,41.77580151856092],[3.030133262981988,41.775795863938356],[3.0301254173631107,41.7757902093158],[3.0301160026204585,41.77578794746678],[3.030106587877806,41.775786816542265],[3.030098742258929,41.775785685617755],[3.030087758392501,41.77578342376873],[3.0300767745260737,41.77578116191971],[3.0300752054022984,41.77578116191971],[3.030072067154747,41.775777769146174],[3.030062652412095,41.77577437637264],[3.0300532376694425,41.7757709835991],[3.0300344081841377,41.77576306712752],[3.030021855193935,41.77576985267459],[3.030007733079956,41.775777769146174],[3.0300030257086297,41.77578342376873],[3.029999887461079,41.7757902093158],[3.0299983183373036,41.775795863938356],[3.0299983183373036,41.77580038763641],[3.0300014565848543,41.77580717318347],[3.030006163956181,41.775812827806035],[3.030010871327507,41.77581622057957],[3.0300187169463837,41.77581735150408],[3.0300281316890363,41.77581735150408],[3.030035977307913,41.77581622057957],[3.0300438229267903,41.775815089655055]]],[[[3.0543,41.7878],[3.0543,41.7879],[3.0544,41.7879],[3.0544,41.7878],[3.0543,41.7878]]],[[[3.1887,41.8885],[3.1886,41.8885],[3.1886,41.8886],[3.1887,41.8886],[3.1887,41.8885]]],[[[3.1929941887542337,41.89205151095545],[3.1929863431353565,41.89205151095545],[3.1929784975164797,41.89205264187996],[3.1929675136500517,41.892054903728976],[3.1929565297836238,41.89205829650251],[3.1929549606598484,41.89205942742703],[3.1929455459171963,41.89207073667214],[3.1929345620507683,41.892080914992746],[3.192932992926993,41.8920865696153],[3.1929345620507683,41.89209335516237],[3.1929424076696455,41.892105795332],[3.192953391536073,41.89212049735065],[3.1929675136500517,41.89213406844479],[3.1929784975164797,41.892136330293816],[3.192987912259132,41.89213293752028],[3.1929973270017844,41.89212049735065],[3.1930067417444365,41.892109188105536],[3.193008310868212,41.89210692625651],[3.1930114491157626,41.89209900978493],[3.193016156487089,41.89208996238884],[3.19301929473464,41.892083176841766],[3.193020863858415,41.8920763912947],[3.19301929473464,41.89207073667214],[3.193014587363314,41.892065082049584],[3.1930114491157626,41.89205942742703],[3.193005172620661,41.892054903728976],[3.1929941887542337,41.89205151095545]]],[[[3.0485,41.78],[3.0485,41.7801],[3.0486,41.7801],[3.0485,41.78]]],[[[3.2168,41.9218],[3.2167,41.9218],[3.2166,41.9218],[3.2167,41.9218],[3.2167,41.9219],[3.2168,41.9219],[3.2168,41.9218]]],[[[3.1866,41.8876],[3.1866,41.8877],[3.1865,41.8877],[3.1866,41.8877],[3.1866,41.8876]]],[[[3.179,41.8785],[3.1789,41.8785],[3.1789,41.8786],[3.1789,41.8785],[3.179,41.8785]]],[[[3.2184,41.9356],[3.2184,41.9355],[3.2183,41.9356],[3.2184,41.9356]]],[[[3.1792,41.8777],[3.1792,41.8776],[3.1791,41.8776],[3.1791,41.8777],[3.1792,41.8777]]],[[[3.183,41.8829],[3.1829,41.8829],[3.1829,41.883],[3.1829,41.8829],[3.183,41.8829]]],[[[3.0918814217914163,41.83226405572616],[3.0918688688012135,41.83226179387713],[3.09185631581101,41.83226179387713],[3.09183591720193,41.832266317575176],[3.0918186568404007,41.83227423404676],[3.0918139494690746,41.83227988866932],[3.09181551859285,41.8322878051409],[3.091828071583053,41.83230363808406],[3.091840624573256,41.832311554555645],[3.0918688688012135,41.832321732876245],[3.0918971130291704,41.83232738749881],[3.0919049586480476,41.83232851842332],[3.0919128042669244,41.83232851842332],[3.091915942514475,41.83232738749881],[3.091919080762026,41.832311554555645],[3.091922219009577,41.83229572161248],[3.0919175116382505,41.83227649589578],[3.091900251276721,41.83226971034871],[3.0918814217914163,41.83226405572616]]],[[[3.224666952160625,42.044259248195715],[3.2246481226753203,42.044250200799624],[3.2246261549424644,42.044255855422186],[3.2245979107145075,42.04426603374279],[3.224583788600529,42.044284128534976],[3.224594772466957,42.04430787794972],[3.224619878447363,42.04432484181739],[3.2246449844277696,42.044322579968366],[3.224662244789299,42.044312401647765],[3.224676366903277,42.04430787794972],[3.224690489017256,42.04429996147814],[3.224692058141031,42.0442965687046],[3.2246842125221544,42.04428073576144],[3.224666952160625,42.044259248195715]]],[[[3.1831,41.882],[3.183,41.882],[3.183,41.8821],[3.1831,41.8821],[3.1831,41.882]]],[[[3.1804176616944253,41.880476498579405],[3.1804035395804466,41.88047423673038],[3.180380002723816,41.880476498579405],[3.180356465867185,41.880477629503915],[3.1803423437532063,41.880485545975496],[3.1803392055056556,41.880503640767685],[3.1803376363818803,41.88052399740889],[3.1803470511245324,41.88053983035205],[3.1803784336000405,41.88054887774815],[3.1803941248377945,41.880542092201075],[3.180425507313302,41.88051608093731],[3.1804349220559547,41.88049911706963],[3.1804286455608533,41.880486676900006],[3.1804176616944253,41.880476498579405]]],[[[3.2084,41.9127],[3.2083,41.9127],[3.2083,41.9128],[3.2084,41.9127]]],[[[3.1721,41.8635],[3.1722,41.8635],[3.1722,41.8636],[3.1722,41.8635],[3.1721,41.8635]]],[[[3.1812571429142626,41.88086101291334],[3.1812320369338565,41.88085196551725],[3.181217914819878,41.880867798460415],[3.1812085000772257,41.880896071573204],[3.181217914819878,41.88091982098794],[3.181250866419161,41.88093791578013],[3.18126498853314,41.88093791578013],[3.1812932327610968,41.8809254756105],[3.1813057857513,41.88090964266734],[3.181290094513546,41.880887024177106],[3.1812571429142626,41.88086101291334]]],[[[3.0017,41.7659],[3.0016,41.7659],[3.0016,41.766],[3.0017,41.766],[3.0017,41.7659]]],[[[3.1779,41.869],[3.1778,41.869],[3.1779,41.8691],[3.178,41.8691],[3.1779,41.8691],[3.1779,41.869]]],[[[3.1787,41.8713],[3.1787,41.8714],[3.1788,41.8714],[3.1788,41.8713],[3.1787,41.8713]]],[[[3.1907817242309235,41.88776869983008],[3.1907707403644956,41.887766437981064],[3.1907581873742927,41.88776756890557],[3.1907503417554155,41.88776983075459],[3.1907424961365387,41.88777209260362],[3.190733081393886,41.887775485377155],[3.1907252357750093,41.887777747226174],[3.190712682784806,41.88778227092422],[3.1907032680421534,41.88778679462227],[3.1906938532995013,41.88779131832032],[3.1906938532995013,41.88780036571641],[3.1906954224232766,41.8878094131125],[3.190701698918378,41.88781619865957],[3.1907095445372553,41.88781959143311],[3.1907299431463354,41.88782750790469],[3.1907424961365387,41.887833162527244],[3.1907550491267416,41.88783768622529],[3.190764463869394,41.887841078998825],[3.1907770168595975,41.887841078998825],[3.190788000726025,41.88783655530078],[3.190792708097351,41.887832031602734],[3.190794277221127,41.88782637698017],[3.190794277221127,41.88781846050859],[3.190794277221127,41.88781054403701],[3.190794277221127,41.88780149664092],[3.190794277221127,41.88779358016934],[3.190794277221127,41.88778679462227],[3.190794277221127,41.88778113999971],[3.1907895698498003,41.887774354452645],[3.1907817242309235,41.88776869983008]]],[[[3.2115,41.9765],[3.2114,41.9765],[3.2113,41.9765],[3.2114,41.9765],[3.2115,41.9765]]],[[[3.2282,41.97],[3.2282,41.9701],[3.2283,41.9701],[3.2283,41.97],[3.2282,41.97]]],[[[3.0915487675510325,41.83196662257961],[3.091534645437054,41.83196322980608],[3.091515815951749,41.83196436073059],[3.091495417342669,41.83197340812668],[3.0914875717237917,41.83198132459826],[3.0914828643524657,41.83199602661691],[3.0914860026000164,41.83200959771105],[3.0915016938377704,41.832032216201284],[3.0915142468279737,41.832041263597375],[3.091528368941952,41.83204578729542],[3.091544060179706,41.83204578729542],[3.09155975141746,41.832042394521885],[3.0915691661601126,41.832040132672866],[3.091567597036337,41.83201864510714],[3.091566027912562,41.83199941939044],[3.091566027912562,41.83198019367375],[3.0915628896650107,41.83197340812668],[3.0915487675510325,41.83196662257961]]],[[[3.2255,41.9447],[3.2254,41.9447],[3.2253,41.9447],[3.2253,41.9448],[3.2254,41.9448],[3.2255,41.9448],[3.2255,41.9447]]],[[[3.158,41.8612],[3.158,41.8611],[3.1579,41.8612],[3.158,41.8612]]],[[[3.1845397498523935,42.10005114712559],[3.1845099365006613,42.100038706955964],[3.184476984901378,42.10004323065401],[3.1844565862922978,42.100057932672655],[3.1844597245398485,42.1000816820874],[3.1844801231489286,42.10010995520019],[3.1845083673768855,42.10012578814335],[3.184533473357292,42.10011787167177],[3.1845475954712708,42.10008733670996],[3.1845397498523935,42.1000522780501],[3.1845397498523935,42.10005114712559]]],[[[2.9812,41.7591],[2.9811,41.7591],[2.9811,41.7592],[2.9812,41.7591]]],[[[3.141771712230169,41.84866585391763],[3.141745037125987,41.84866019929507],[3.141708947279153,41.84867377038921],[3.141685410422522,41.84870430535102],[3.1416838412987467,41.84870543627553],[3.14169639428895,41.84872353106772],[3.1417152237742547,41.84873484031284],[3.1417387606308855,41.84873370938832],[3.1417654357350675,41.84872579291674],[3.1417889725916983,41.848717876445164],[3.1417983873343505,41.84870656720005],[3.1417936799630244,41.848691865181394],[3.1417842652203722,41.84867829408726],[3.141771712230169,41.84866585391763]]],[[[3.2239530008428194,42.04337373430315],[3.2239310331099635,42.04337373430315],[3.2239059271295574,42.043381650774734],[3.2238918050155787,42.04339522186887],[3.2238949432631294,42.04340879296301],[3.2239106345008834,42.043417840359105],[3.223932602233739,42.04342236405715],[3.223954569966595,42.04342349498166],[3.2239828141945517,42.043421233132634],[3.224015765793835,42.04341670943459],[3.2240251805364877,42.04341557851008],[3.2240408717742417,42.04340540018947],[3.2240487173931185,42.043391829095334],[3.224039302650466,42.043381650774734],[3.224015765793835,42.04338051985022],[3.2239890906896536,42.04338051985022],[3.223968692080573,42.04337712707668],[3.2239530008428194,42.04337373430315]]],[[[3.1514,41.8613],[3.1513,41.8613],[3.1514,41.8613],[3.1514,41.8614],[3.1515,41.8614],[3.1514,41.8614],[3.1514,41.8613]]],[[[3.2182,41.9231],[3.2183,41.9231],[3.2182,41.9231],[3.2181,41.9231],[3.2182,41.9231]]],[[[3.1845,42.1014],[3.1844,42.1014],[3.1844,42.1015],[3.1845,42.1015],[3.1845,42.1014]]],[[[3.2046,41.897],[3.2046,41.8969],[3.2045,41.8969],[3.2045,41.897],[3.2045,41.8971],[3.2046,41.8971],[3.2046,41.897]]],[[[3.2074,41.9081],[3.2073,41.9081],[3.2072,41.9081],[3.2072,41.9082],[3.2073,41.9082],[3.2073,41.9081],[3.2074,41.9081]]],[[[3.2289,41.9697],[3.2288,41.9697],[3.2288,41.9698],[3.2289,41.9698],[3.2289,41.9697]]],[[[3.1327,41.8428],[3.1326,41.8428],[3.1326,41.8429],[3.1327,41.8429],[3.1327,41.8428]]],[[[3.221035999744356,41.943258641915364],[3.2210250158779283,41.943258641915364],[3.221007755516399,41.94325977283987],[3.2209999098975217,41.9432620346889],[3.2209936334024203,41.94326542746243],[3.220988926031094,41.943269951160474],[3.2209873569073184,41.943274474858526],[3.2209842186597677,41.94328917687717],[3.2209842186597677,41.94329370057522],[3.220985787783543,41.94329822427326],[3.2209904951548696,41.943302747971316],[3.2209983407737464,41.94330727166936],[3.2210093246401743,41.9433106644429],[3.2210312923730298,41.94331518814094],[3.2210611057247625,41.943323104612524],[3.221079935210067,41.94332536646154],[3.221087780828944,41.94332649738605],[3.221095626447821,41.943324235537034],[3.221098764695372,41.9433208427635],[3.221103472066698,41.94331518814094],[3.2211050411904734,41.94330840259387],[3.2211066103142487,41.9432914387262],[3.221103472066698,41.94328465317913],[3.2211019029429226,41.94328239133011],[3.22109248820027,41.943274474858526],[3.2210846425813933,41.943269951160474],[3.221067382219864,41.94326316561341],[3.2210579674772113,41.94326090376438],[3.221035999744356,41.943258641915364],[3.221035999744356,41.943258641915364],[3.221035999744356,41.943258641915364]]],[[[3.1379,41.8479],[3.1378,41.8479],[3.1379,41.8479],[3.138,41.8479],[3.1379,41.8479]]],[[[3.0022,41.7668],[3.0021,41.7667],[3.0021,41.7668],[3.0021,41.7669],[3.0022,41.7668]]],[[[3.2209,42.046],[3.2208,42.046],[3.2208,42.0461],[3.2209,42.0461],[3.2209,42.046]]],[[[3.2182,41.9243],[3.2181,41.9243],[3.2182,41.9243],[3.2183,41.9243],[3.2182,41.9243]]],[[[3.2119,41.9089],[3.2118,41.9089],[3.2118,41.909],[3.2119,41.909],[3.2119,41.9089]]],[[[3.0249,41.7728],[3.0249,41.7729],[3.025,41.7729],[3.025,41.7728],[3.0249,41.7728]]],[[[3.2254,42.043],[3.2254,42.0429],[3.2253,42.0429],[3.2253,42.043],[3.2254,42.043]]],[[[3.1799,41.8802],[3.1799,41.8803],[3.18,41.8803],[3.1799,41.8802]]],[[[3.0781,41.823],[3.078,41.823],[3.078,41.8231],[3.0781,41.8231],[3.0782,41.8231],[3.0782,41.823],[3.0781,41.823]]],[[[3.0472,41.7842],[3.0471,41.7842],[3.0471,41.7843],[3.0472,41.7843],[3.0472,41.7842]]],[[[3.2342,41.9624],[3.2341,41.9624],[3.2341,41.9625],[3.2342,41.9625],[3.2342,41.9624]]],[[[3.1823,42.1038],[3.1822,42.1038],[3.1822,42.1039],[3.1823,42.1039],[3.1823,42.1038]]],[[[3.0248,41.7728],[3.0247,41.7728],[3.0248,41.7729],[3.0248,41.7728]]],[[[3.2317,41.9693],[3.2316,41.9693],[3.2316,41.9694],[3.2317,41.9694],[3.2317,41.9693]]],[[[3.0478,41.7832],[3.0478,41.7831],[3.0478,41.7832],[3.0479,41.7832],[3.0478,41.7832]]],[[[3.1917,41.8897],[3.1917,41.8898],[3.1918,41.8898],[3.1918,41.8897],[3.1917,41.8897]]],[[[3.1731,42.1031],[3.173,42.1031],[3.1731,42.1031],[3.1732,42.1031],[3.1731,42.1031]]],[[[3.1836,41.8873],[3.1835,41.8873],[3.1836,41.8874],[3.1836,41.8873]]],[[[3.0455,41.7867],[3.0454,41.7867],[3.0455,41.7867],[3.0456,41.7867],[3.0455,41.7867]]],[[[3.0063390700518653,41.76987434319572],[3.00631710231901,41.76987434319572],[3.006293565462379,41.7698822596673],[3.0062747359770743,41.76989922353497],[3.0062763051008496,41.76992071110069],[3.006293565462379,41.76993654404385],[3.0063155331952345,41.76994559143995],[3.0063359318043146,41.76994785328897],[3.0063563304133947,41.76994785328897],[3.006384574641352,41.76993993681739],[3.0063908511364534,41.76992071110069],[3.0063830055175766,41.76990600908204],[3.0063782981462506,41.76989696168595],[3.0063767290224748,41.76987434319572],[3.0063390700518653,41.76987434319572]]],[[[2.9855,41.7604],[2.9854,41.7605],[2.9855,41.7605],[2.9855,41.7604]]],[[[3.1934,41.8921],[3.1933,41.8921],[3.1934,41.8921],[3.1934,41.8922],[3.1934,41.8921]]],[[[3.1929,41.8921],[3.1928,41.8921],[3.1929,41.8921],[3.1929,41.8922],[3.193,41.8922],[3.1929,41.8922],[3.1929,41.8921]]],[[[2.9761,41.7559],[2.9762,41.7559],[2.9763,41.7559],[2.9762,41.7559],[2.9761,41.7559]]],[[[3.2194,41.9349],[3.2193,41.9349],[3.2193,41.935],[3.2194,41.935],[3.2194,41.9349]]],[[[3.2044,41.8954],[3.2043,41.8954],[3.2043,41.8955],[3.2044,41.8955],[3.2044,41.8954]]],[[[3.1622,41.8611],[3.1621,41.8611],[3.1621,41.8612],[3.1622,41.8612],[3.1622,41.8611]]],[[[3.1639,41.8616],[3.1639,41.8615],[3.1639,41.8616],[3.164,41.8616],[3.1639,41.8616]]],[[[3.2307,41.9693],[3.2306,41.9693],[3.2306,41.9694],[3.2307,41.9694],[3.2307,41.9693]]],[[[3.1792,41.8786],[3.1791,41.8786],[3.1792,41.8786],[3.1792,41.8787],[3.1793,41.8786],[3.1792,41.8786]]],[[[3.2045,41.8958],[3.2045,41.8957],[3.2044,41.8958],[3.2044,41.8959],[3.2045,41.8959],[3.2045,41.8958]]],[[[3.1818,41.8811],[3.1818,41.881],[3.1818,41.8811],[3.1817,41.8811],[3.1817,41.881],[3.1817,41.8811],[3.1818,41.8811]]],[[[3.193,41.8917],[3.1929,41.8917],[3.193,41.8917],[3.1931,41.8917],[3.193,41.8917]]],[[[3.0425,41.7783],[3.0424,41.7783],[3.0425,41.7784],[3.0426,41.7784],[3.0426,41.7783],[3.0425,41.7783]]],[[[3.228108040600071,41.97002536325548],[3.228097056733643,41.97002423233097],[3.2280892111147663,41.97002649417999],[3.2280829346196644,41.970028756029016],[3.2280782272483384,41.97003441065157],[3.2280515521441564,41.97007399300948],[3.2280515521441564,41.97011018259385],[3.228053121267932,41.97012940831055],[3.228056259515483,41.9701350629331],[3.2280625360105843,41.97013958663115],[3.228068812505686,41.970141848480175],[3.228068812505686,41.970141848480175],[3.2280750890007877,41.9701441103292],[3.2280876419909905,41.97014524125371],[3.2280939184860924,41.9701441103292],[3.228100194981194,41.970141848480175],[3.2281064714762957,41.97013732478213],[3.2281111788476218,41.970131670159574],[3.228115886218948,41.9701248846125],[3.2281190244664986,41.97011583721641],[3.228126870085376,41.97009095687715],[3.2281347157042526,41.97005250544376],[3.2281331465804772,41.970046850821205],[3.228131577456702,41.97004232712315],[3.2281221627140493,41.970029886953526],[3.2281143170951725,41.97002649417999],[3.228108040600071,41.97002536325548],[3.228108040600071,41.97002536325548],[3.228108040600071,41.97002536325548]]],[[[3.1833,41.8811],[3.1832,41.8811],[3.1831,41.8811],[3.1832,41.8811],[3.1832,41.8812],[3.1833,41.8812],[3.1833,41.8811]]],[[[3.2196,41.9254],[3.2195,41.9254],[3.2194,41.9254],[3.2195,41.9254],[3.2196,41.9255],[3.2196,41.9254]]],[[[3.0937,41.8349],[3.0938,41.835],[3.0938,41.8349],[3.0937,41.8349]]],[[[3.0458,41.7797],[3.0457,41.7797],[3.0457,41.7798],[3.0458,41.7798],[3.0459,41.7798],[3.046,41.7798],[3.0459,41.7798],[3.0458,41.7798],[3.0458,41.7797]]],[[[3.1775,41.8702],[3.1774,41.8702],[3.1774,41.8703],[3.1774,41.8704],[3.1774,41.8703],[3.1775,41.8703],[3.1775,41.8702]]],[[[3.0484,41.7822],[3.0484,41.7823],[3.0485,41.7823],[3.0484,41.7822]]],[[[3.1724,41.8637],[3.1723,41.8637],[3.1723,41.8638],[3.1724,41.8638],[3.1724,41.8637]]],[[[3.0825,41.8257],[3.0824,41.8257],[3.0825,41.8258],[3.0826,41.8257],[3.0825,41.8257]]],[[[2.9814,41.7574],[2.9814,41.7575],[2.9815,41.7575],[2.9815,41.7574],[2.9814,41.7574]]],[[[3.2238,42.0445],[3.2238,42.0446],[3.2239,42.0446],[3.2238,42.0445]]],[[[3.2255,42.0427],[3.2254,42.0428],[3.2255,42.0428],[3.2255,42.0427]]],[[[3.1684,41.8634],[3.1684,41.8635],[3.1683,41.8635],[3.1683,41.8636],[3.1684,41.8636],[3.1684,41.8635],[3.1684,41.8634]]],[[[3.1506,41.8607],[3.1506,41.8608],[3.1505,41.8608],[3.1505,41.8609],[3.1506,41.8608],[3.1506,41.8607]]],[[[3.2222,42.0452],[3.2221,42.0452],[3.2221,42.0453],[3.2222,42.0453],[3.2222,42.0452]]],[[[3.0474,41.7842],[3.0473,41.7842],[3.0473,41.7843],[3.0474,41.7843],[3.0474,41.7842],[3.0475,41.7842],[3.0474,41.7842]]],[[[3.2221,41.9441],[3.222,41.9441],[3.222,41.9442],[3.2221,41.9442],[3.2222,41.9442],[3.2222,41.9441],[3.2221,41.9441]]],[[[3.2266,41.9711],[3.2265,41.9711],[3.2264,41.9711],[3.2265,41.9711],[3.2266,41.9711]]],[[[3.0738,41.8201],[3.0738,41.82],[3.0739,41.82],[3.0738,41.82],[3.0737,41.82],[3.0737,41.8201],[3.0738,41.8201],[3.0739,41.8201],[3.0738,41.8201]]],[[[3.2121,42.0678],[3.212,42.0678],[3.2121,42.0679],[3.2121,42.0678]]],[[[3.0599,41.7924],[3.0598,41.7924],[3.0599,41.7924],[3.0599,41.7925],[3.06,41.7925],[3.06,41.7924],[3.0599,41.7924]]],[[[3.0387,41.7783],[3.0386,41.7783],[3.0386,41.7784],[3.0387,41.7784],[3.0387,41.7783]]],[[[3.2309,41.9694],[3.2308,41.9693],[3.2308,41.9694],[3.2309,41.9694]]],[[[3.2299,41.9544],[3.2299,41.9545],[3.23,41.9545],[3.2299,41.9545],[3.2299,41.9544]]],[[[3.2347124825707176,41.9576654892684],[3.2346905148378617,41.95766209649487],[3.2346763927238835,41.95766435834389],[3.2346497176197015,41.95767340573998],[3.2346214733917447,41.95768245313608],[3.2345979365351134,41.957688107758635],[3.2345743996784826,41.95769376238119],[3.2345696923071565,41.95769828607924],[3.234568123183381,41.95770280977729],[3.2345728305547072,41.95771298809789],[3.2345838144211347,41.95772203549398],[3.2345979365351134,41.95772769011654],[3.2346261807630707,41.95773221381459],[3.2346544249910276,41.9577333447391],[3.2346763927238835,41.95773560658812],[3.2346967913329636,41.95773560658812],[3.234709344323167,41.95773221381459],[3.23472189731337,41.957725428267516],[3.234734450303573,41.95771977364496],[3.234737588551124,41.957697155154726],[3.234737588551124,41.957697155154726],[3.2347313120560224,41.957686976834125],[3.2347313120560224,41.95768584590961],[3.234726604684696,41.95767566758901],[3.23472189731337,41.957668882041936],[3.2347124825707176,41.9576654892684]]],[[[3.2303,41.9627],[3.2303,41.9628],[3.2304,41.9628],[3.2304,41.9627],[3.2303,41.9627]]],[[[3.2295,41.963],[3.2296,41.963],[3.2297,41.963],[3.2296,41.963],[3.2295,41.963],[3.2294,41.963],[3.2295,41.963]]],[[[3.2111,41.9169],[3.2111,41.917],[3.2112,41.917],[3.2113,41.917],[3.2113,41.9169],[3.2112,41.9169],[3.2111,41.9169]]],[[[3.004,41.7674],[3.0039,41.7674],[3.0038,41.7674],[3.0039,41.7674],[3.004,41.7674]]],[[[3.218,41.9376],[3.2179,41.9376],[3.2178,41.9376],[3.2179,41.9377],[3.218,41.9377],[3.218,41.9376]]],[[[3.2294,41.9627],[3.2295,41.9627],[3.2295,41.9628],[3.2296,41.9628],[3.2297,41.9628],[3.2296,41.9628],[3.2296,41.9627],[3.2295,41.9627],[3.2294,41.9627]]],[[[3.2272,41.9445],[3.2273,41.9445],[3.2273,41.9444],[3.2272,41.9444],[3.2272,41.9445],[3.2271,41.9445],[3.2272,41.9445]]],[[[3.2335,41.9622],[3.2335,41.9623],[3.2334,41.9623],[3.2335,41.9623],[3.2336,41.9623],[3.2336,41.9622],[3.2335,41.9622]]],[[[3.1831,41.8819],[3.183,41.8819],[3.1829,41.8819],[3.1829,41.882],[3.183,41.882],[3.1831,41.882],[3.1831,41.8819]]],[[[3.2263,41.9716],[3.2264,41.9716],[3.2264,41.9715],[3.2263,41.9715],[3.2262,41.9715],[3.2262,41.9716],[3.2263,41.9716]]],[[[3.1694,41.8628],[3.1693,41.8628],[3.1692,41.8628],[3.1692,41.8629],[3.1693,41.8629],[3.1693,41.8628],[3.1694,41.8628]]],[[[3.2301,41.9544],[3.23,41.9544],[3.23,41.9545],[3.2301,41.9545],[3.2302,41.9545],[3.2302,41.9544],[3.2301,41.9544]]],[[[3.1777,41.8693],[3.1777,41.8692],[3.1776,41.8692],[3.1776,41.8693],[3.1775,41.8693],[3.1776,41.8693],[3.1777,41.8693]]],[[[3.0794,41.8234],[3.0793,41.8234],[3.0792,41.8234],[3.0793,41.8234],[3.0793,41.8235],[3.0794,41.8235],[3.0794,41.8234]]],[[[3.0474,41.7845],[3.0473,41.7845],[3.0474,41.7846],[3.0475,41.7846],[3.0474,41.7845]]],[[[3.0021,41.766],[3.002,41.766],[3.0019,41.766],[3.002,41.766],[3.0021,41.766]]],[[[3.2314,41.9688],[3.2314,41.9689],[3.2315,41.9689],[3.2315,41.9688],[3.2314,41.9688]]],[[[3.1794,41.8793],[3.1794,41.8794],[3.1793,41.8794],[3.1792,41.8794],[3.1793,41.8794],[3.1794,41.8794],[3.1794,41.8793]]],[[[3.2127,41.9764],[3.2128,41.9764],[3.2128,41.9763],[3.2127,41.9763],[3.2126,41.9764],[3.2127,41.9764]]],[[[3.2116,42.0545],[3.2115,42.0545],[3.2116,42.0546],[3.2116,42.0545],[3.2117,42.0545],[3.2116,42.0545]]],[[[3.1862,41.8625],[3.1861,41.8625],[3.1862,41.8626],[3.1863,41.8626],[3.1862,41.8626],[3.1862,41.8625],[3.1863,41.8625],[3.1862,41.8625]]],[[[3.1904,41.8878],[3.1905,41.8878],[3.1905,41.8877],[3.1904,41.8877],[3.1904,41.8878]]],[[[3.1994,41.8916],[3.1993,41.8916],[3.1993,41.8917],[3.1994,41.8916],[3.1995,41.8916],[3.1994,41.8916]]],[[[3.22,41.9191],[3.2199,41.9191],[3.2199,41.919],[3.2198,41.919],[3.2198,41.9191],[3.2199,41.9191],[3.2199,41.9192],[3.22,41.9191]]],[[[3.0026,41.7667],[3.0025,41.7667],[3.0025,41.7668],[3.0026,41.7668],[3.0027,41.7668],[3.0026,41.7667]]],[[[3.0019,41.7662],[3.0019,41.7661],[3.0018,41.7661],[3.0018,41.7662],[3.0018,41.7663],[3.0019,41.7663],[3.0019,41.7662]]],[[[3.1765,41.866],[3.1765,41.8659],[3.1764,41.8659],[3.1764,41.866],[3.1765,41.866]]],[[[3.0457,41.7863],[3.0456,41.7863],[3.0456,41.7862],[3.0455,41.7862],[3.0455,41.7863],[3.0456,41.7863],[3.0457,41.7863]]],[[[3.2171,41.9342],[3.217,41.9341],[3.217,41.9342],[3.2169,41.9342],[3.217,41.9342],[3.2171,41.9342]]],[[[3.0889,41.8316],[3.089,41.8316],[3.0889,41.8316],[3.0889,41.8315],[3.0888,41.8315],[3.0888,41.8316],[3.0888,41.8317],[3.0889,41.8316]]],[[[3.2062,41.9],[3.2061,41.9],[3.206,41.9],[3.206,41.9001],[3.2061,41.9001],[3.2062,41.9]]],[[[3.0903,41.8323],[3.0903,41.8322],[3.0902,41.8322],[3.0902,41.8323],[3.0903,41.8323]]],[[[3.1792,41.8751],[3.1791,41.8751],[3.1791,41.8752],[3.1792,41.8752],[3.1792,41.8751]]],[[[3.1786,41.8673],[3.1785,41.8673],[3.1785,41.8674],[3.1786,41.8674],[3.1786,41.8673]]],[[[3.1905,41.8879],[3.1904,41.8879],[3.1903,41.8879],[3.1904,41.8879],[3.1904,41.888],[3.1905,41.8879]]],[[[3.1899,41.8877],[3.1899,41.8878],[3.1899,41.8879],[3.19,41.8879],[3.19,41.8878],[3.1899,41.8877]]],[[[3.2162,41.9302],[3.2161,41.9302],[3.216,41.9302],[3.2159,41.9302],[3.216,41.9302],[3.2161,41.9302],[3.2162,41.9302]]],[[[3.0456,41.7868],[3.0455,41.7868],[3.0454,41.7868],[3.0455,41.7868],[3.0456,41.7868]]],[[[3.0439,41.7799],[3.044,41.7799],[3.0439,41.7799],[3.0438,41.7799],[3.0437,41.7799],[3.0438,41.7799],[3.0439,41.7799]]],[[[3.1698,41.8627],[3.1697,41.8627],[3.1697,41.8628],[3.1696,41.8628],[3.1696,41.8629],[3.1697,41.8629],[3.1697,41.8628],[3.1698,41.8628],[3.1698,41.8627]]],[[[3.0614,41.7959],[3.0613,41.7959],[3.0612,41.7959],[3.0613,41.7959],[3.0613,41.796],[3.0614,41.796],[3.0615,41.796],[3.0615,41.7959],[3.0614,41.7959]]],[[[3.0794,41.8238],[3.0793,41.8238],[3.0793,41.8239],[3.0793,41.824],[3.0794,41.824],[3.0794,41.8239],[3.0794,41.8238]]],[[[3.1746,41.8654],[3.1746,41.8655],[3.1746,41.8656],[3.1747,41.8656],[3.1747,41.8655],[3.1746,41.8655],[3.1746,41.8654]]],[[[3.0488,41.78],[3.0487,41.78],[3.0488,41.78],[3.0489,41.78],[3.049,41.78],[3.0489,41.78],[3.0488,41.78]]],[[[3.1932,41.8921],[3.1931,41.8921],[3.1931,41.8922],[3.193,41.8922],[3.1931,41.8922],[3.1932,41.8922],[3.1932,41.8921]]],[[[3.2272,41.9445],[3.2271,41.9445],[3.2271,41.9446],[3.227,41.9446],[3.2271,41.9446],[3.2272,41.9446],[3.2272,41.9445]]],[[[3.2163,41.9212],[3.2162,41.9212],[3.2161,41.9212],[3.2161,41.9213],[3.2162,41.9213],[3.2163,41.9213],[3.2163,41.9212]]],[[[3.1778,41.8687],[3.1777,41.8687],[3.1777,41.8688],[3.1777,41.8689],[3.1778,41.8689],[3.1778,41.8688],[3.1778,41.8687]]],[[[3.0018,41.7655],[3.0018,41.7656],[3.0019,41.7656],[3.002,41.7656],[3.002,41.7655],[3.0019,41.7655],[3.0018,41.7655]]],[[[3.227,41.9445],[3.2269,41.9445],[3.2269,41.9446],[3.227,41.9446],[3.2271,41.9445],[3.227,41.9445]]],[[[3.2312,41.96],[3.2311,41.96],[3.2311,41.9601],[3.2312,41.9601],[3.2313,41.96],[3.2312,41.96]]],[[[3.2046,41.8954],[3.2045,41.8955],[3.2045,41.8956],[3.2046,41.8956],[3.2046,41.8955],[3.2046,41.8954]]],[[[3.1794,41.8719],[3.1794,41.872],[3.1793,41.872],[3.1794,41.872],[3.1794,41.8721],[3.1794,41.872],[3.1795,41.872],[3.1794,41.8719]]],[[[3.2335,41.9621],[3.2334,41.9621],[3.2334,41.9622],[3.2335,41.9622],[3.2335,41.9621]]],[[[3.1754,41.863],[3.1754,41.8631],[3.1753,41.8631],[3.1754,41.8631],[3.1754,41.8632],[3.1754,41.8631],[3.1755,41.8631],[3.1754,41.863]]],[[[3.1502,41.8584],[3.1502,41.8583],[3.1501,41.8584],[3.15,41.8584],[3.15,41.8585],[3.1501,41.8585],[3.1502,41.8585],[3.1502,41.8584]]],[[[3.0786,41.8232],[3.0786,41.8233],[3.0787,41.8233],[3.0787,41.8232],[3.0786,41.8232]]],[[[3.2042,41.8962],[3.2042,41.8961],[3.2041,41.8961],[3.2041,41.8962],[3.204,41.8962],[3.2041,41.8962],[3.2042,41.8962]]],[[[3.1849,42.1007],[3.1848,42.1008],[3.1849,42.1008],[3.185,42.1008],[3.1849,42.1007]]],[[[3.046,41.787],[3.0459,41.787],[3.0459,41.7871],[3.046,41.7871],[3.0461,41.7871],[3.046,41.787]]],[[[3.2164,41.9378],[3.2163,41.9378],[3.2162,41.9378],[3.2162,41.9379],[3.2163,41.9379],[3.2164,41.9378]]],[[[3.1423,41.849],[3.1422,41.849],[3.1421,41.849],[3.1422,41.849],[3.1421,41.849],[3.1421,41.8491],[3.1422,41.8491],[3.1423,41.8491],[3.1423,41.849]]],[[[3.1655,41.8619],[3.1654,41.8619],[3.1654,41.862],[3.1655,41.862],[3.1656,41.862],[3.1655,41.8619]]],[[[3.1952,42.0868],[3.1951,42.0868],[3.1951,42.0869],[3.1952,42.0869],[3.1953,42.0869],[3.1952,42.0868]]],[[[2.9755,41.7545],[2.9756,41.7545],[2.9755,41.7545],[2.9754,41.7545],[2.9753,41.7545],[2.9752,41.7545],[2.9751,41.7545],[2.9751,41.7546],[2.9752,41.7546],[2.9753,41.7546],[2.9753,41.7545],[2.9754,41.7545],[2.9755,41.7545]]],[[[3.0237,41.7728],[3.0236,41.7728],[3.0236,41.7729],[3.0237,41.7729],[3.0237,41.773],[3.0237,41.7729],[3.0237,41.7728]]],[[[3.2314,41.9689],[3.2313,41.9689],[3.2313,41.969],[3.2314,41.969],[3.2315,41.969],[3.2315,41.9689],[3.2314,41.9689]]],[[[3.0039,41.7676],[3.0039,41.7675],[3.0038,41.7675],[3.0038,41.7676],[3.0037,41.7676],[3.0036,41.7676],[3.0037,41.7676],[3.0038,41.7676],[3.0039,41.7676]]],[[[3.0443,41.7794],[3.0443,41.7793],[3.0444,41.7793],[3.0443,41.7793],[3.0442,41.7793],[3.0441,41.7793],[3.0442,41.7793],[3.0442,41.7794],[3.0442,41.7793],[3.0443,41.7794]]],[[[3.0459,41.7874],[3.0459,41.7875],[3.0459,41.7876],[3.046,41.7876],[3.046,41.7875],[3.046,41.7874],[3.0459,41.7874]]],[[[3.079,41.8228],[3.0789,41.8228],[3.0789,41.8229],[3.079,41.8229],[3.0791,41.8229],[3.0791,41.8228],[3.079,41.8228]]],[[[3.0932,41.8326],[3.0932,41.8325],[3.0931,41.8325],[3.0931,41.8326],[3.0931,41.8327],[3.0932,41.8327],[3.0932,41.8326]]],[[[3.187,42.0999],[3.1871,42.0999],[3.1871,42.0998],[3.187,42.0998],[3.1869,42.0998],[3.1869,42.0999],[3.1869,42.1],[3.187,42.1],[3.187,42.0999]]],[[[3.1788,41.8718],[3.1789,41.8718],[3.1788,41.8718],[3.1787,41.8718],[3.1787,41.8717],[3.1786,41.8717],[3.1787,41.8718],[3.1788,41.8718]]],[[[3.1952,42.087],[3.1951,42.0869],[3.195,42.087],[3.1951,42.087],[3.1951,42.0871],[3.1952,42.087]]],[[[3.0249,41.7729],[3.0248,41.7729],[3.0247,41.7729],[3.0247,41.773],[3.0248,41.773],[3.0249,41.773],[3.0249,41.7729]]],[[[3.1883,42.0953],[3.1882,42.0953],[3.1882,42.0954],[3.1883,42.0954],[3.1884,42.0954],[3.1883,42.0953]]],[[[3.1784,41.8722],[3.1783,41.8722],[3.1783,41.8723],[3.1784,41.8723],[3.1784,41.8722]]],[[[3.0794,41.8236],[3.0794,41.8235],[3.0793,41.8235],[3.0792,41.8235],[3.0791,41.8235],[3.0792,41.8235],[3.0792,41.8236],[3.0793,41.8236],[3.0794,41.8236]]],[[[3.1482,41.8578],[3.1481,41.8578],[3.1481,41.8579],[3.1481,41.858],[3.1482,41.858],[3.1482,41.8579],[3.1482,41.8578]]],[[[3.086,41.8256],[3.0859,41.8257],[3.0859,41.8258],[3.086,41.8258],[3.086,41.8257],[3.0861,41.8257],[3.0861,41.8256],[3.086,41.8256]]],[[[3.2254,41.9729],[3.2255,41.9729],[3.2254,41.9729],[3.2254,41.9728],[3.2253,41.9728],[3.2253,41.9729],[3.2253,41.973],[3.2254,41.973],[3.2254,41.9729]]],[[[3.045,41.7799],[3.0449,41.7799],[3.0449,41.78],[3.045,41.78],[3.0451,41.78],[3.0452,41.78],[3.0451,41.7799],[3.045,41.7799]]],[[[3.133,41.8433],[3.133,41.8432],[3.1329,41.8432],[3.1328,41.8432],[3.1328,41.8433],[3.1329,41.8433],[3.133,41.8433]]],[[[3.2123,42.054],[3.2122,42.0539],[3.2122,42.054],[3.2121,42.054],[3.2122,42.0541],[3.2123,42.0541],[3.2123,42.054]]],[[[3.1864,41.8625],[3.1864,41.8624],[3.1863,41.8624],[3.1862,41.8624],[3.1862,41.8625],[3.1863,41.8625],[3.1863,41.8626],[3.1863,41.8625],[3.1864,41.8625]]],[[[3.1933,41.8902],[3.1934,41.8902],[3.1934,41.8901],[3.1933,41.8901],[3.1933,41.8902],[3.1932,41.8902],[3.1932,41.8903],[3.1933,41.8903],[3.1933,41.8902]]],[[[3.1507,41.8582],[3.1507,41.8581],[3.1506,41.8581],[3.1506,41.8582],[3.1507,41.8582],[3.1508,41.8582],[3.1508,41.8583],[3.1509,41.8583],[3.1509,41.8582],[3.1508,41.8582],[3.1507,41.8582]]],[[[3.2338,41.9623],[3.2337,41.9623],[3.2338,41.9624],[3.2339,41.9624],[3.234,41.9624],[3.234,41.9623],[3.2339,41.9623],[3.2338,41.9623]]],[[[3.079,41.823],[3.0789,41.823],[3.079,41.8231],[3.079,41.8232],[3.0791,41.8232],[3.0791,41.8231],[3.0791,41.823],[3.079,41.823]]],[[[3.0468,41.7836],[3.0467,41.7836],[3.0467,41.7837],[3.0468,41.7837],[3.0469,41.7837],[3.0469,41.7836],[3.0468,41.7836]]],[[[3.1379,41.8476],[3.1379,41.8477],[3.1379,41.8478],[3.138,41.8479],[3.138,41.8478],[3.1379,41.8478],[3.1379,41.8477],[3.138,41.8477],[3.138,41.8476],[3.1379,41.8476]]],[[[3.1478,41.8576],[3.1477,41.8576],[3.1477,41.8577],[3.1478,41.8578],[3.1479,41.8577],[3.1478,41.8577],[3.1479,41.8577],[3.1479,41.8576],[3.1478,41.8576]]],[[[3.1497,41.8583],[3.1497,41.8582],[3.1496,41.8582],[3.1495,41.8582],[3.1495,41.8583],[3.1496,41.8583],[3.1497,41.8583]]],[[[3.231,41.9683],[3.231,41.9682],[3.2309,41.9682],[3.2309,41.9683],[3.2309,41.9682],[3.2309,41.9683],[3.2308,41.9683],[3.2309,41.9683],[3.2309,41.9684],[3.231,41.9684],[3.231,41.9683],[3.2311,41.9683],[3.231,41.9683]]],[[[3.1978,41.8921],[3.1977,41.8921],[3.1977,41.8922],[3.1977,41.8923],[3.1978,41.8923],[3.1978,41.8922],[3.1979,41.8922],[3.1979,41.8921],[3.1978,41.8921]]],[[[3.0461,41.7872],[3.0461,41.7873],[3.046,41.7873],[3.046,41.7874],[3.0461,41.7874],[3.0462,41.7874],[3.0462,41.7873],[3.0461,41.7872]]],[[[3.1876,41.8627],[3.1876,41.8626],[3.1875,41.8626],[3.1874,41.8626],[3.1874,41.8627],[3.1875,41.8627],[3.1875,41.8628],[3.1875,41.8629],[3.1876,41.8629],[3.1876,41.8628],[3.1876,41.8627]]],[[[3.0456,41.7796],[3.0456,41.7795],[3.0455,41.7795],[3.0455,41.7796],[3.0454,41.7796],[3.0455,41.7796],[3.0456,41.7797],[3.0456,41.7796],[3.0457,41.7796],[3.0456,41.7796]]],[[[2.9969,41.7628],[2.9968,41.7628],[2.9968,41.7629],[2.9967,41.7629],[2.9968,41.7629],[2.9969,41.7629],[2.997,41.7629],[2.997,41.7628],[2.9969,41.7628]]],[[[3.2081,41.9082],[3.2081,41.9081],[3.208,41.9081],[3.2079,41.9082],[3.2078,41.9082],[3.2077,41.9082],[3.2078,41.9082],[3.2079,41.9082],[3.208,41.9082],[3.2081,41.9082]]],[[[3.0562,41.7869],[3.0563,41.7869],[3.0564,41.7869],[3.0564,41.7868],[3.0563,41.7868],[3.0562,41.7868],[3.0561,41.7868],[3.0561,41.7869],[3.0562,41.7869]]],[[[3.217,41.9218],[3.2169,41.9218],[3.2168,41.9218],[3.2169,41.9218],[3.217,41.9218],[3.217,41.9219],[3.2169,41.9219],[3.217,41.9219],[3.2171,41.9219],[3.2171,41.9218],[3.217,41.9218]]],[[[3.2267,41.9462],[3.2266,41.9462],[3.2265,41.9463],[3.2266,41.9463],[3.2267,41.9463],[3.2268,41.9463],[3.2267,41.9462]]],[[[3.1851,41.8627],[3.1851,41.8626],[3.1851,41.8627],[3.185,41.8627],[3.1849,41.8627],[3.185,41.8627],[3.185,41.8628],[3.1851,41.8628],[3.1851,41.8627]]],[[[3.141,41.8483],[3.141,41.8482],[3.1409,41.8482],[3.1408,41.8482],[3.1408,41.8483],[3.1409,41.8483],[3.141,41.8483]]],[[[3.0021,41.7649],[3.0021,41.7648],[3.002,41.7648],[3.0019,41.7648],[3.0019,41.7649],[3.002,41.7649],[3.0021,41.7649]]],[[[3.159,41.8595],[3.1589,41.8595],[3.1589,41.8594],[3.1588,41.8594],[3.1588,41.8595],[3.1589,41.8595],[3.159,41.8595]]],[[[3.1489,41.858],[3.1489,41.8581],[3.1488,41.8581],[3.1488,41.8582],[3.1489,41.8582],[3.1489,41.8583],[3.1489,41.8582],[3.149,41.8582],[3.149,41.8581],[3.1489,41.858]]],[[[3.1508,41.8603],[3.1509,41.8603],[3.1509,41.8602],[3.1508,41.8602],[3.1507,41.8602],[3.1507,41.8603],[3.1508,41.8603],[3.1507,41.8603],[3.1508,41.8603]]],[[[3.1936,41.8902],[3.1935,41.8902],[3.1935,41.8903],[3.1934,41.8903],[3.1935,41.8903],[3.1935,41.8904],[3.1936,41.8904],[3.1937,41.8904],[3.1937,41.8903],[3.1936,41.8903],[3.1935,41.8903],[3.1936,41.8903],[3.1936,41.8902]]],[[[3.2204,41.935],[3.2203,41.935],[3.2202,41.9351],[3.2201,41.9351],[3.2201,41.9352],[3.2202,41.9352],[3.2203,41.9351],[3.2204,41.9351],[3.2204,41.935]]],[[[2.9721,41.7528],[2.9722,41.7528],[2.9723,41.7528],[2.9723,41.7527],[2.9722,41.7527],[2.9721,41.7527],[2.972,41.7527],[2.972,41.7528],[2.9721,41.7528]]],[[[3.1865,41.8628],[3.1866,41.8628],[3.1865,41.8627],[3.1864,41.8627],[3.1864,41.8628],[3.1865,41.8628]]],[[[3.1793,41.8775],[3.1792,41.8775],[3.1792,41.8776],[3.1793,41.8776],[3.1794,41.8776],[3.1794,41.8775],[3.1793,41.8775]]],[[[3.2313,41.9564],[3.2312,41.9564],[3.2313,41.9564],[3.2313,41.9565],[3.2314,41.9565],[3.2315,41.9565],[3.2315,41.9564],[3.2314,41.9564],[3.2313,41.9564]]],[[[3.1518,41.8611],[3.1517,41.8611],[3.1518,41.8612],[3.1519,41.8612],[3.1519,41.8613],[3.1519,41.8612],[3.152,41.8612],[3.1519,41.8612],[3.1519,41.8611],[3.1518,41.8611]]],[[[3.1793,41.8719],[3.1793,41.8718],[3.1792,41.8718],[3.1792,41.8719],[3.1791,41.8719],[3.1791,41.872],[3.1792,41.872],[3.1793,41.8719]]],[[[3.047,41.7835],[3.0471,41.7835],[3.047,41.7835],[3.0469,41.7835],[3.0468,41.7835],[3.0468,41.7834],[3.0467,41.7835],[3.0468,41.7835],[3.0469,41.7835],[3.047,41.7835]]],[[[3.0449,41.7798],[3.045,41.7798],[3.045,41.7799],[3.0451,41.7799],[3.0452,41.7799],[3.0451,41.7798],[3.045,41.7798],[3.0449,41.7798]]],[[[3.0456,41.7799],[3.0456,41.78],[3.0457,41.78],[3.0458,41.78],[3.0459,41.78],[3.0458,41.78],[3.0458,41.7799],[3.0457,41.7799],[3.0456,41.7799]]],[[[3.0847,41.8275],[3.0846,41.8275],[3.0846,41.8276],[3.0846,41.8277],[3.0847,41.8277],[3.0847,41.8276],[3.0848,41.8276],[3.0848,41.8275],[3.0847,41.8275]]],[[[3.1655,41.8624],[3.1656,41.8624],[3.1656,41.8623],[3.1655,41.8623],[3.1654,41.8622],[3.1654,41.8623],[3.1654,41.8624],[3.1655,41.8624]]],[[[3.2298,41.9702],[3.2299,41.9702],[3.23,41.9702],[3.23,41.9701],[3.2299,41.9701],[3.2298,41.9701],[3.2297,41.9701],[3.2297,41.9702],[3.2296,41.9702],[3.2297,41.9702],[3.2298,41.9702]]],[[[3.1933,41.8923],[3.1932,41.8923],[3.1932,41.8924],[3.1933,41.8924],[3.1934,41.8924],[3.1934,41.8923],[3.1933,41.8923]]],[[[3.2182,41.939],[3.2182,41.9389],[3.2181,41.9389],[3.218,41.9389],[3.2179,41.9389],[3.2179,41.939],[3.218,41.939],[3.2181,41.939],[3.2182,41.939]]],[[[3.0607,41.7937],[3.0607,41.7936],[3.0606,41.7936],[3.0606,41.7937],[3.0606,41.7936],[3.0605,41.7936],[3.0604,41.7936],[3.0605,41.7936],[3.0605,41.7937],[3.0606,41.7937],[3.0607,41.7937],[3.0607,41.7938],[3.0608,41.7938],[3.0608,41.7937],[3.0607,41.7937]]],[[[3.1906,41.8876],[3.1907,41.8876],[3.1907,41.8875],[3.1906,41.8875],[3.1905,41.8875],[3.1904,41.8875],[3.1905,41.8876],[3.1906,41.8877],[3.1906,41.8876]]],[[[3.2177,41.9387],[3.2177,41.9386],[3.2176,41.9386],[3.2176,41.9387],[3.2175,41.9387],[3.2176,41.9388],[3.2177,41.9388],[3.2177,41.9387]]],[[[3.0782,41.8224],[3.0781,41.8224],[3.0781,41.8225],[3.0782,41.8225],[3.0782,41.8226],[3.0783,41.8226],[3.0783,41.8225],[3.0782,41.8224]]],[[[3.2167,41.9211],[3.2166,41.9211],[3.2166,41.9212],[3.2167,41.9212],[3.2167,41.9213],[3.2168,41.9213],[3.2169,41.9213],[3.2168,41.9212],[3.2167,41.9211]]],[[[3.213,42.0587],[3.2131,42.0587],[3.2132,42.0587],[3.2132,42.0586],[3.2131,42.0586],[3.213,42.0586],[3.213,42.0587]]],[[[3.2104,41.917],[3.2105,41.917],[3.2105,41.9169],[3.2104,41.9169],[3.2103,41.9169],[3.2103,41.9168],[3.2103,41.9169],[3.2103,41.917],[3.2104,41.917]]],[[[3.1709,41.8631],[3.1708,41.8631],[3.1708,41.8632],[3.1707,41.8632],[3.1708,41.8633],[3.1709,41.8632],[3.171,41.8632],[3.171,41.8631],[3.1709,41.8631]]],[[[3.2102,41.9046],[3.2102,41.9045],[3.2102,41.9046],[3.2101,41.9046],[3.2101,41.9047],[3.2101,41.9048],[3.2101,41.9049],[3.2101,41.9048],[3.2102,41.9048],[3.2102,41.9047],[3.2102,41.9046]]],[[[3.08,41.8238],[3.0799,41.8238],[3.0799,41.8239],[3.0799,41.824],[3.08,41.824],[3.0801,41.824],[3.0801,41.8239],[3.0802,41.8239],[3.0801,41.8239],[3.0801,41.8238],[3.08,41.8238]]],[[[3.1695,41.8629],[3.1695,41.8628],[3.1694,41.8629],[3.1693,41.8629],[3.1693,41.863],[3.1693,41.8631],[3.1694,41.8631],[3.1694,41.863],[3.1695,41.863],[3.1695,41.8629]]],[[[3.2184,41.974],[3.2183,41.974],[3.2182,41.974],[3.2182,41.9741],[3.2183,41.9741],[3.2184,41.9741],[3.2184,41.974],[3.2185,41.974],[3.2184,41.974]]],[[[3.2189,41.9261],[3.2188,41.9261],[3.2187,41.9261],[3.2188,41.9261],[3.2188,41.9262],[3.2187,41.9262],[3.2188,41.9263],[3.2189,41.9262],[3.219,41.9262],[3.2189,41.9261]]],[[[3.2056,41.8996],[3.2056,41.8995],[3.2055,41.8995],[3.2054,41.8995],[3.2053,41.8995],[3.2053,41.8996],[3.2054,41.8996],[3.2054,41.8997],[3.2055,41.8997],[3.2055,41.8996],[3.2056,41.8996]]],[[[3.0946,41.836],[3.0946,41.8359],[3.0945,41.8359],[3.0944,41.8359],[3.0944,41.836],[3.0943,41.836],[3.0944,41.836],[3.0945,41.836],[3.0946,41.836]]],[[[3.2264,41.9461],[3.2264,41.946],[3.2264,41.9461],[3.2263,41.9461],[3.2263,41.946],[3.2263,41.9461],[3.2262,41.9461],[3.2262,41.9462],[3.2263,41.9462],[3.2264,41.9462],[3.2264,41.9461]]],[[[3.2191,41.9254],[3.2192,41.9254],[3.2193,41.9254],[3.2194,41.9254],[3.2193,41.9254],[3.2192,41.9253],[3.2191,41.9253],[3.219,41.9253],[3.2189,41.9253],[3.2189,41.9254],[3.219,41.9254],[3.2191,41.9254]]],[[[3.2157,41.9298],[3.2156,41.9297],[3.2155,41.9297],[3.2154,41.9297],[3.2153,41.9297],[3.2153,41.9298],[3.2154,41.9298],[3.2155,41.9298],[3.2156,41.9298],[3.2157,41.9298]]],[[[3.2087,41.9069],[3.2086,41.9069],[3.2086,41.9068],[3.2086,41.9069],[3.2086,41.9068],[3.2085,41.9068],[3.2085,41.9069],[3.2084,41.9069],[3.2084,41.907],[3.2085,41.907],[3.2085,41.9071],[3.2085,41.907],[3.2086,41.907],[3.2087,41.907],[3.2087,41.9069]]],[[[3.1875,41.8621],[3.1876,41.8621],[3.1876,41.862],[3.1877,41.862],[3.1877,41.8619],[3.1876,41.8619],[3.1875,41.8619],[3.1875,41.862],[3.1874,41.862],[3.1874,41.8621],[3.1875,41.8621]]],[[[2.9813,41.7576],[2.9814,41.7576],[2.9815,41.7576],[2.9815,41.7575],[2.9814,41.7575],[2.9813,41.7575],[2.9812,41.7575],[2.9812,41.7576],[2.9811,41.7576],[2.9811,41.7577],[2.9812,41.7577],[2.9812,41.7576],[2.9813,41.7576]]],[[[3.1674,41.8633],[3.1674,41.8632],[3.1675,41.8632],[3.1674,41.8631],[3.1673,41.8631],[3.1672,41.8631],[3.1672,41.8632],[3.1673,41.8632],[3.1673,41.8633],[3.1673,41.8632],[3.1673,41.8633],[3.1674,41.8633]]],[[[3.19,41.8875],[3.1899,41.8875],[3.1899,41.8876],[3.19,41.8876],[3.19,41.8877],[3.19,41.8878],[3.1901,41.8878],[3.1901,41.8877],[3.1901,41.8876],[3.19,41.8876],[3.19,41.8875]]],[[[3.2321,41.9571],[3.2322,41.9571],[3.2321,41.957],[3.232,41.957],[3.2319,41.957],[3.2319,41.9571],[3.232,41.9571],[3.232,41.9572],[3.2321,41.9572],[3.2321,41.9571]]],[[[3.2204,41.9742],[3.2205,41.9742],[3.2205,41.9743],[3.2206,41.9744],[3.2207,41.9744],[3.2208,41.9744],[3.2208,41.9743],[3.2207,41.9743],[3.2206,41.9743],[3.2206,41.9742],[3.2205,41.9742],[3.2204,41.9742]]],[[[3.1829,41.882],[3.1828,41.882],[3.1827,41.8821],[3.1828,41.8821],[3.1829,41.8822],[3.183,41.8821],[3.1829,41.8821],[3.1829,41.882],[3.183,41.882],[3.1829,41.882]]],[[[3.0592,41.7921],[3.0592,41.7922],[3.0593,41.7922],[3.0594,41.7922],[3.0595,41.7923],[3.0596,41.7923],[3.0595,41.7923],[3.0595,41.7922],[3.0594,41.7922],[3.0594,41.7921],[3.0593,41.7921],[3.0592,41.7921]]],[[[3.1794,41.8778],[3.1793,41.8778],[3.1792,41.8778],[3.1792,41.8779],[3.1793,41.8779],[3.1794,41.8779],[3.1794,41.878],[3.1794,41.8779],[3.1795,41.8779],[3.1795,41.8778],[3.1794,41.8778]]],[[[3.183,41.8812],[3.1829,41.8812],[3.183,41.8813],[3.183,41.8814],[3.1831,41.8814],[3.1832,41.8814],[3.1832,41.8813],[3.1832,41.8812],[3.1831,41.8812],[3.183,41.8812]]],[[[3.218,41.9218],[3.218,41.9217],[3.2179,41.9217],[3.218,41.9217],[3.218,41.9216],[3.2181,41.9216],[3.218,41.9216],[3.2179,41.9216],[3.2179,41.9217],[3.2178,41.9217],[3.2179,41.9217],[3.2178,41.9217],[3.2177,41.9218],[3.2178,41.9218],[3.2179,41.9218],[3.218,41.9218]]],[[[3.0474,41.7842],[3.0475,41.7842],[3.0476,41.7842],[3.0475,41.7842],[3.0475,41.7841],[3.0474,41.7841],[3.0473,41.7841],[3.0472,41.7841],[3.0471,41.7841],[3.047,41.7841],[3.047,41.7842],[3.0471,41.7842],[3.0472,41.7842],[3.0473,41.7842],[3.0474,41.7842]]],[[[3.2341,41.9623],[3.2341,41.9622],[3.234,41.9622],[3.2339,41.9622],[3.2338,41.9622],[3.2338,41.9623],[3.2339,41.9623],[3.234,41.9623],[3.2341,41.9623]]],[[[3.2065,41.8996],[3.2064,41.8997],[3.2063,41.8997],[3.2062,41.8997],[3.2062,41.8998],[3.2061,41.8998],[3.2062,41.8998],[3.2063,41.8998],[3.2064,41.8998],[3.2064,41.8997],[3.2065,41.8997],[3.2065,41.8996]]],[[[3.0601,41.7928],[3.06,41.7928],[3.06,41.7929],[3.06,41.793],[3.0601,41.793],[3.0601,41.7931],[3.0602,41.7931],[3.0603,41.7931],[3.0602,41.7931],[3.0602,41.793],[3.0601,41.793],[3.0601,41.7929],[3.0601,41.7928]]],[[[3.2238,42.0444],[3.2239,42.0444],[3.2239,42.0445],[3.2239,42.0444],[3.224,42.0444],[3.224,42.0443],[3.2239,42.0443],[3.2238,42.0443],[3.2238,42.0444],[3.2237,42.0444],[3.2237,42.0443],[3.2237,42.0444],[3.2237,42.0445],[3.2237,42.0444],[3.2238,42.0444]]],[[[3.1657,41.8621],[3.1656,41.8621],[3.1656,41.8622],[3.1656,41.8623],[3.1656,41.8624],[3.1657,41.8624],[3.1657,41.8623],[3.1657,41.8622],[3.1657,41.8621]]],[[[3.1785,41.8713],[3.1784,41.8713],[3.1784,41.8714],[3.1785,41.8715],[3.1786,41.8715],[3.1786,41.8714],[3.1785,41.8714],[3.1786,41.8714],[3.1786,41.8713],[3.1785,41.8713]]],[[[3.0792,41.8224],[3.0792,41.8223],[3.0791,41.8223],[3.079,41.8223],[3.079,41.8222],[3.0789,41.8222],[3.0789,41.8223],[3.079,41.8223],[3.079,41.8224],[3.0789,41.8224],[3.079,41.8224],[3.0791,41.8224],[3.0792,41.8224]]],[[[3.0409,41.7783],[3.041,41.7783],[3.0411,41.7783],[3.041,41.7782],[3.0409,41.7782],[3.0408,41.7782],[3.0407,41.7782],[3.0406,41.7782],[3.0405,41.7782],[3.0406,41.7783],[3.0407,41.7783],[3.0408,41.7783],[3.0409,41.7783]]],[[[3.1835,41.8815],[3.1835,41.8814],[3.1834,41.8814],[3.1835,41.8814],[3.1835,41.8813],[3.1834,41.8813],[3.1834,41.8812],[3.1834,41.8811],[3.1833,41.8811],[3.1833,41.8812],[3.1833,41.8813],[3.1834,41.8814],[3.1833,41.8814],[3.1832,41.8814],[3.1833,41.8815],[3.1834,41.8815],[3.1834,41.8816],[3.1835,41.8816],[3.1835,41.8815]]],[[[3.2258,42.0422],[3.2258,42.0421],[3.2257,42.0421],[3.2257,42.0422],[3.2256,42.0422],[3.2256,42.0423],[3.2256,42.0424],[3.2257,42.0424],[3.2258,42.0424],[3.2258,42.0423],[3.2258,42.0422]]],[[[3.0431,41.7785],[3.043,41.7785],[3.043,41.7784],[3.0429,41.7784],[3.0428,41.7784],[3.0427,41.7784],[3.0426,41.7784],[3.0426,41.7785],[3.0427,41.7785],[3.0428,41.7785],[3.0429,41.7785],[3.043,41.7785],[3.043,41.7786],[3.0431,41.7786],[3.0431,41.7785]]],[[[3.0847,41.8261],[3.0848,41.8261],[3.0848,41.826],[3.0849,41.826],[3.085,41.826],[3.0849,41.826],[3.0849,41.8259],[3.0849,41.826],[3.0848,41.826],[3.0847,41.826],[3.0846,41.826],[3.0845,41.826],[3.0844,41.826],[3.0843,41.826],[3.0844,41.826],[3.0844,41.8261],[3.0845,41.8261],[3.0846,41.8261],[3.0847,41.8261]]],[[[3.1749,41.8657],[3.175,41.8657],[3.1751,41.8656],[3.175,41.8655],[3.1749,41.8655],[3.1748,41.8655],[3.1748,41.8656],[3.1748,41.8657],[3.1749,41.8657]]],[[[3.0646,41.7998],[3.0645,41.7998],[3.0645,41.7997],[3.0644,41.7997],[3.0644,41.7998],[3.0643,41.7998],[3.0644,41.7998],[3.0644,41.7999],[3.0645,41.7999],[3.0646,41.7999],[3.0646,41.8],[3.0647,41.8],[3.0647,41.7999],[3.0648,41.7999],[3.0647,41.7999],[3.0647,41.7998],[3.0646,41.7998]]],[[[3.0476,41.7832],[3.0475,41.7831],[3.0474,41.7831],[3.0474,41.7832],[3.0473,41.7832],[3.0472,41.7831],[3.0472,41.7832],[3.0471,41.7832],[3.0472,41.7832],[3.0473,41.7832],[3.0474,41.7832],[3.0475,41.7833],[3.0476,41.7833],[3.0477,41.7833],[3.0477,41.7832],[3.0476,41.7832]]],[[[3.2009,41.8912],[3.2009,41.8911],[3.2009,41.891],[3.2009,41.8911],[3.2008,41.8911],[3.2007,41.8912],[3.2008,41.8912],[3.2007,41.8912],[3.2006,41.8912],[3.2006,41.8913],[3.2007,41.8913],[3.2008,41.8913],[3.2009,41.8913],[3.2009,41.8912]]],[[[3.0461,41.7796],[3.046,41.7796],[3.0459,41.7796],[3.0458,41.7796],[3.0457,41.7796],[3.0457,41.7797],[3.0458,41.7797],[3.0459,41.7797],[3.046,41.7797],[3.0461,41.7797],[3.0462,41.7797],[3.0462,41.7796],[3.0461,41.7796]]],[[[3.2084,41.9082],[3.2085,41.9082],[3.2086,41.9082],[3.2087,41.9082],[3.2088,41.9082],[3.2089,41.9082],[3.2089,41.9081],[3.2088,41.9081],[3.2087,41.9081],[3.2086,41.9081],[3.2085,41.9081],[3.2085,41.9082],[3.2084,41.9082],[3.2083,41.9082],[3.2082,41.9082],[3.2083,41.9082],[3.2084,41.9082]]],[[[2.9756,41.7537],[2.9756,41.7538],[2.9757,41.7538],[2.9757,41.7537],[2.9756,41.7537],[2.9755,41.7537],[2.9754,41.7537],[2.9753,41.7537],[2.9752,41.7537],[2.9751,41.7537],[2.9752,41.7537],[2.9752,41.7538],[2.9753,41.7538],[2.9754,41.7538],[2.9755,41.7538],[2.9756,41.7538],[2.9756,41.7537]]],[[[3.2188,41.9256],[3.2187,41.9256],[3.2187,41.9255],[3.2186,41.9255],[3.2185,41.9256],[3.2186,41.9257],[3.2187,41.9257],[3.2187,41.9258],[3.2187,41.9257],[3.2188,41.9257],[3.2189,41.9257],[3.2189,41.9256],[3.2188,41.9256]]],[[[3.2267,42.0414],[3.2268,42.0414],[3.2268,42.0413],[3.2269,42.0413],[3.227,42.0413],[3.227,42.0412],[3.2269,42.0412],[3.2268,42.0412],[3.2267,42.0412],[3.2266,42.0412],[3.2266,42.0413],[3.2267,42.0413],[3.2267,42.0414]]],[[[3.1875,41.8625],[3.1876,41.8625],[3.1876,41.8624],[3.1875,41.8624],[3.1874,41.8624],[3.1874,41.8623],[3.1873,41.8623],[3.1872,41.8623],[3.1873,41.8623],[3.1872,41.8623],[3.1871,41.8623],[3.1871,41.8624],[3.187,41.8624],[3.1871,41.8624],[3.1872,41.8624],[3.1873,41.8624],[3.1874,41.8624],[3.1874,41.8625],[3.1875,41.8625]]],[[[3.0487,41.7822],[3.0488,41.7822],[3.0488,41.7823],[3.0489,41.7823],[3.0489,41.7822],[3.049,41.7821],[3.049,41.782],[3.0489,41.782],[3.0489,41.7821],[3.0488,41.7821],[3.0487,41.7821],[3.0487,41.7822],[3.0486,41.7822],[3.0486,41.7823],[3.0487,41.7823],[3.0487,41.7822]]],[[[3.0441,41.7788],[3.0442,41.7788],[3.0442,41.7789],[3.0443,41.7789],[3.0443,41.7788],[3.0442,41.7788],[3.0441,41.7788],[3.044,41.7788],[3.0439,41.7788],[3.0438,41.7789],[3.0439,41.7789],[3.044,41.7789],[3.0441,41.779],[3.0442,41.779],[3.0442,41.7789],[3.0441,41.7789],[3.0441,41.7788]]],[[[3.2097,41.9029],[3.2096,41.9029],[3.2095,41.9029],[3.2094,41.9029],[3.2094,41.903],[3.2095,41.903],[3.2096,41.903],[3.2097,41.903],[3.2098,41.903],[3.2098,41.9031],[3.2099,41.9031],[3.2099,41.903],[3.2098,41.9029],[3.2097,41.9029]]],[[[3.0929,41.832],[3.0929,41.8321],[3.093,41.8321],[3.093,41.832],[3.0929,41.8319],[3.0928,41.8319],[3.0928,41.832],[3.0927,41.832],[3.0927,41.8321],[3.0927,41.8322],[3.0928,41.8322],[3.0929,41.8322],[3.0929,41.8321],[3.0929,41.832]]],[[[3.0638,41.799],[3.0639,41.799],[3.064,41.799],[3.064,41.7989],[3.0639,41.7989],[3.0638,41.7989],[3.0638,41.7988],[3.0637,41.7988],[3.0636,41.7988],[3.0636,41.7987],[3.0636,41.7988],[3.0636,41.7989],[3.0637,41.7989],[3.0638,41.7989],[3.0637,41.7989],[3.0636,41.7989],[3.0636,41.799],[3.0635,41.799],[3.0636,41.799],[3.0637,41.799],[3.0638,41.799]]],[[[3.1297,41.8409],[3.1297,41.8408],[3.1297,41.8407],[3.1296,41.8407],[3.1295,41.8407],[3.1295,41.8408],[3.1296,41.8408],[3.1295,41.8408],[3.1295,41.8409],[3.1294,41.8409],[3.1294,41.841],[3.1295,41.841],[3.1296,41.841],[3.1297,41.8409]]],[[[3.1965,42.0845],[3.1964,42.0845],[3.1964,42.0846],[3.1965,42.0847],[3.1966,42.0847],[3.1968,42.0847],[3.1968,42.0846],[3.1967,42.0845],[3.1966,42.0845],[3.1965,42.0845]]],[[[3.2093,41.9054],[3.2094,41.9054],[3.2095,41.9054],[3.2095,41.9053],[3.2096,41.9053],[3.2097,41.9052],[3.2096,41.9052],[3.2097,41.9052],[3.2096,41.9052],[3.2095,41.9052],[3.2094,41.9052],[3.2093,41.9053],[3.2092,41.9053],[3.2091,41.9053],[3.2091,41.9054],[3.2092,41.9054],[3.2093,41.9054]]],[[[3.1536,41.8609],[3.1535,41.8609],[3.1534,41.8609],[3.1533,41.8609],[3.1533,41.861],[3.1534,41.861],[3.1533,41.861],[3.1534,41.861],[3.1533,41.861],[3.1533,41.8611],[3.1534,41.8611],[3.1535,41.8611],[3.1536,41.8611],[3.1536,41.861],[3.1537,41.861],[3.1537,41.8609],[3.1536,41.8609]]],[[[3.2219,42.0516],[3.2218,42.0516],[3.2218,42.0517],[3.2217,42.0517],[3.2217,42.0518],[3.2217,42.0519],[3.2217,42.052],[3.2218,42.052],[3.2218,42.0519],[3.2219,42.0519],[3.2219,42.0518],[3.222,42.0518],[3.222,42.0517],[3.2219,42.0517],[3.2219,42.0516]]],[[[3.0284,41.7707],[3.0284,41.7706],[3.0283,41.7706],[3.0282,41.7706],[3.0282,41.7707],[3.0281,41.7707],[3.028,41.7707],[3.0279,41.7707],[3.0279,41.7708],[3.028,41.7708],[3.0281,41.7708],[3.0282,41.7708],[3.0282,41.7709],[3.0283,41.7708],[3.0283,41.7707],[3.0284,41.7707]]],[[[3.2091,41.9059],[3.2091,41.9058],[3.2092,41.9058],[3.2091,41.9058],[3.2091,41.9057],[3.209,41.9058],[3.209,41.9057],[3.2091,41.9057],[3.209,41.9057],[3.209,41.9056],[3.2089,41.9056],[3.2089,41.9057],[3.2088,41.9057],[3.2088,41.9058],[3.2088,41.9059],[3.2089,41.9059],[3.209,41.9059],[3.2091,41.9059]]],[[[3.0946,41.8348],[3.0945,41.8348],[3.0944,41.8348],[3.0943,41.8348],[3.0942,41.8348],[3.0941,41.8348],[3.0941,41.8349],[3.0942,41.8349],[3.0942,41.835],[3.0943,41.835],[3.0944,41.835],[3.0945,41.835],[3.0945,41.8349],[3.0946,41.8349],[3.0946,41.8348]]],[[[3.2181,41.9243],[3.2182,41.9243],[3.2181,41.9242],[3.218,41.9242],[3.2179,41.9242],[3.2179,41.9243],[3.2179,41.9242],[3.2178,41.9242],[3.2178,41.9241],[3.2177,41.9241],[3.2176,41.9241],[3.2175,41.9241],[3.2174,41.9241],[3.2173,41.9241],[3.2173,41.9242],[3.2174,41.9242],[3.2175,41.9242],[3.2176,41.9242],[3.2177,41.9242],[3.2177,41.9243],[3.2178,41.9243],[3.2179,41.9243],[3.218,41.9243],[3.2181,41.9243]]],[[[3.0566,41.787],[3.0567,41.787],[3.0567,41.7869],[3.0568,41.7869],[3.0569,41.7869],[3.0569,41.7868],[3.0568,41.7868],[3.0567,41.7868],[3.0566,41.7868],[3.0566,41.7869],[3.0565,41.7869],[3.0564,41.7869],[3.0563,41.7869],[3.0563,41.787],[3.0564,41.787],[3.0565,41.787],[3.0566,41.787],[3.0566,41.7871],[3.0566,41.787]]],[[[3.0595,41.792],[3.0596,41.792],[3.0597,41.792],[3.0597,41.7919],[3.0596,41.7919],[3.0595,41.7919],[3.0595,41.7918],[3.0595,41.7917],[3.0594,41.7917],[3.0593,41.7917],[3.0593,41.7918],[3.0593,41.7919],[3.0593,41.792],[3.0594,41.792],[3.0595,41.792]]],[[[3.0471,41.7834],[3.0472,41.7834],[3.0473,41.7834],[3.0473,41.7833],[3.0472,41.7833],[3.0471,41.7832],[3.047,41.7832],[3.0469,41.7832],[3.0468,41.7832],[3.0467,41.7832],[3.0467,41.7833],[3.0468,41.7834],[3.0469,41.7834],[3.047,41.7834],[3.0471,41.7834]]],[[[2.9811,41.7578],[2.9811,41.7579],[2.9812,41.7579],[2.9813,41.7579],[2.9813,41.7578],[2.9812,41.7578],[2.9811,41.7578],[2.981,41.7578],[2.9809,41.7578],[2.9809,41.7577],[2.9808,41.7577],[2.9808,41.7578],[2.9807,41.7578],[2.9807,41.7579],[2.9808,41.7579],[2.9808,41.758],[2.9808,41.7581],[2.9809,41.7581],[2.981,41.7581],[2.981,41.758],[2.9809,41.758],[2.9809,41.7579],[2.981,41.7579],[2.9811,41.7578]]],[[[2.9817,41.7573],[2.9816,41.7573],[2.9815,41.7573],[2.9815,41.7574],[2.9816,41.7574],[2.9816,41.7575],[2.9817,41.7575],[2.9818,41.7575],[2.9819,41.7575],[2.982,41.7576],[2.982,41.7575],[2.982,41.7574],[2.9819,41.7573],[2.9818,41.7573],[2.9817,41.7573]]],[[[3.1874,41.8627],[3.1873,41.8627],[3.1873,41.8626],[3.1872,41.8626],[3.1872,41.8627],[3.1872,41.8626],[3.1871,41.8626],[3.1871,41.8627],[3.187,41.8628],[3.1871,41.8628],[3.1871,41.8629],[3.1872,41.8629],[3.1873,41.8629],[3.1873,41.863],[3.1874,41.863],[3.1874,41.8629],[3.1874,41.8628],[3.1874,41.8627]]],[[[3.2106,42.0628],[3.2105,42.0628],[3.2104,42.0628],[3.2104,42.0627],[3.2103,42.0627],[3.2103,42.0628],[3.2102,42.0628],[3.2101,42.0629],[3.2102,42.063],[3.2103,42.063],[3.2104,42.063],[3.2105,42.063],[3.2106,42.063],[3.2106,42.0629],[3.2107,42.0629],[3.2107,42.0628],[3.2106,42.0628]]],[[[3.1507,41.8587],[3.1508,41.8587],[3.1508,41.8586],[3.1509,41.8586],[3.1509,41.8585],[3.151,41.8585],[3.151,41.8586],[3.1511,41.8585],[3.151,41.8585],[3.151,41.8584],[3.1509,41.8583],[3.1508,41.8583],[3.1507,41.8584],[3.1506,41.8585],[3.1506,41.8586],[3.1506,41.8587],[3.1507,41.8587]]],[[[3.1607,41.8603],[3.1607,41.8602],[3.1608,41.8602],[3.1607,41.8602],[3.1606,41.8602],[3.1606,41.8603],[3.1605,41.8603],[3.1604,41.8603],[3.1604,41.8602],[3.1603,41.8602],[3.1603,41.8603],[3.1602,41.8603],[3.1602,41.8604],[3.1603,41.8604],[3.1603,41.8605],[3.1604,41.8605],[3.1605,41.8605],[3.1606,41.8605],[3.1607,41.8605],[3.1608,41.8604],[3.1607,41.8604],[3.1607,41.8603]]],[[[3.1783,41.8711],[3.1784,41.8711],[3.1784,41.871],[3.1784,41.8709],[3.1784,41.8708],[3.1783,41.8708],[3.1783,41.8707],[3.1782,41.8707],[3.1781,41.8706],[3.1781,41.8707],[3.178,41.8706],[3.178,41.8707],[3.178,41.8708],[3.178,41.8709],[3.178,41.871],[3.178,41.8709],[3.178,41.871],[3.1781,41.871],[3.1782,41.8711],[3.1783,41.8711]]],[[[3.1854,41.8628],[3.1854,41.8627],[3.1855,41.8627],[3.1856,41.8627],[3.1856,41.8628],[3.1857,41.8628],[3.1858,41.8628],[3.1858,41.8627],[3.1859,41.8627],[3.186,41.8627],[3.1861,41.8627],[3.1861,41.8626],[3.1862,41.8626],[3.1861,41.8626],[3.1861,41.8625],[3.186,41.8625],[3.186,41.8626],[3.1861,41.8626],[3.186,41.8626],[3.1859,41.8625],[3.1858,41.8625],[3.1858,41.8626],[3.1857,41.8626],[3.1856,41.8626],[3.1855,41.8626],[3.1854,41.8626],[3.1853,41.8626],[3.1852,41.8626],[3.1852,41.8627],[3.1852,41.8628],[3.1853,41.8628],[3.1854,41.8628]]],[[[3.0326,41.7724],[3.0327,41.7724],[3.0326,41.7724],[3.0325,41.7724],[3.0325,41.7723],[3.0326,41.7723],[3.0326,41.7722],[3.0325,41.7722],[3.0325,41.7721],[3.0324,41.772],[3.0324,41.7719],[3.0323,41.7719],[3.0322,41.7718],[3.0321,41.7717],[3.032,41.7717],[3.032,41.7718],[3.0321,41.7718],[3.0321,41.7719],[3.0322,41.7719],[3.0322,41.772],[3.0322,41.7721],[3.0323,41.7721],[3.0323,41.7722],[3.0323,41.7723],[3.0324,41.7723],[3.0324,41.7724],[3.0324,41.7725],[3.0325,41.7725],[3.0325,41.7726],[3.0325,41.7725],[3.0325,41.7724],[3.0326,41.7724]]],[[[3.081,41.8242],[3.0811,41.8242],[3.0812,41.8242],[3.0812,41.8241],[3.0813,41.8241],[3.0814,41.8241],[3.0814,41.824],[3.0815,41.824],[3.0814,41.8239],[3.0813,41.8239],[3.0813,41.8238],[3.0812,41.8238],[3.0811,41.8238],[3.081,41.8238],[3.0809,41.8238],[3.0809,41.8239],[3.0808,41.8239],[3.0808,41.824],[3.0808,41.8241],[3.0809,41.8242],[3.081,41.8242]]],[[[3.179,41.8675],[3.1791,41.8675],[3.1792,41.8675],[3.1792,41.8674],[3.1791,41.8674],[3.1792,41.8674],[3.1792,41.8673],[3.1792,41.8674],[3.1792,41.8673],[3.1793,41.8673],[3.1793,41.8674],[3.1794,41.8674],[3.1794,41.8673],[3.1793,41.8673],[3.1792,41.8673],[3.1792,41.8672],[3.1791,41.8672],[3.179,41.8672],[3.1789,41.8672],[3.1789,41.8671],[3.1788,41.867],[3.1787,41.8671],[3.1786,41.8671],[3.1785,41.8671],[3.1785,41.8672],[3.1786,41.8672],[3.1786,41.8673],[3.1787,41.8673],[3.1787,41.8674],[3.1788,41.8674],[3.1788,41.8675],[3.1788,41.8674],[3.1788,41.8675],[3.1789,41.8675],[3.179,41.8675]]],[[[3.2277,42.0421],[3.2277,42.042],[3.2276,42.042],[3.2276,42.0419],[3.2275,42.0419],[3.2276,42.0419],[3.2276,42.0418],[3.2275,42.0418],[3.2274,42.0418],[3.2273,42.0418],[3.2272,42.0418],[3.2271,42.0418],[3.227,42.0418],[3.227,42.0419],[3.2269,42.0419],[3.2269,42.042],[3.227,42.042],[3.227,42.0421],[3.2271,42.0421],[3.2272,42.0421],[3.2272,42.0422],[3.2272,42.0423],[3.2273,42.0423],[3.2274,42.0423],[3.2274,42.0422],[3.2275,42.0422],[3.2276,42.0422],[3.2276,42.0421],[3.2277,42.0421]]],[[[3.218,41.925],[3.2181,41.9249],[3.2182,41.9249],[3.2183,41.9249],[3.2182,41.9248],[3.2181,41.9248],[3.218,41.9248],[3.2179,41.9247],[3.2178,41.9247],[3.2177,41.9247],[3.2176,41.9247],[3.2175,41.9247],[3.2174,41.9247],[3.2174,41.9246],[3.2173,41.9246],[3.2172,41.9246],[3.2173,41.9246],[3.2172,41.9246],[3.2172,41.9245],[3.2171,41.9245],[3.217,41.9245],[3.217,41.9246],[3.217,41.9247],[3.2171,41.9247],[3.2172,41.9248],[3.2173,41.9248],[3.2174,41.9249],[3.2175,41.9249],[3.2176,41.9249],[3.2176,41.925],[3.2177,41.925],[3.2177,41.9249],[3.2178,41.925],[3.2179,41.925],[3.218,41.925]]],[[[3.2181,41.9382],[3.2182,41.9382],[3.2182,41.9381],[3.2183,41.9381],[3.2183,41.9382],[3.2183,41.9381],[3.2183,41.938],[3.2183,41.9379],[3.2184,41.9379],[3.2184,41.9378],[3.2184,41.9377],[3.2183,41.9377],[3.2182,41.9377],[3.2181,41.9378],[3.218,41.9378],[3.218,41.9377],[3.2179,41.9377],[3.2178,41.9377],[3.2178,41.9378],[3.2178,41.9377],[3.2177,41.9378],[3.2177,41.9379],[3.2177,41.9378],[3.2177,41.9379],[3.2177,41.938],[3.2178,41.938],[3.2179,41.9381],[3.2179,41.9382],[3.218,41.9382],[3.2179,41.9382],[3.218,41.9382],[3.2181,41.9382]]],[[[3.1977,42.0844],[3.1978,42.0844],[3.1978,42.0845],[3.1979,42.0845],[3.1979,42.0846],[3.198,42.0846],[3.198,42.0845],[3.1981,42.0845],[3.198,42.0844],[3.1979,42.0844],[3.1978,42.0844],[3.1977,42.0843],[3.1976,42.0843],[3.1976,42.0844],[3.1975,42.0844],[3.1975,42.0843],[3.1974,42.0843],[3.1974,42.0844],[3.1974,42.0845],[3.1974,42.0846],[3.1973,42.0847],[3.1973,42.0848],[3.1973,42.0849],[3.1974,42.0849],[3.1975,42.0849],[3.1976,42.085],[3.1977,42.085],[3.1977,42.0849],[3.1977,42.0848],[3.1977,42.0847],[3.1977,42.0846],[3.1977,42.0845],[3.1977,42.0844]]],[[[3.179,41.8683],[3.179,41.8682],[3.179,41.8683],[3.179,41.8682],[3.1791,41.8682],[3.1791,41.8681],[3.1792,41.8681],[3.1792,41.868],[3.1791,41.868],[3.179,41.868],[3.1789,41.868],[3.1789,41.8679],[3.179,41.8679],[3.179,41.8678],[3.1791,41.8678],[3.1791,41.8677],[3.179,41.8677],[3.1789,41.8677],[3.1789,41.8676],[3.1788,41.8676],[3.1788,41.8675],[3.1787,41.8675],[3.1786,41.8675],[3.1785,41.8675],[3.1785,41.8676],[3.1785,41.8677],[3.1784,41.8678],[3.1785,41.8678],[3.1786,41.8678],[3.1785,41.8678],[3.1786,41.8678],[3.1786,41.8679],[3.1787,41.8679],[3.1787,41.868],[3.1788,41.868],[3.1788,41.8681],[3.1788,41.8682],[3.1788,41.8683],[3.1789,41.8683],[3.179,41.8683]]],[[[3.1844,42.1019],[3.1845,42.1019],[3.1846,42.1019],[3.1847,42.1018],[3.1847,42.1017],[3.1848,42.1017],[3.1848,42.1016],[3.1848,42.1017],[3.1849,42.1017],[3.185,42.1016],[3.185,42.1015],[3.185,42.1014],[3.1849,42.1014],[3.1848,42.1014],[3.1847,42.1014],[3.1846,42.1015],[3.1845,42.1015],[3.1844,42.1015],[3.1844,42.1016],[3.1843,42.1016],[3.1842,42.1017],[3.1842,42.1018],[3.1842,42.1019],[3.1843,42.1019],[3.1844,42.1019]]],[[[3.0565,41.7873],[3.0566,41.7873],[3.0567,41.7873],[3.0567,41.7872],[3.0568,41.7872],[3.0567,41.7872],[3.0566,41.7871],[3.0565,41.7871],[3.0564,41.7871],[3.0564,41.787],[3.0563,41.787],[3.0562,41.787],[3.0561,41.787],[3.0561,41.7869],[3.056,41.7869],[3.0559,41.7869],[3.0558,41.7869],[3.0557,41.7869],[3.0556,41.7869],[3.0556,41.787],[3.0556,41.7871],[3.0557,41.7871],[3.0558,41.7872],[3.0558,41.7873],[3.0559,41.7873],[3.0559,41.7874],[3.056,41.7874],[3.056,41.7873],[3.0561,41.7873],[3.0561,41.7874],[3.0562,41.7874],[3.0563,41.7874],[3.0564,41.7874],[3.0565,41.7873]]],[[[3.2287,42.0417],[3.2286,42.0417],[3.2286,42.0416],[3.2285,42.0415],[3.2284,42.0415],[3.2284,42.0414],[3.2283,42.0414],[3.2282,42.0415],[3.2281,42.0415],[3.2281,42.0416],[3.228,42.0417],[3.2279,42.0417],[3.2279,42.0418],[3.2279,42.0419],[3.228,42.0419],[3.228,42.042],[3.2281,42.042],[3.2282,42.042],[3.2283,42.042],[3.2284,42.042],[3.2285,42.042],[3.2286,42.042],[3.2286,42.0419],[3.2287,42.0419],[3.2288,42.0418],[3.2288,42.0417],[3.2287,42.0417]]],[[[3.0588,41.8043],[3.059,41.8042],[3.0593,41.804],[3.0592,41.8039],[3.0587,41.804],[3.0586,41.804],[3.0586,41.8041],[3.0583,41.8042],[3.0582,41.8041],[3.0575,41.8045],[3.0575,41.8046],[3.0576,41.8046],[3.0577,41.8046],[3.0578,41.8046],[3.0588,41.8043]]],[[[3.2049,42.0744],[3.205,42.0744],[3.2051,42.0744],[3.2052,42.0743],[3.2052,42.0744],[3.2053,42.0744],[3.2053,42.0743],[3.2054,42.0743],[3.2055,42.0743],[3.2055,42.0742],[3.2056,42.0742],[3.2057,42.0742],[3.2057,42.0741],[3.2058,42.074],[3.2057,42.074],[3.2057,42.0739],[3.2057,42.0738],[3.2058,42.0737],[3.2059,42.0736],[3.2059,42.0735],[3.206,42.0735],[3.206,42.0734],[3.2061,42.0734],[3.2061,42.0733],[3.206,42.0733],[3.206,42.0734],[3.2059,42.0734],[3.2058,42.0734],[3.2057,42.0734],[3.2056,42.0734],[3.2055,42.0734],[3.2055,42.0733],[3.2054,42.0733],[3.2053,42.0733],[3.2054,42.0733],[3.2054,42.0734],[3.2055,42.0734],[3.2056,42.0734],[3.2057,42.0734],[3.2056,42.0734],[3.2055,42.0734],[3.2054,42.0734],[3.2053,42.0734],[3.2052,42.0734],[3.2051,42.0734],[3.205,42.0734],[3.205,42.0735],[3.2049,42.0735],[3.2049,42.0736],[3.2049,42.0737],[3.205,42.0738],[3.205,42.0739],[3.205,42.074],[3.2051,42.074],[3.2051,42.0741],[3.205,42.074],[3.205,42.0741],[3.205,42.0742],[3.2049,42.0742],[3.2049,42.0743],[3.2048,42.0743],[3.2048,42.0744],[3.2049,42.0744]]],[[[3.2202,41.9222],[3.2201,41.9222],[3.22,41.9222],[3.2199,41.9222],[3.2199,41.9221],[3.2198,41.9221],[3.2197,41.9221],[3.2197,41.922],[3.2196,41.922],[3.2197,41.922],[3.2196,41.922],[3.2195,41.922],[3.2195,41.9219],[3.2196,41.9219],[3.2196,41.9218],[3.2196,41.9217],[3.2195,41.9217],[3.2194,41.9217],[3.2193,41.9217],[3.2192,41.9217],[3.2193,41.9217],[3.2194,41.9217],[3.2195,41.9216],[3.2195,41.9215],[3.2194,41.9215],[3.2193,41.9215],[3.2192,41.9215],[3.2192,41.9214],[3.2191,41.9214],[3.2191,41.9215],[3.219,41.9215],[3.2189,41.9216],[3.2188,41.9216],[3.2189,41.9215],[3.219,41.9215],[3.219,41.9214],[3.2191,41.9214],[3.219,41.9214],[3.2189,41.9214],[3.2188,41.9214],[3.2189,41.9214],[3.2189,41.9213],[3.219,41.9213],[3.2189,41.9213],[3.2188,41.9213],[3.2187,41.9213],[3.2187,41.9214],[3.2186,41.9214],[3.2185,41.9214],[3.2185,41.9215],[3.2184,41.9215],[3.2185,41.9215],[3.2184,41.9216],[3.2183,41.9216],[3.2182,41.9216],[3.2182,41.9217],[3.2181,41.9217],[3.2181,41.9218],[3.218,41.9218],[3.218,41.9219],[3.2179,41.922],[3.2179,41.9221],[3.2178,41.9221],[3.2178,41.9222],[3.2179,41.9222],[3.218,41.9222],[3.2181,41.9222],[3.2181,41.9223],[3.2182,41.9223],[3.2183,41.9223],[3.2184,41.9223],[3.2185,41.9223],[3.2186,41.9223],[3.2187,41.9223],[3.2188,41.9224],[3.2189,41.9224],[3.219,41.9224],[3.2191,41.9224],[3.2192,41.9224],[3.2193,41.9224],[3.2194,41.9224],[3.2194,41.9223],[3.2193,41.9223],[3.2192,41.9222],[3.2192,41.9221],[3.2193,41.9222],[3.2194,41.9222],[3.2195,41.9222],[3.2196,41.9222],[3.2197,41.9222],[3.2197,41.9223],[3.2198,41.9223],[3.2198,41.9224],[3.2199,41.9224],[3.22,41.9224],[3.2201,41.9224],[3.2201,41.9225],[3.2202,41.9225],[3.2203,41.9225],[3.2203,41.9224],[3.2202,41.9224],[3.2203,41.9223],[3.2204,41.9223],[3.2203,41.9223],[3.2202,41.9222]]],[[[3.2271,42.0448],[3.2271,42.0447],[3.2271,42.0446],[3.227,42.0445],[3.2271,42.0445],[3.2272,42.0445],[3.2273,42.0444],[3.2273,42.0442],[3.2273,42.0441],[3.2272,42.0441],[3.2272,42.044],[3.2271,42.044],[3.2271,42.0439],[3.227,42.0439],[3.227,42.044],[3.2269,42.044],[3.2268,42.0439],[3.2267,42.0439],[3.2266,42.0439],[3.2266,42.044],[3.2265,42.044],[3.2264,42.044],[3.2263,42.044],[3.2262,42.0439],[3.2262,42.0438],[3.2261,42.0437],[3.226,42.0437],[3.226,42.0436],[3.226,42.0435],[3.226,42.0434],[3.226,42.0433],[3.2259,42.0433],[3.2258,42.0433],[3.2257,42.0433],[3.2256,42.0433],[3.2256,42.0434],[3.2255,42.0434],[3.2254,42.0434],[3.2254,42.0433],[3.2255,42.0433],[3.2254,42.0433],[3.2253,42.0433],[3.2253,42.0432],[3.2252,42.0432],[3.2251,42.0431],[3.2251,42.043],[3.2252,42.043],[3.2251,42.0429],[3.2251,42.043],[3.225,42.043],[3.225,42.0429],[3.2251,42.0428],[3.2252,42.0428],[3.2253,42.0427],[3.2253,42.0426],[3.2252,42.0426],[3.2251,42.0426],[3.2251,42.0427],[3.225,42.0427],[3.225,42.0428],[3.2249,42.0428],[3.2248,42.0428],[3.2248,42.0429],[3.2247,42.0429],[3.2246,42.0429],[3.2246,42.043],[3.2246,42.0431],[3.2245,42.0431],[3.2245,42.0432],[3.2245,42.0433],[3.2244,42.0433],[3.2243,42.0433],[3.2242,42.0433],[3.2241,42.0433],[3.2241,42.0434],[3.224,42.0435],[3.2239,42.0435],[3.2239,42.0436],[3.2238,42.0436],[3.2238,42.0437],[3.2238,42.0438],[3.2239,42.0437],[3.224,42.0437],[3.224,42.0438],[3.224,42.0439],[3.224,42.044],[3.224,42.0441],[3.2239,42.0441],[3.224,42.0441],[3.224,42.0442],[3.2239,42.0442],[3.224,42.0443],[3.2241,42.0444],[3.2242,42.0444],[3.2242,42.0443],[3.2242,42.0444],[3.2243,42.0444],[3.2244,42.0444],[3.2244,42.0443],[3.2243,42.0443],[3.2243,42.0442],[3.2243,42.0443],[3.2242,42.0443],[3.2242,42.0442],[3.2243,42.0442],[3.2243,42.0441],[3.2244,42.0441],[3.2244,42.0442],[3.2244,42.0441],[3.2245,42.0441],[3.2245,42.0442],[3.2245,42.0441],[3.2246,42.0441],[3.2246,42.044],[3.2247,42.044],[3.2248,42.044],[3.2248,42.0441],[3.2248,42.0442],[3.2249,42.0442],[3.225,42.0442],[3.2251,42.0441],[3.2252,42.0441],[3.2251,42.0441],[3.2251,42.0442],[3.2251,42.0443],[3.2252,42.0444],[3.2252,42.0443],[3.2253,42.0442],[3.2253,42.0441],[3.2254,42.0441],[3.2255,42.0441],[3.2256,42.0441],[3.2256,42.0442],[3.2257,42.0442],[3.2258,42.0442],[3.2258,42.0443],[3.2259,42.0443],[3.226,42.0443],[3.226,42.0442],[3.2261,42.0442],[3.2261,42.0443],[3.2262,42.0443],[3.2262,42.0444],[3.2262,42.0445],[3.2261,42.0445],[3.2262,42.0445],[3.2263,42.0445],[3.2263,42.0446],[3.2264,42.0446],[3.2265,42.0447],[3.2266,42.0447],[3.2267,42.0447],[3.2267,42.0448],[3.2268,42.0448],[3.2269,42.0448],[3.227,42.0448],[3.2271,42.0448]]],[[[3.2252,42.0492],[3.22,42.0467],[3.2251,42.0492],[3.2252,42.0492]]],[[[3.1701,42.1081],[3.1726,42.1031],[3.1777,42.1036],[3.1828,42.1038],[3.1858,42.0988],[3.1902,42.0937],[3.1932,42.0886],[3.1956,42.0836],[3.2007,42.0826],[3.1986,42.0776],[3.2037,42.0749],[3.208,42.0699],[3.2095,42.0648],[3.2145,42.0613],[3.212,42.0563],[3.2075,42.0513],[3.2023,42.0536],[3.1985,42.0485],[3.1968,42.0433],[3.1959,42.0382],[3.1949,42.0331],[3.1944,42.028],[3.1947,42.0225],[3.1948,42.0175],[3.1957,42.0124],[3.1969,42.0073],[3.1978,42.0023],[3.1995,41.9972],[3.2014,41.9922],[3.2039,41.987],[3.207,41.982],[3.2108,41.977],[3.2158,41.974],[3.2209,41.9743],[3.2259,41.9713],[3.231,41.9693],[3.2288,41.9642],[3.2339,41.9608],[3.23,41.9557],[3.2332,41.9507],[3.2281,41.9485],[3.223,41.9446],[3.2179,41.9426],[3.2157,41.9375],[3.2186,41.9325],[3.2185,41.9274],[3.2182,41.9223],[3.2131,41.9177],[3.208,41.9178],[3.2081,41.9128],[3.2069,41.9077],[3.2093,41.9026],[3.205,41.8976],[3.2031,41.8925],[3.198,41.8923],[3.1929,41.8923],[3.1878,41.8885],[3.1828,41.8874],[3.1821,41.8824],[3.179,41.8773],[3.1774,41.8722],[3.1762,41.8672],[3.1712,41.8635],[3.1661,41.8638],[3.1611,41.8605],[3.156,41.8625],[3.151,41.8615],[3.1459,41.8587],[3.1452,41.8536],[3.14,41.8493],[3.1364,41.8443],[3.1313,41.8419],[3.1262,41.842],[3.1211,41.8412],[3.1271,41.8424],[3.1245,41.8474],[3.1192,41.8483],[3.1142,41.8485],[3.1091,41.8476],[3.1041,41.8446],[3.099,41.8425],[3.094,41.8381],[3.0927,41.833],[3.0876,41.8315],[3.0837,41.8264],[3.0786,41.8234],[3.0735,41.8213],[3.0695,41.8162],[3.0674,41.8111],[3.0657,41.806],[3.0667,41.8009],[3.0616,41.8039],[3.0564,41.805],[3.0615,41.8031],[3.0611,41.7981],[3.06,41.793],[3.0566,41.788],[3.0514,41.7908],[3.0462,41.7889],[3.0463,41.7838],[3.0435,41.7788],[3.0384,41.7784],[3.0334,41.7768],[3.032,41.7718],[3.0269,41.7735],[3.0218,41.7739],[3.0167,41.773],[3.0117,41.7721],[3.0066,41.7704],[3.0016,41.7668],[2.9965,41.7632],[2.9915,41.7612],[2.9864,41.7603],[2.9814,41.7596],[2.9762,41.7569],[2.971,41.7531],[2.9659,41.7547],[2.9608,41.7566],[2.9567,41.7616],[2.9522,41.7668],[2.9601,41.7741],[2.9558,41.7865],[2.9435,41.7895],[2.9356,41.8096],[2.934,41.8147],[2.9318,41.8198],[2.9301,41.8249],[2.9357,41.8279],[2.941,41.8272],[2.9461,41.8255],[2.9513,41.8267],[2.9564,41.8263],[2.9617,41.8268],[2.9668,41.8259],[2.9699,41.8309],[2.9689,41.836],[2.9668,41.841],[2.9628,41.8461],[2.9617,41.8512],[2.9488,41.8634],[2.943,41.8651],[2.9446,41.8701],[2.949,41.8751],[2.9528,41.8802],[2.9464,41.8871],[2.9388,41.8942],[2.906,41.9025],[2.8972,41.9017],[2.8922,41.9037],[2.8871,41.9081],[2.8929,41.9143],[2.9023,41.919],[2.9012,41.9242],[2.8976,41.9309],[2.912,41.9344],[2.9171,41.9316],[2.9215,41.9367],[2.9266,41.9378],[2.9338,41.939],[2.9389,41.9394],[2.9439,41.9387],[2.9453,41.9455],[2.9473,41.9531],[2.9478,41.962],[2.9497,41.973],[2.9581,41.9735],[2.9656,41.9749],[2.9714,41.9764],[2.9755,41.9827],[2.9817,41.9837],[2.9872,41.9892],[2.9804,41.9974],[2.9753,42.0008],[2.9675,41.9987],[2.9597,42.0005],[2.9547,42.0023],[2.9512,42.0099],[2.9524,42.0159],[2.9524,42.0211],[2.9536,42.0302],[2.958,42.0352],[2.9632,42.0373],[2.9683,42.0349],[2.9737,42.0354],[2.9794,42.036],[2.9816,42.0452],[2.9792,42.0503],[2.9762,42.0553],[2.9737,42.0604],[2.9768,42.0655],[2.9776,42.0707],[2.9724,42.0742],[2.9702,42.0792],[2.9691,42.0842],[2.9585,42.094],[2.9528,42.0968],[2.9528,42.1021],[2.9528,42.1071],[2.9548,42.1122],[2.9602,42.1122],[2.9752,42.1151],[2.9815,42.1188],[2.9901,42.1219],[2.995,42.1276],[2.9973,42.1328],[3.0006,42.1379],[3.0084,42.1354],[3.0141,42.1334],[3.0166,42.1284],[3.0249,42.1261],[3.03,42.1247],[3.035,42.1212],[3.0418,42.1167],[3.0451,42.1111],[3.0537,42.1138],[3.0593,42.1146],[3.0666,42.1186],[3.0718,42.1188],[3.0771,42.1178],[3.0828,42.1197],[3.0881,42.121],[3.0931,42.1258],[3.0967,42.1206],[3.1019,42.1182],[3.1072,42.1171],[3.1059,42.112],[3.1073,42.1068],[3.1126,42.1034],[3.121,42.1066],[3.1271,42.1085],[3.1309,42.1035],[3.132,42.0984],[3.1375,42.1],[3.1431,42.1015],[3.1484,42.1029],[3.1535,42.1044],[3.1615,42.1089],[3.1701,42.1084],[3.1701,42.1081]]]]}},{"type":"Feature","properties":{"id":"11","name":"Baix Llobregat","capital":"Sant Feliu de Llobregat"},"geometry":{"type":"Polygon","coordinates":[[[1.8128,41.6035],[1.8178,41.6003],[1.8229,41.5961],[1.8279,41.5923],[1.833,41.5919],[1.838,41.5926],[1.8431,41.5915],[1.8482,41.5912],[1.8533,41.5907],[1.8633,41.5923],[1.8685,41.5888],[1.8737,41.5896],[1.8788,41.5895],[1.884,41.5853],[1.889,41.5835],[1.8977,41.5747],[1.9092,41.5705],[1.9204,41.5711],[1.9216,41.5661],[1.9206,41.561],[1.9203,41.556],[1.9253,41.5539],[1.9291,41.5488],[1.9298,41.5438],[1.9319,41.5387],[1.9346,41.5336],[1.9386,41.5286],[1.949,41.5257],[1.9513,41.5159],[1.9512,41.5109],[1.9366,41.5091],[1.9333,41.504],[1.9322,41.4988],[1.9271,41.495],[1.9221,41.4948],[1.9223,41.4897],[1.9273,41.4871],[1.9324,41.4855],[1.9335,41.4805],[1.9376,41.4755],[1.9419,41.4703],[1.9469,41.468],[1.9522,41.4658],[1.9572,41.4623],[1.9623,41.4601],[1.9673,41.4631],[1.9733,41.4637],[1.9761,41.4583],[1.9771,41.4532],[1.9799,41.4482],[1.9849,41.4436],[1.9904,41.4396],[1.9955,41.4378],[1.9961,41.4437],[1.9956,41.4492],[1.9993,41.4544],[1.9992,41.4598],[2.0105,41.4566],[2.0156,41.459],[2.0207,41.458],[2.0245,41.4522],[2.027,41.4471],[2.0322,41.4421],[2.0373,41.4423],[2.0424,41.4444],[2.0476,41.4447],[2.0532,41.445],[2.0584,41.445],[2.0635,41.4438],[2.0623,41.4387],[2.0577,41.4336],[2.058,41.4283],[2.0529,41.4248],[2.0566,41.4197],[2.0552,41.4145],[2.0608,41.4127],[2.0643,41.4178],[2.07,41.4187],[2.075,41.4163],[2.0729,41.4113],[2.0705,41.406],[2.0762,41.4032],[2.0813,41.4065],[2.0865,41.4096],[2.0917,41.4082],[2.0968,41.4086],[2.1019,41.4051],[2.1023,41.4],[2.0985,41.3949],[2.1002,41.3899],[2.1012,41.3829],[2.1021,41.3777],[2.0987,41.3702],[2.0924,41.368],[2.0868,41.3668],[2.0904,41.3617],[2.0954,41.359],[2.0985,41.354],[2.0933,41.3487],[2.0912,41.3437],[2.0967,41.3384],[2.1022,41.3354],[2.1077,41.3317],[2.1123,41.3261],[2.1189,41.3227],[2.1258,41.3214],[2.1321,41.3208],[2.1398,41.3211],[2.1457,41.3208],[2.1508,41.3217],[2.1558,41.321],[2.1536,41.3159],[2.1506,41.3109],[2.1456,41.3058],[2.1441,41.3007],[2.1492,41.2972],[2.1544,41.2972],[2.1595,41.3022],[2.1646,41.3073],[2.167,41.3123],[2.1651,41.3178],[2.1674,41.3126],[2.1645,41.3069],[2.1592,41.3015],[2.1541,41.2968],[2.149,41.295],[2.1439,41.2958],[2.1384,41.2995],[2.1379,41.2944],[2.1328,41.2978],[2.1277,41.2968],[2.1226,41.2951],[2.1174,41.2921],[2.1122,41.2895],[2.1071,41.2875],[2.102,41.2858],[2.0966,41.2837],[2.0915,41.282],[2.0864,41.2804],[2.0813,41.2789],[2.0763,41.2772],[2.0704,41.2759],[2.0653,41.2746],[2.0601,41.2736],[2.055,41.2721],[2.05,41.271],[2.0448,41.2699],[2.0397,41.269],[2.0345,41.2682],[2.0293,41.2674],[2.0242,41.2662],[2.0189,41.266],[2.0138,41.2653],[2.0087,41.2648],[2.0037,41.2645],[1.9985,41.2643],[1.9934,41.2641],[1.9884,41.264],[1.9833,41.2639],[1.9783,41.2639],[1.9732,41.264],[1.9682,41.2641],[1.9631,41.2641],[1.958,41.2641],[1.9526,41.2639],[1.9475,41.2636],[1.9421,41.2674],[1.9384,41.2725],[1.9409,41.2775],[1.9371,41.2828],[1.9319,41.2851],[1.9266,41.2888],[1.9215,41.2905],[1.9161,41.2893],[1.911,41.2845],[1.9059,41.2828],[1.9008,41.2809],[1.8954,41.2815],[1.8903,41.2833],[1.8853,41.2815],[1.88,41.2783],[1.8748,41.2793],[1.8696,41.2811],[1.871,41.2912],[1.8694,41.2963],[1.8641,41.2959],[1.8591,41.2979],[1.854,41.2992],[1.8467,41.3064],[1.8481,41.3115],[1.8497,41.3186],[1.8554,41.3254],[1.8602,41.3305],[1.8651,41.3355],[1.8702,41.3378],[1.8702,41.3429],[1.8755,41.344],[1.8807,41.3442],[1.8859,41.3465],[1.8909,41.3496],[1.896,41.3516],[1.8965,41.3568],[1.892,41.3618],[1.8895,41.367],[1.8872,41.372],[1.8819,41.3732],[1.8737,41.3794],[1.8702,41.3845],[1.8758,41.3892],[1.8748,41.395],[1.8766,41.4001],[1.8788,41.4052],[1.884,41.4076],[1.8817,41.4128],[1.8868,41.4167],[1.889,41.4217],[1.89,41.4268],[1.8951,41.4304],[1.8958,41.4354],[1.8911,41.4406],[1.8862,41.4458],[1.878,41.4548],[1.8731,41.4598],[1.8725,41.465],[1.8726,41.4701],[1.872,41.4752],[1.867,41.4792],[1.8617,41.4822],[1.8566,41.484],[1.8514,41.4873],[1.8462,41.4904],[1.8424,41.4958],[1.8395,41.501],[1.8424,41.506],[1.8475,41.5071],[1.8525,41.5067],[1.8555,41.5121],[1.8552,41.5175],[1.8501,41.5214],[1.845,41.5233],[1.8399,41.5254],[1.8348,41.5299],[1.8297,41.5344],[1.8237,41.5408],[1.8203,41.5458],[1.8173,41.5508],[1.8121,41.5555],[1.807,41.5567],[1.8017,41.5579],[1.7967,41.56],[1.7991,41.5652],[1.8042,41.5693],[1.8062,41.5748],[1.8092,41.5821],[1.8121,41.6006],[1.8128,41.6035]],[[2.1525,41.3164],[2.1528,41.3163],[2.1528,41.3164],[2.1529,41.3164],[2.1529,41.3165],[2.153,41.3166],[2.1531,41.3167],[2.1532,41.3168],[2.1533,41.3169],[2.1534,41.3169],[2.1534,41.317],[2.1535,41.3171],[2.1536,41.3172],[2.1537,41.3173],[2.1538,41.3173],[2.1539,41.3174],[2.1539,41.3175],[2.154,41.3176],[2.1541,41.3177],[2.1542,41.3178],[2.1543,41.3179],[2.1544,41.318],[2.1545,41.3181],[2.1546,41.3182],[2.1547,41.3182],[2.1548,41.3183],[2.1548,41.3184],[2.1549,41.3185],[2.155,41.3186],[2.1551,41.3186],[2.1552,41.3187],[2.1553,41.3188],[2.1553,41.3189],[2.1554,41.319],[2.1555,41.3191],[2.1556,41.3192],[2.1557,41.3193],[2.1558,41.3194],[2.1559,41.3195],[2.156,41.3196],[2.1562,41.3197],[2.1563,41.3198],[2.1564,41.3199],[2.1564,41.32],[2.1565,41.3201],[2.1565,41.3202],[2.1565,41.3203],[2.1565,41.3204],[2.1564,41.3204],[2.1564,41.3205],[2.1563,41.3206],[2.1562,41.3206],[2.1562,41.3207],[2.1561,41.3207],[2.156,41.3207],[2.156,41.3208],[2.1559,41.3208],[2.1558,41.3209],[2.1557,41.3209],[2.1557,41.321],[2.1556,41.321],[2.1555,41.321],[2.1554,41.3211],[2.1553,41.3211],[2.1553,41.3212],[2.1552,41.3212],[2.1551,41.3213],[2.155,41.3213],[2.1549,41.3214],[2.1547,41.3215],[2.1546,41.3215],[2.1545,41.3216],[2.1544,41.3217],[2.1543,41.3217],[2.1542,41.3217],[2.1541,41.3218],[2.154,41.3219],[2.1539,41.3219],[2.1538,41.3219],[2.1537,41.3219],[2.1536,41.3219],[2.1535,41.3219],[2.1534,41.3219],[2.1533,41.3219],[2.1532,41.3218],[2.153,41.3218],[2.1529,41.3218],[2.1528,41.3218],[2.1527,41.3217],[2.1525,41.3217],[2.1524,41.3217],[2.1521,41.3216],[2.1521,41.3215],[2.1522,41.3215],[2.1531,41.3211],[2.1533,41.321],[2.1534,41.3209],[2.1526,41.3201],[2.1516,41.319],[2.151,41.3182],[2.1506,41.3178],[2.1505,41.3176],[2.1505,41.3175],[2.1506,41.3175],[2.1507,41.3175],[2.1507,41.3174],[2.1517,41.3169],[2.1525,41.3164]]]}},{"type":"Feature","properties":{"id":"12","name":"Baix Penedès","capital":"el Vendrell"},"geometry":{"type":"MultiPolygon","coordinates":[[[[1.6182,41.1905],[1.6181,41.1905],[1.6181,41.1906],[1.6181,41.1907],[1.6182,41.1907],[1.6182,41.1906],[1.6182,41.1905]]],[[[1.6228,41.191],[1.6227,41.191],[1.6227,41.1911],[1.6227,41.1912],[1.6228,41.1912],[1.6229,41.1911],[1.6228,41.191]]],[[[1.632,41.1921],[1.6319,41.1921],[1.6319,41.1922],[1.6319,41.1923],[1.632,41.1923],[1.6321,41.1922],[1.6321,41.1921],[1.632,41.1921]]],[[[1.6431,41.1932],[1.6425,41.1931],[1.6423,41.1931],[1.6421,41.193],[1.642,41.193],[1.642,41.1931],[1.6419,41.1931],[1.6419,41.1932],[1.642,41.1932],[1.6421,41.1932],[1.6421,41.1931],[1.6422,41.1931],[1.6422,41.1932],[1.6423,41.1932],[1.6426,41.1932],[1.6428,41.1932],[1.6435,41.1933],[1.6439,41.1933],[1.6439,41.1934],[1.6444,41.1934],[1.6445,41.1934],[1.6446,41.1934],[1.6446,41.1935],[1.6447,41.1935],[1.6448,41.1935],[1.6448,41.1934],[1.6447,41.1934],[1.6446,41.1933],[1.6441,41.1933],[1.6436,41.1932],[1.6431,41.1932]]],[[[1.6355,41.3096],[1.6293,41.3105],[1.6409,41.3126],[1.6357,41.3096],[1.6355,41.3096]]],[[[1.6412,41.2354],[1.6462,41.2286],[1.6449,41.2229],[1.6476,41.2166],[1.6533,41.2074],[1.6477,41.2087],[1.6413,41.2116],[1.6409,41.2057],[1.6421,41.2001],[1.6457,41.1949],[1.6406,41.1942],[1.6356,41.1931],[1.6305,41.1925],[1.6253,41.1907],[1.6201,41.1901],[1.6147,41.1905],[1.6097,41.1889],[1.6078,41.1838],[1.6073,41.1891],[1.6022,41.1887],[1.5971,41.1887],[1.592,41.1886],[1.587,41.1881],[1.5819,41.1876],[1.5767,41.1871],[1.5716,41.1865],[1.5663,41.1858],[1.5611,41.1851],[1.556,41.1841],[1.551,41.1837],[1.5457,41.1833],[1.5405,41.1825],[1.5354,41.1812],[1.5304,41.1797],[1.5253,41.1767],[1.5203,41.1787],[1.5152,41.178],[1.51,41.1767],[1.505,41.1756],[1.4997,41.1743],[1.4947,41.1748],[1.4896,41.1797],[1.4846,41.1848],[1.4826,41.1899],[1.4785,41.1951],[1.4779,41.2002],[1.4789,41.2053],[1.4705,41.2068],[1.4613,41.2046],[1.4528,41.204],[1.4473,41.2045],[1.4357,41.2024],[1.4275,41.2082],[1.4224,41.2116],[1.4173,41.2116],[1.4098,41.2126],[1.4033,41.2101],[1.3975,41.2064],[1.3916,41.2133],[1.3905,41.2187],[1.3987,41.2211],[1.404,41.2251],[1.4059,41.2315],[1.4059,41.2374],[1.4127,41.2404],[1.4209,41.2486],[1.4261,41.2482],[1.4351,41.2513],[1.4322,41.2563],[1.426,41.2597],[1.4188,41.2629],[1.4127,41.2629],[1.4074,41.2627],[1.4022,41.263],[1.4029,41.268],[1.4072,41.2732],[1.4124,41.2747],[1.4175,41.2744],[1.4225,41.2737],[1.4276,41.2729],[1.4327,41.2727],[1.4395,41.2723],[1.4359,41.279],[1.4352,41.2842],[1.4298,41.2862],[1.4246,41.2865],[1.419,41.2873],[1.4138,41.2877],[1.4082,41.289],[1.402,41.2909],[1.4081,41.2979],[1.4133,41.2988],[1.4184,41.3023],[1.4237,41.3045],[1.4203,41.3138],[1.4147,41.3174],[1.4067,41.3201],[1.4088,41.3274],[1.4272,41.3361],[1.4477,41.3485],[1.4628,41.3562],[1.4722,41.3553],[1.4937,41.3553],[1.5044,41.3616],[1.5125,41.3592],[1.5183,41.3646],[1.5283,41.3677],[1.537,41.3853],[1.5425,41.3805],[1.5475,41.3767],[1.5478,41.3717],[1.5529,41.3682],[1.5589,41.368],[1.564,41.3691],[1.5691,41.3687],[1.5706,41.3636],[1.5759,41.363],[1.5787,41.358],[1.571,41.3532],[1.56,41.3452],[1.5652,41.3402],[1.5694,41.3328],[1.5713,41.3277],[1.5742,41.3227],[1.5735,41.3174],[1.5787,41.3154],[1.5837,41.3144],[1.5892,41.312],[1.5949,41.3101],[1.5945,41.3043],[1.5886,41.2976],[1.5918,41.2926],[1.5969,41.2916],[1.6019,41.289],[1.607,41.2864],[1.6127,41.286],[1.6147,41.2911],[1.6248,41.2967],[1.6301,41.2979],[1.6352,41.2974],[1.6274,41.2941],[1.6295,41.2886],[1.6301,41.2829],[1.6223,41.2783],[1.6257,41.2733],[1.6232,41.2671],[1.6227,41.2591],[1.6199,41.2535],[1.6126,41.2518],[1.6061,41.2499],[1.6009,41.253],[1.5956,41.2551],[1.5884,41.2577],[1.5833,41.2576],[1.5765,41.2587],[1.5701,41.2607],[1.5752,41.2557],[1.5762,41.2506],[1.5774,41.2455],[1.5792,41.2405],[1.5901,41.2354],[1.5965,41.2342],[1.6022,41.2348],[1.6074,41.2325],[1.6124,41.2304],[1.6175,41.2255],[1.6233,41.2226],[1.6304,41.2239],[1.634,41.229],[1.6392,41.235],[1.6412,41.2354]]]]}},{"type":"Feature","properties":{"id":"13","name":"Barcelonès","capital":"Barcelona"},"geometry":{"type":"MultiPolygon","coordinates":[[[[2.1551,41.3405],[2.1551,41.3404],[2.155,41.3404],[2.1551,41.3405]]],[[[2.1556,41.3412],[2.1555,41.3412],[2.1556,41.3413],[2.1556,41.3412]]],[[[2.1555,41.3411],[2.1554,41.3411],[2.1555,41.3412],[2.1556,41.3411],[2.1555,41.3411]]],[[[2.1552,41.3405],[2.1551,41.3405],[2.1551,41.3406],[2.1552,41.3406],[2.1552,41.3405]]],[[[2.2263,41.4084],[2.226,41.408],[2.2262,41.4084],[2.2263,41.4084]]],[[[2.2258255216938148,41.40768785189003],[2.2255948604988314,41.40732821789535],[2.225569754518425,41.40733613436693],[2.2257957083420825,41.40769350651259],[2.2258255216938148,41.40768785189003]]],[[[2.1621,41.3424],[2.1621,41.3423],[2.1619,41.3424],[2.1619,41.3425],[2.1621,41.3424]]],[[[2.1614,41.3425],[2.1614,41.3424],[2.1612,41.3425],[2.1612,41.3426],[2.1614,41.3425]]],[[[2.1656,41.3417],[2.1655,41.3416],[2.1653,41.3416],[2.1654,41.3417],[2.1656,41.3417]]],[[[2.1527,41.3228],[2.1524,41.3229],[2.1525,41.323],[2.1526,41.323],[2.1526,41.3229],[2.1527,41.3229],[2.1527,41.3228]]],[[[2.1649,41.342],[2.1649,41.3419],[2.1646,41.3419],[2.1647,41.342],[2.1649,41.342]]],[[[2.1821,41.3649],[2.182,41.3649],[2.182,41.365],[2.1821,41.365],[2.1822,41.365],[2.1822,41.3649],[2.1821,41.3649]]],[[[2.1806,41.3648],[2.1805,41.3648],[2.1805,41.3649],[2.1805,41.365],[2.1806,41.365],[2.1807,41.365],[2.1807,41.3649],[2.1807,41.3648],[2.1806,41.3648]]],[[[2.1809,41.3653],[2.1808,41.3653],[2.1808,41.3654],[2.1808,41.3655],[2.1809,41.3655],[2.181,41.3655],[2.181,41.3654],[2.181,41.3653],[2.1809,41.3653]]],[[[2.1818,41.3644],[2.1817,41.3644],[2.1817,41.3645],[2.1818,41.3645],[2.1819,41.3645],[2.1819,41.3644],[2.1818,41.3644]]],[[[2.1657,41.3418],[2.1657,41.3417],[2.1654,41.3418],[2.1654,41.3419],[2.1657,41.3418]]],[[[2.1556,41.341],[2.1555,41.341],[2.1555,41.3409],[2.1554,41.3407],[2.1553,41.3408],[2.1553,41.3409],[2.1554,41.341],[2.1555,41.341],[2.1555,41.3411],[2.1556,41.341]]],[[[2.2264,41.4084],[2.2263,41.4084],[2.2263,41.4085],[2.2263,41.4086],[2.2263,41.4087],[2.2264,41.4087],[2.2264,41.4086],[2.2265,41.4086],[2.2264,41.4084]]],[[[2.1808,41.365],[2.1807,41.365],[2.1806,41.3651],[2.1807,41.3653],[2.1809,41.3652],[2.1808,41.365]]],[[[2.182,41.3646],[2.182,41.3645],[2.1818,41.3646],[2.1818,41.3647],[2.1819,41.3648],[2.182,41.3648],[2.1821,41.3648],[2.182,41.3646]]],[[[2.1653,41.3392],[2.1652,41.3389],[2.165,41.3389],[2.1651,41.3393],[2.1653,41.3392]]],[[[2.1647,41.3371],[2.1646,41.3368],[2.1644,41.3368],[2.1645,41.3371],[2.1647,41.3371]]],[[[2.2283,41.4083],[2.2282,41.4083],[2.2282,41.4084],[2.2281,41.4084],[2.228,41.4084],[2.2279,41.4085],[2.2278,41.4085],[2.2278,41.4086],[2.2279,41.4086],[2.228,41.4085],[2.2281,41.4085],[2.2282,41.4085],[2.2283,41.4084],[2.2283,41.4083]]],[[[2.2061,41.3894],[2.2062,41.3894],[2.2063,41.3894],[2.2062,41.3893],[2.2062,41.3892],[2.2061,41.3892],[2.206,41.3892],[2.2059,41.3892],[2.2058,41.3892],[2.2058,41.3893],[2.2058,41.3894],[2.2059,41.3894],[2.2059,41.3893],[2.206,41.3893],[2.206,41.3894],[2.2061,41.3894]]],[[[2.227,41.408],[2.227,41.4079],[2.227,41.4078],[2.227,41.4077],[2.2269,41.4077],[2.2269,41.4076],[2.2268,41.4076],[2.2268,41.4077],[2.2268,41.4078],[2.2268,41.4079],[2.2268,41.408],[2.2268,41.4081],[2.2269,41.4082],[2.2269,41.4083],[2.2269,41.4082],[2.2269,41.4081],[2.2269,41.408],[2.227,41.408]]],[[[2.2265,41.4075],[2.2265,41.4074],[2.2265,41.4075],[2.2265,41.4074],[2.2265,41.4073],[2.2265,41.4072],[2.2265,41.4071],[2.2264,41.4071],[2.2263,41.4072],[2.2263,41.4073],[2.2263,41.4074],[2.2263,41.4075],[2.2264,41.4076],[2.2264,41.4077],[2.2265,41.4078],[2.2266,41.4079],[2.2267,41.4079],[2.2266,41.4078],[2.2266,41.4077],[2.2265,41.4077],[2.2265,41.4076],[2.2265,41.4075]]],[[[2.1944,41.3768],[2.1944,41.3767],[2.1944,41.3766],[2.1943,41.3766],[2.1943,41.3765],[2.1942,41.3764],[2.1941,41.3764],[2.1941,41.3763],[2.194,41.3763],[2.194,41.3762],[2.194,41.3761],[2.1939,41.3761],[2.1939,41.376],[2.1938,41.376],[2.1937,41.376],[2.1937,41.3761],[2.1937,41.3762],[2.1938,41.3763],[2.1938,41.3764],[2.1939,41.3764],[2.1939,41.3765],[2.194,41.3765],[2.194,41.3766],[2.194,41.3767],[2.1941,41.3767],[2.1941,41.3768],[2.1942,41.3768],[2.1942,41.3769],[2.1942,41.377],[2.1943,41.377],[2.1943,41.3771],[2.1944,41.3771],[2.1944,41.3772],[2.1944,41.3773],[2.1945,41.3773],[2.1946,41.3773],[2.1946,41.3772],[2.1946,41.3771],[2.1946,41.377],[2.1946,41.3769],[2.1945,41.3769],[2.1945,41.3768],[2.1944,41.3768]]],[[[2.2222,41.4036],[2.2221,41.4035],[2.222,41.4035],[2.222,41.4036],[2.222,41.4037],[2.2221,41.4037],[2.2222,41.4039],[2.2222,41.404],[2.2223,41.404],[2.2224,41.4041],[2.2224,41.4042],[2.2224,41.4043],[2.2225,41.4044],[2.2227,41.4047],[2.2228,41.4049],[2.2229,41.405],[2.223,41.4051],[2.2231,41.4051],[2.2231,41.405],[2.2231,41.4049],[2.2231,41.4048],[2.223,41.4048],[2.223,41.4047],[2.2229,41.4047],[2.2229,41.4045],[2.2228,41.4044],[2.2228,41.4043],[2.2227,41.4043],[2.2227,41.4042],[2.2226,41.4041],[2.2225,41.404],[2.2225,41.4039],[2.2224,41.4038],[2.2223,41.4037],[2.2222,41.4036]]],[[[2.2278,41.4096],[2.2279,41.4096],[2.228,41.4095],[2.228,41.4094],[2.2281,41.4094],[2.2281,41.4093],[2.2281,41.4092],[2.228,41.4092],[2.2281,41.4092],[2.2281,41.4091],[2.228,41.4091],[2.228,41.409],[2.228,41.4089],[2.2279,41.4089],[2.2279,41.4088],[2.2278,41.4088],[2.2278,41.4087],[2.2277,41.4086],[2.2277,41.4085],[2.2277,41.4084],[2.2276,41.4084],[2.2276,41.4083],[2.2275,41.4083],[2.2275,41.4082],[2.2274,41.4082],[2.2274,41.4081],[2.2273,41.4081],[2.2272,41.4081],[2.2271,41.4081],[2.227,41.4081],[2.227,41.4082],[2.227,41.4083],[2.227,41.4084],[2.2272,41.409],[2.2274,41.409],[2.2275,41.4094],[2.2277,41.4096],[2.2278,41.4096]]],[[[2.1751,41.3493],[2.174,41.3443],[2.173,41.3392],[2.1716,41.334],[2.1704,41.3288],[2.1708,41.3238],[2.1726,41.3184],[2.1704,41.3234],[2.1701,41.3295],[2.1701,41.3346],[2.1703,41.3398],[2.1714,41.345],[2.173,41.3502],[2.1768,41.3561],[2.1803,41.3615],[2.1789,41.3565],[2.1759,41.3513],[2.1751,41.3493]]],[[[2.0594,41.4354],[2.0646,41.4299],[2.0697,41.4252],[2.0705,41.4188],[2.0654,41.4181],[2.0615,41.4129],[2.0551,41.4121],[2.057,41.4172],[2.0555,41.4223],[2.0576,41.4275],[2.0579,41.4326],[2.0594,41.4354]]],[[[2.2471,41.4886],[2.2608,41.4708],[2.2645,41.4657],[2.2703,41.4608],[2.2652,41.4582],[2.2601,41.4545],[2.255,41.4502],[2.25,41.4451],[2.246,41.44],[2.2441,41.4345],[2.239,41.4298],[2.2368,41.4248],[2.2333,41.4196],[2.2331,41.4146],[2.2297,41.4092],[2.2329,41.4147],[2.2278,41.4152],[2.2286,41.4101],[2.2236,41.4064],[2.2185,41.4047],[2.2147,41.3996],[2.2096,41.3958],[2.2064,41.3908],[2.2013,41.3888],[2.2001,41.3838],[2.195,41.381],[2.1913,41.376],[2.1894,41.3707],[2.1893,41.3657],[2.1862,41.3599],[2.1892,41.3666],[2.1848,41.3718],[2.1872,41.3771],[2.1821,41.3745],[2.1825,41.3795],[2.178,41.3741],[2.1765,41.3684],[2.1736,41.3622],[2.1723,41.357],[2.1701,41.352],[2.1636,41.3484],[2.1579,41.3453],[2.1529,41.3445],[2.1497,41.338],[2.1447,41.3355],[2.1484,41.3301],[2.1517,41.3352],[2.1552,41.3402],[2.1606,41.3428],[2.1657,41.3413],[2.1632,41.3362],[2.1609,41.3311],[2.1558,41.3279],[2.1514,41.3226],[2.1457,41.3208],[2.1398,41.3211],[2.1326,41.3208],[2.1258,41.3214],[2.1189,41.3227],[2.1131,41.3256],[2.1087,41.3307],[2.1031,41.3349],[2.0975,41.338],[2.0921,41.3405],[2.0919,41.3455],[2.0972,41.3508],[2.0972,41.3559],[2.0919,41.3605],[2.0868,41.3657],[2.0919,41.3686],[2.0993,41.3687],[2.1013,41.374],[2.1028,41.3806],[2.1021,41.3876],[2.0992,41.3927],[2.1002,41.3977],[2.1036,41.4027],[2.1009,41.4078],[2.0958,41.4079],[2.0906,41.4083],[2.0855,41.4097],[2.0804,41.406],[2.0749,41.4028],[2.072,41.4078],[2.076,41.4129],[2.0788,41.4179],[2.0801,41.4231],[2.0749,41.4249],[2.0745,41.4299],[2.0711,41.4351],[2.0767,41.4328],[2.082,41.4317],[2.0873,41.4288],[2.0924,41.4298],[2.0977,41.4322],[2.103,41.4283],[2.1084,41.4287],[2.1136,41.4284],[2.1189,41.4258],[2.1241,41.4296],[2.1286,41.4347],[2.1294,41.4399],[2.1329,41.445],[2.1379,41.4479],[2.143,41.4474],[2.1481,41.4468],[2.1532,41.4478],[2.1583,41.45],[2.1634,41.4498],[2.1647,41.4549],[2.1675,41.46],[2.1726,41.4619],[2.1778,41.4642],[2.1831,41.4682],[2.1889,41.4708],[2.194,41.4723],[2.1991,41.4732],[2.2042,41.4712],[2.2093,41.4705],[2.2143,41.4726],[2.2177,41.4776],[2.2119,41.4801],[2.2164,41.4858],[2.2231,41.4906],[2.2282,41.4919],[2.2334,41.4921],[2.2385,41.4914],[2.2436,41.4905],[2.2471,41.4886]],[[2.1548,41.3395],[2.1547,41.3395],[2.1546,41.3394],[2.1547,41.3394],[2.1548,41.3394],[2.1548,41.3395]],[[2.1542,41.3387],[2.1542,41.3388],[2.1543,41.3387],[2.1544,41.3388],[2.1544,41.3389],[2.1543,41.3389],[2.1543,41.339],[2.1542,41.339],[2.1541,41.339],[2.1541,41.3389],[2.1541,41.3388],[2.1542,41.3387]]]]}},{"type":"Feature","properties":{"id":"14","name":"Berguedà","capital":"Berga"},"geometry":{"type":"MultiPolygon","coordinates":[[[[1.6892,42.102],[1.6892,42.1019],[1.6891,42.1019],[1.6889,42.1019],[1.689,42.102],[1.6891,42.102],[1.6892,42.102]]],[[[1.6592,42.1148],[1.6699,42.1145],[1.6749,42.1143],[1.68,42.1142],[1.685,42.1137],[1.6904,42.1128],[1.6955,42.1082],[1.6903,42.1047],[1.6852,42.1042],[1.6802,42.1034],[1.6739,42.1042],[1.6687,42.105],[1.6631,42.1053],[1.6527,42.1091],[1.6477,42.1108],[1.653,42.1137],[1.6581,42.1142],[1.6592,42.1148]]],[[[1.9554,42.3121],[1.9642,42.3062],[1.9694,42.3032],[1.9773,42.3013],[1.9836,42.298],[1.9887,42.3007],[1.9938,42.302],[1.9989,42.3045],[2.0041,42.3066],[2.0092,42.3074],[2.0142,42.3075],[2.0196,42.31],[2.0247,42.3079],[2.0299,42.3064],[2.035,42.3055],[2.0401,42.3018],[2.0459,42.2992],[2.0511,42.296],[2.0562,42.2949],[2.0615,42.2937],[2.0667,42.2901],[2.0678,42.2851],[2.0625,42.2822],[2.0574,42.2802],[2.0523,42.2754],[2.0472,42.2733],[2.0432,42.2682],[2.0412,42.2632],[2.0361,42.2583],[2.031,42.2563],[2.0288,42.2513],[2.0293,42.2463],[2.0271,42.2412],[2.0245,42.2362],[2.0195,42.2319],[2.0211,42.2269],[2.0258,42.2219],[2.0295,42.2168],[2.0346,42.219],[2.04,42.2208],[2.0453,42.2211],[2.0531,42.2194],[2.0508,42.2144],[2.0501,42.2093],[2.0519,42.2042],[2.0529,42.1992],[2.058,42.1948],[2.0634,42.1915],[2.0615,42.1796],[2.0576,42.1746],[2.0461,42.1757],[2.0408,42.1771],[2.0357,42.1779],[2.0316,42.1729],[2.0278,42.1678],[2.0227,42.1645],[2.0175,42.1643],[2.0124,42.1639],[2.0073,42.1621],[1.9959,42.172],[2.0026,42.1783],[2.0054,42.1833],[2.0003,42.186],[1.9977,42.1913],[2.0077,42.1936],[1.9906,42.1942],[1.9855,42.1945],[1.9805,42.196],[1.9754,42.1981],[1.9702,42.197],[1.9651,42.1988],[1.9644,42.1937],[1.9641,42.1887],[1.9653,42.1835],[1.9704,42.178],[1.9755,42.1814],[1.9806,42.1811],[1.9859,42.1805],[1.991,42.1824],[1.9905,42.1774],[1.9921,42.1723],[1.9976,42.1614],[2.0026,42.1567],[2.0059,42.1517],[2.0111,42.1499],[2.0163,42.1502],[2.0214,42.1514],[2.0264,42.1528],[2.0315,42.1515],[2.0351,42.146],[2.0402,42.1426],[2.0453,42.1439],[2.0513,42.1431],[2.0536,42.138],[2.0586,42.1363],[2.0637,42.1354],[2.0687,42.1332],[2.0692,42.1282],[2.068,42.1231],[2.0496,42.1216],[2.0507,42.1165],[2.0545,42.1075],[2.0456,42.1045],[2.0569,42.101],[2.0625,42.0986],[2.0577,42.0877],[2.053,42.0945],[2.0425,42.0924],[2.0398,42.0873],[2.0413,42.0823],[2.0347,42.0771],[2.0259,42.0929],[2.0208,42.0952],[2.0157,42.0944],[2.0081,42.0852],[2.0094,42.0802],[2.0091,42.0751],[2.0088,42.0701],[2.0085,42.065],[2.0094,42.0599],[2.0078,42.0548],[2.0076,42.0498],[2.0032,42.0447],[2.0026,42.0396],[1.9976,42.0363],[1.9992,42.0312],[2.011,42.0296],[2.0198,42.0274],[2.02,42.0224],[2.0149,42.0176],[2.0077,42.0089],[2.0081,42.0038],[2.0058,41.9986],[2.002,41.9926],[1.9961,41.9911],[1.9948,41.9861],[1.9968,41.981],[1.9943,41.9747],[1.9856,41.9696],[1.9914,41.9667],[1.9963,41.9611],[1.9879,41.9578],[1.9786,41.9538],[1.975,41.9411],[1.9721,41.9334],[1.9827,41.9259],[1.9837,41.9189],[1.9726,41.92],[1.9636,41.9408],[1.9549,41.9662],[1.9491,41.9652],[1.9369,41.9655],[1.927,41.9599],[1.9223,41.9544],[1.9172,41.952],[1.909,41.9494],[1.9015,41.9444],[1.8964,41.9434],[1.8972,41.9383],[1.8921,41.938],[1.8869,41.9374],[1.8854,41.9323],[1.8824,41.9271],[1.8846,41.922],[1.886,41.9169],[1.8828,41.9118],[1.8865,41.9067],[1.8814,41.9067],[1.8763,41.909],[1.8713,41.9104],[1.8639,41.9165],[1.8483,41.9162],[1.8486,41.9112],[1.8478,41.9062],[1.8505,41.9011],[1.8453,41.8972],[1.8397,41.9025],[1.8428,41.9076],[1.8377,41.9094],[1.8326,41.9113],[1.8276,41.916],[1.8227,41.921],[1.8176,41.9232],[1.8125,41.9246],[1.805,41.9235],[1.7956,41.9201],[1.7876,41.9195],[1.7745,41.9134],[1.7668,41.9115],[1.7653,41.9167],[1.7601,41.9156],[1.7549,41.9221],[1.7512,41.9169],[1.7416,41.9163],[1.7345,41.9167],[1.7334,41.9241],[1.7284,41.9271],[1.7233,41.9296],[1.7194,41.9346],[1.7175,41.9397],[1.7073,41.941],[1.6962,41.9389],[1.6881,41.9389],[1.6782,41.9425],[1.6777,41.9476],[1.6726,41.9515],[1.6704,41.9566],[1.6654,41.9604],[1.6578,41.9609],[1.6507,41.9575],[1.6457,41.9585],[1.6443,41.9635],[1.6443,41.9686],[1.6511,41.9784],[1.6562,41.9792],[1.664,41.9847],[1.6743,41.9827],[1.6711,41.9776],[1.6687,41.9719],[1.6738,41.9686],[1.6824,41.9677],[1.6933,41.9733],[1.7015,41.9772],[1.7101,41.9798],[1.717,41.9828],[1.7166,41.9878],[1.7154,41.9928],[1.7145,41.9979],[1.7094,42.0023],[1.7057,42.0088],[1.7,42.0123],[1.6947,42.0132],[1.6901,42.0051],[1.6988,41.9935],[1.6981,41.9883],[1.6914,41.9868],[1.6848,41.9951],[1.6797,41.9942],[1.6746,41.9933],[1.6696,41.9914],[1.6645,41.9908],[1.6616,41.9968],[1.6577,42.0029],[1.6564,41.9978],[1.6525,41.9927],[1.6505,41.9978],[1.6498,42.0028],[1.6524,42.0078],[1.6512,42.0129],[1.6555,42.018],[1.6605,42.0222],[1.6633,42.0165],[1.6622,42.0115],[1.6614,42.0064],[1.6669,42.0035],[1.6693,42.0099],[1.6697,42.0154],[1.6747,42.0185],[1.684,42.0247],[1.6897,42.0264],[1.697,42.026],[1.6947,42.0346],[1.6972,42.0396],[1.6932,42.0446],[1.688,42.0467],[1.6829,42.0484],[1.6802,42.0434],[1.6795,42.0383],[1.6741,42.0391],[1.6706,42.0442],[1.6734,42.0507],[1.6749,42.0557],[1.6869,42.0684],[1.6901,42.0739],[1.688,42.0791],[1.6912,42.0868],[1.7076,42.0824],[1.7131,42.0849],[1.7182,42.0875],[1.7229,42.1001],[1.7179,42.1015],[1.7116,42.1017],[1.7044,42.106],[1.7095,42.1097],[1.7119,42.1161],[1.7092,42.1212],[1.7036,42.1257],[1.6993,42.1323],[1.7031,42.1398],[1.7071,42.1461],[1.7098,42.1513],[1.715,42.1544],[1.7202,42.1521],[1.7253,42.1533],[1.729,42.1584],[1.7341,42.1589],[1.7383,42.164],[1.737,42.1692],[1.7376,42.1742],[1.7355,42.1792],[1.7305,42.1817],[1.7274,42.1764],[1.7274,42.1714],[1.726,42.1663],[1.7164,42.1655],[1.7081,42.1611],[1.7051,42.1661],[1.6938,42.1724],[1.6886,42.1706],[1.6836,42.1666],[1.6785,42.1676],[1.6735,42.1695],[1.6684,42.1667],[1.6634,42.1651],[1.6583,42.1652],[1.6523,42.1694],[1.6549,42.1746],[1.6467,42.1872],[1.6417,42.1921],[1.639,42.1972],[1.634,42.1982],[1.6289,42.1979],[1.6205,42.2019],[1.6138,42.201],[1.6115,42.206],[1.6106,42.2111],[1.6173,42.2238],[1.6255,42.2325],[1.6261,42.2381],[1.6328,42.2412],[1.6386,42.2474],[1.6471,42.2504],[1.6585,42.2534],[1.6636,42.2544],[1.6686,42.2551],[1.6739,42.2555],[1.6789,42.2557],[1.684,42.2564],[1.6878,42.2615],[1.6935,42.2635],[1.6918,42.2709],[1.69,42.2764],[1.6837,42.276],[1.6786,42.2786],[1.6736,42.2799],[1.6741,42.2849],[1.6791,42.2855],[1.6842,42.2853],[1.6892,42.2854],[1.6944,42.286],[1.6994,42.2849],[1.7045,42.2852],[1.7097,42.2863],[1.7149,42.2876],[1.7202,42.2834],[1.7252,42.2832],[1.7308,42.2838],[1.7359,42.2843],[1.7381,42.2894],[1.744,42.2901],[1.7492,42.2907],[1.7546,42.2919],[1.7596,42.2927],[1.7647,42.2927],[1.7698,42.2919],[1.7755,42.2905],[1.7806,42.2925],[1.7856,42.2933],[1.7907,42.2939],[1.7957,42.2943],[1.7992,42.2993],[1.8043,42.3019],[1.8094,42.3018],[1.8145,42.3018],[1.8196,42.2998],[1.8247,42.2999],[1.8297,42.3006],[1.8351,42.3045],[1.8402,42.3054],[1.8454,42.3077],[1.8505,42.3106],[1.8556,42.3104],[1.8607,42.3127],[1.8658,42.3122],[1.8721,42.3133],[1.8772,42.3127],[1.8822,42.3151],[1.8873,42.3174],[1.8923,42.3182],[1.8997,42.3225],[1.9059,42.3223],[1.9124,42.3187],[1.9181,42.3176],[1.9278,42.3181],[1.9329,42.3183],[1.938,42.3167],[1.9425,42.3109],[1.9475,42.3131],[1.9526,42.3139],[1.9554,42.3121]],[[2.0218,42.1272],[2.0166,42.1262],[2.0045,42.1257],[2.0049,42.1207],[2.006,42.1157],[2.007,42.108],[2.0121,42.1084],[2.0172,42.1092],[2.0201,42.1143],[2.0221,42.1193],[2.0279,42.1209],[2.0311,42.1259],[2.026,42.1298],[2.0207,42.131],[2.0218,42.1272]]]]}},{"type":"Feature","properties":{"id":"15","name":"Cerdanya","capital":"Puigcerdà"},"geometry":{"type":"MultiPolygon","coordinates":[[[[1.9929,42.4907],[1.9984,42.4853],[1.9933,42.4845],[1.9903,42.4794],[1.9864,42.4743],[1.9882,42.4693],[1.9922,42.4642],[1.9972,42.4608],[2.0065,42.4566],[2.012,42.453],[2.007,42.4479],[1.9977,42.4469],[1.9839,42.4467],[1.9711,42.4509],[1.9655,42.4524],[1.9598,42.4533],[1.9571,42.4608],[1.9603,42.4705],[1.9623,42.4756],[1.9705,42.4805],[1.9743,42.4855],[1.9771,42.4906],[1.9871,42.4938],[1.9929,42.4907]]],[[[2.0161,42.3471],[2.0068,42.3431],[1.9955,42.342],[1.9894,42.3438],[1.9906,42.3386],[1.9892,42.3336],[1.9839,42.3312],[1.9784,42.3316],[1.9728,42.3313],[1.9675,42.3317],[1.9622,42.3322],[1.9587,42.3267],[1.9554,42.3121],[1.9504,42.315],[1.9453,42.311],[1.9402,42.3155],[1.9351,42.3177],[1.9278,42.3181],[1.9227,42.3172],[1.9166,42.3178],[1.9098,42.3197],[1.9028,42.323],[1.8973,42.3219],[1.8922,42.3181],[1.8871,42.3175],[1.882,42.315],[1.8769,42.3129],[1.8705,42.3131],[1.8655,42.3122],[1.8602,42.3122],[1.8551,42.3101],[1.8498,42.3101],[1.8447,42.3074],[1.8397,42.3053],[1.8346,42.3042],[1.8296,42.3007],[1.8244,42.2999],[1.8194,42.2997],[1.8143,42.302],[1.8092,42.3018],[1.8041,42.3018],[1.7987,42.2991],[1.7948,42.2941],[1.7896,42.2941],[1.7845,42.2931],[1.7794,42.291],[1.774,42.2908],[1.7687,42.2919],[1.7635,42.293],[1.7583,42.2924],[1.7529,42.2916],[1.7476,42.2905],[1.7424,42.2906],[1.7373,42.2887],[1.7319,42.284],[1.7268,42.2837],[1.7212,42.2836],[1.7161,42.2872],[1.711,42.2866],[1.7059,42.2852],[1.7008,42.2848],[1.6958,42.2858],[1.6906,42.2858],[1.6856,42.2852],[1.6805,42.2854],[1.6755,42.2853],[1.6704,42.2816],[1.6653,42.2801],[1.6602,42.2827],[1.655,42.2836],[1.653,42.3002],[1.6536,42.3134],[1.655,42.3324],[1.6546,42.3414],[1.65,42.3476],[1.6544,42.3526],[1.6574,42.3577],[1.659,42.3631],[1.6537,42.3653],[1.6536,42.3703],[1.6571,42.3756],[1.6557,42.3806],[1.6527,42.3861],[1.6484,42.3916],[1.6475,42.3966],[1.6371,42.404],[1.6272,42.4056],[1.6225,42.4107],[1.6171,42.4146],[1.6118,42.4169],[1.6066,42.4194],[1.6011,42.4245],[1.603,42.4296],[1.5995,42.4349],[1.5965,42.44],[1.595,42.4451],[1.5898,42.4471],[1.5847,42.4491],[1.5831,42.4547],[1.5855,42.4598],[1.5907,42.4642],[1.5967,42.4661],[1.6018,42.466],[1.6069,42.4644],[1.6119,42.4651],[1.6172,42.4649],[1.6226,42.4657],[1.6278,42.464],[1.6329,42.4662],[1.6381,42.4674],[1.6431,42.467],[1.6482,42.4675],[1.6534,42.467],[1.6584,42.4707],[1.6617,42.4761],[1.6624,42.4824],[1.6622,42.4881],[1.6622,42.4936],[1.6661,42.4988],[1.6696,42.5039],[1.6743,42.4988],[1.6795,42.4947],[1.6857,42.4955],[1.691,42.4948],[1.6993,42.4916],[1.7061,42.4904],[1.7114,42.4923],[1.718,42.4977],[1.7257,42.5047],[1.7282,42.4997],[1.73,42.4944],[1.735,42.4935],[1.7401,42.4944],[1.7451,42.4949],[1.7502,42.4933],[1.7555,42.4909],[1.7607,42.4895],[1.7779,42.4862],[1.7919,42.4855],[1.8043,42.4904],[1.8144,42.4842],[1.8234,42.4866],[1.8288,42.4834],[1.8343,42.4825],[1.8396,42.4788],[1.8461,42.4725],[1.85,42.4674],[1.8551,42.4639],[1.8602,42.4633],[1.8653,42.4661],[1.8703,42.4638],[1.8754,42.4619],[1.8804,42.4602],[1.8839,42.4515],[1.8892,42.4498],[1.895,42.4476],[1.9007,42.4498],[1.9067,42.4486],[1.9145,42.4467],[1.9208,42.4469],[1.9267,42.4509],[1.9327,42.4546],[1.9397,42.4496],[1.9429,42.4445],[1.9419,42.4366],[1.9409,42.4305],[1.9482,42.4275],[1.9532,42.4267],[1.9583,42.4242],[1.9568,42.418],[1.956,42.4128],[1.9577,42.4077],[1.9611,42.4026],[1.9607,42.3976],[1.9604,42.3925],[1.9648,42.3874],[1.9645,42.3824],[1.9695,42.3773],[1.9746,42.3723],[1.9807,42.3692],[1.9864,42.3619],[1.9914,42.3591],[1.9965,42.359],[2.0015,42.3554],[2.0072,42.3531],[2.0124,42.3529],[2.0146,42.3478],[2.0161,42.3471]]]]}},{"type":"Feature","properties":{"id":"16","name":"Conca de Barberà","capital":"Montblanc"},"geometry":{"type":"Polygon","coordinates":[[[1.4746,41.4783],[1.4694,41.4767],[1.4644,41.4722],[1.458,41.4698],[1.4547,41.4647],[1.4523,41.4596],[1.447,41.456],[1.4417,41.4509],[1.4361,41.4489],[1.4307,41.4497],[1.425,41.4498],[1.4196,41.4468],[1.4138,41.4429],[1.4084,41.4406],[1.4041,41.4355],[1.3828,41.4479],[1.3776,41.446],[1.3716,41.4448],[1.3691,41.4396],[1.3653,41.4318],[1.3556,41.4283],[1.3499,41.4287],[1.3444,41.4294],[1.3305,41.4276],[1.3276,41.4339],[1.3276,41.4394],[1.3236,41.4445],[1.3183,41.4431],[1.3133,41.4402],[1.3082,41.4369],[1.3058,41.4317],[1.3007,41.4286],[1.294,41.4259],[1.289,41.4208],[1.2832,41.4175],[1.271,41.4081],[1.2633,41.4062],[1.2612,41.3986],[1.256,41.3908],[1.2537,41.3848],[1.2405,41.3839],[1.2399,41.3786],[1.2348,41.3748],[1.2297,41.3732],[1.2278,41.368],[1.2257,41.363],[1.2257,41.358],[1.2257,41.3529],[1.2242,41.3477],[1.221,41.3426],[1.216,41.3384],[1.2108,41.334],[1.2054,41.3324],[1.2002,41.3303],[1.1951,41.3261],[1.1926,41.3208],[1.1911,41.3157],[1.1849,41.3196],[1.1797,41.3198],[1.1745,41.3203],[1.1692,41.3175],[1.164,41.3156],[1.1588,41.3152],[1.1536,41.3117],[1.1481,41.3118],[1.143,41.3085],[1.138,41.3083],[1.1328,41.3057],[1.1277,41.3057],[1.1226,41.3056],[1.1176,41.3064],[1.1125,41.3081],[1.1075,41.3081],[1.1023,41.3103],[1.1074,41.313],[1.1002,41.3154],[1.0952,41.3156],[1.0901,41.3169],[1.0851,41.3179],[1.0799,41.3187],[1.0748,41.3213],[1.0697,41.3205],[1.0641,41.3263],[1.0591,41.3256],[1.054,41.3261],[1.049,41.3258],[1.0431,41.3256],[1.0377,41.3263],[1.0326,41.3287],[1.0273,41.3261],[1.0216,41.3286],[1.016,41.3307],[1.0109,41.3279],[1.0057,41.3256],[1.0018,41.3307],[1.0042,41.3357],[1.0041,41.3409],[1.0049,41.3461],[0.9998,41.3498],[0.9947,41.3526],[0.99,41.3475],[0.985,41.345],[0.9826,41.3399],[0.9798,41.3339],[0.9762,41.3289],[0.9712,41.3283],[0.9654,41.3268],[0.9601,41.3229],[0.9544,41.3184],[0.9486,41.3172],[0.9433,41.3192],[0.9379,41.3197],[0.9075,41.3267],[0.9067,41.332],[0.9083,41.337],[0.9083,41.3422],[0.9049,41.3476],[0.9101,41.3487],[0.9152,41.3495],[0.9203,41.349],[0.9253,41.3489],[0.9303,41.3497],[0.9353,41.3501],[0.9403,41.3498],[0.9453,41.3498],[0.9504,41.3525],[0.9554,41.3531],[0.9604,41.3547],[0.9663,41.3586],[0.9628,41.3637],[0.9656,41.3688],[0.9706,41.3723],[0.9727,41.3782],[0.9796,41.3866],[0.982,41.3917],[0.9871,41.39],[0.9921,41.3891],[0.9933,41.3942],[0.9983,41.3988],[1.0033,41.3999],[1.0062,41.4056],[1.0112,41.4044],[1.0164,41.404],[1.0247,41.4086],[1.0301,41.4164],[1.0361,41.4209],[1.04,41.4277],[1.0447,41.4336],[1.0465,41.4389],[1.0517,41.4429],[1.0571,41.4436],[1.0622,41.4481],[1.0636,41.4532],[1.0687,41.4551],[1.0737,41.4579],[1.0688,41.464],[1.0636,41.4653],[1.0586,41.4659],[1.0464,41.4735],[1.0413,41.4778],[1.0465,41.4844],[1.0472,41.4894],[1.0421,41.4935],[1.0374,41.4989],[1.0425,41.5005],[1.0475,41.4979],[1.0529,41.4948],[1.0579,41.4925],[1.0639,41.4876],[1.069,41.487],[1.0743,41.4854],[1.0795,41.4834],[1.0845,41.4792],[1.0898,41.477],[1.0999,41.4763],[1.1053,41.4745],[1.1071,41.4695],[1.1122,41.4679],[1.1178,41.4702],[1.1296,41.4743],[1.1382,41.4788],[1.1545,41.481],[1.1618,41.4825],[1.171,41.4862],[1.1762,41.4869],[1.1762,41.4936],[1.1752,41.4986],[1.1711,41.5037],[1.1661,41.5062],[1.1636,41.5132],[1.1689,41.5179],[1.1714,41.5278],[1.1663,41.5326],[1.1762,41.5338],[1.1661,41.5372],[1.1711,41.5405],[1.1809,41.5433],[1.1866,41.5437],[1.192,41.5428],[1.1977,41.5437],[1.2107,41.5487],[1.2125,41.554],[1.2126,41.5591],[1.2157,41.5672],[1.221,41.5697],[1.2261,41.5704],[1.2314,41.5693],[1.237,41.5703],[1.2422,41.5688],[1.2473,41.5698],[1.2553,41.5713],[1.2709,41.5721],[1.2765,41.5699],[1.2941,41.5664],[1.2992,41.5687],[1.3042,41.5715],[1.3122,41.5688],[1.3289,41.567],[1.3454,41.568],[1.3668,41.5659],[1.3722,41.5651],[1.378,41.5623],[1.3826,41.5573],[1.3881,41.556],[1.4032,41.5579],[1.4022,41.5647],[1.3959,41.5673],[1.3935,41.5724],[1.4043,41.5766],[1.4102,41.5755],[1.4152,41.5826],[1.4223,41.5818],[1.4274,41.5799],[1.4325,41.5788],[1.4412,41.5754],[1.4474,41.5738],[1.454,41.5692],[1.4487,41.5665],[1.4428,41.5642],[1.4378,41.5612],[1.4312,41.5556],[1.434,41.5505],[1.439,41.5505],[1.4441,41.5518],[1.4492,41.5455],[1.4484,41.5371],[1.4376,41.5391],[1.4257,41.5321],[1.4085,41.5352],[1.4035,41.5311],[1.4002,41.526],[1.4004,41.521],[1.3983,41.516],[1.4023,41.5101],[1.4075,41.505],[1.4126,41.5048],[1.4184,41.5022],[1.4374,41.4985],[1.4462,41.4951],[1.4513,41.4904],[1.4564,41.4878],[1.4616,41.4879],[1.4668,41.4843],[1.4719,41.4854],[1.475,41.4799],[1.4746,41.4783]]]}},{"type":"Feature","properties":{"id":"17","name":"Garraf","capital":"Vilanova i la Geltrú"},"geometry":{"type":"MultiPolygon","coordinates":[[[[1.8585454269579302,41.235691197546096],[1.858537581339053,41.23568893569707],[1.8585297357201762,41.235691197546096],[1.8585234592250743,41.23569459031963],[1.858521890101299,41.23570024494219],[1.8585203209775236,41.23570363771572],[1.8585203209775236,41.23570476864023],[1.8585234592250743,41.23570589956475],[1.8585281665964009,41.23570703048926],[1.8585360122152776,41.23570703048926],[1.8585391504628284,41.23570589956475],[1.858542288710379,41.23570363771572],[1.8585454269579302,41.235701375866704],[1.8585469960817056,41.23569798309317],[1.8585454269579302,41.235691197546096]]],[[[1.8586,41.2357],[1.8586,41.2358],[1.8585,41.2358],[1.8586,41.2358],[1.8586,41.2357]]],[[[1.7712707625703406,41.22127982649501],[1.7712456565899344,41.22127643372147],[1.7712346727235064,41.22127756464599],[1.7712346727235064,41.22128661204208],[1.7712378109710571,41.221291135740124],[1.7712378109710571,41.221291135740124],[1.7712535022088112,41.221300183136215],[1.7712660551990145,41.221300183136215],[1.7712707625703406,41.221299052211705],[1.7712833155605439,41.221291135740124],[1.77128802293187,41.22128661204208],[1.77128802293187,41.22128321926854],[1.7712786081892173,41.221280957419516],[1.771272331694116,41.22127982649501],[1.7712707625703406,41.22127982649501],[1.7712707625703406,41.22127982649501]]],[[[1.9096455118275135,41.25539190253785],[1.9096439427037382,41.2553862479153],[1.909639235332412,41.255387378839806],[1.9096360970848614,41.25539303346236],[1.9096313897135349,41.25540321178297],[1.9096251132184334,41.25541112825455],[1.909623544094658,41.25541791380162],[1.909623544094658,41.255425830273204],[1.9096282514659841,41.25543035397125],[1.909639235332412,41.255434877669295],[1.90965021919884,41.255436008593804],[1.9096517883226154,41.25543148489576],[1.9096517883226154,41.255425830273204],[1.9096455118275135,41.25539190253785]]],[[[1.8816162538275942,41.24628456744608],[1.8816052699611667,41.24628343652157],[1.8815927169709634,41.246291352993154],[1.8815958552185141,41.2462958766912],[1.881606839084942,41.24630379316278],[1.8816288068177975,41.24631057870985],[1.8816492054268776,41.24631623333241],[1.881666465788407,41.24631736425692],[1.8816727422835084,41.24631170963436],[1.8816648966646317,41.246308316860826],[1.8816429289317762,41.246299269464735],[1.881630375941573,41.246292483917664],[1.8816162538275942,41.24628456744608]]],[[[1.7714967163939979,41.221336372720586],[1.771490439898896,41.22133411087157],[1.771490439898896,41.22133411087157],[1.7714873016513453,41.22134089641863],[1.7714873016513453,41.22134542011668],[1.7714873016513453,41.221354467512775],[1.7714873016513453,41.221356729361794],[1.7714873016513453,41.22137030045594],[1.7714888707751206,41.22137482415398],[1.7714888707751206,41.22137482415398],[1.7714935781464467,41.22137934785203],[1.7714951472702225,41.22138047877654],[1.77152652974573,41.22138952617263],[1.77152652974573,41.22138952617263],[1.77152652974573,41.22138952617263],[1.77152652974573,41.22138726432361],[1.77152652974573,41.22137482415398],[1.77152652974573,41.22137482415398],[1.7715249606219547,41.221365776757885],[1.7715233914981794,41.221362383984356],[1.7715233914981794,41.221362383984356],[1.7715155458793026,41.22135220566375],[1.7715155458793026,41.22135220566375],[1.7715155458793026,41.22135220566375],[1.771510838507976,41.2213476819657],[1.7715045620128747,41.22134202734315],[1.771501423765324,41.22133863456961],[1.7714967163939979,41.221336372720586]]],[[[1.761129515609949,41.21864590330753],[1.7611216699910717,41.21864477238302],[1.761107547877093,41.21864477238302],[1.7610949948868901,41.21864929608107],[1.7610824418966868,41.21865608162814],[1.7610793036491361,41.218662867175205],[1.7610793036491361,41.21866852179777],[1.7610840110204622,41.218670783646786],[1.7611012713819916,41.2186719145713],[1.7611201008672963,41.21867304549581],[1.7611483450952536,41.21866739087325],[1.7611420686001518,41.21865834347716],[1.761134222981275,41.21864929608107],[1.761129515609949,41.21864590330753]]],[[[1.7619,41.2189],[1.7619,41.219],[1.762,41.219],[1.762,41.2189],[1.7619,41.2189]]],[[[1.9097176915211818,41.255398688084924],[1.909709845902305,41.2553964262359],[1.9097020002834277,41.25539981900943],[1.909683170798123,41.25541339010357],[1.9096800325505723,41.255416782877106],[1.9096721869316955,41.25542696119771],[1.909667479560369,41.25544053229185],[1.9096737560554709,41.255442794140876],[1.909683170798123,41.25544618691441],[1.9096957237883263,41.25544844876343],[1.9097004311596524,41.25544618691441],[1.9097082767785296,41.25544166321636],[1.9097082767785296,41.25543261582027],[1.909709845902305,41.25542809212222],[1.9097176915211818,41.25540547363199],[1.9097176915211818,41.255398688084924]]],[[[1.9158921935773696,41.25702269568355],[1.9158843479584928,41.25702156475904],[1.9158749332158402,41.25702495753258],[1.9158639493494127,41.257031743079644],[1.9158576728543109,41.257038528626715],[1.9158592419780862,41.25704418324928],[1.9158639493494127,41.25704983787183],[1.9158749332158402,41.25706227804146],[1.9158874862060435,41.25707245636206],[1.915893762701145,41.25707132543755],[1.9159016083200222,41.25706340896597],[1.915904746567573,41.25705549249439],[1.915904746567573,41.25704870694732],[1.915904746567573,41.25704305232476],[1.9159063156913483,41.25703400492867],[1.915898470072471,41.257028350306115],[1.9158921935773696,41.25702269568355]]],[[[1.7619752733248877,41.218877742832404],[1.761967427706011,41.218875480983385],[1.7619580129633583,41.218875480983385],[1.7619580129633583,41.218875480983385],[1.7619501673444815,41.21888226653046],[1.7619501673444815,41.21889018300204],[1.7619548747158076,41.21890827779422],[1.7619595820871337,41.2189161942658],[1.761967427706011,41.218922979812874],[1.761976842448663,41.21892750351092],[1.761976842448663,41.21892750351092],[1.7619862571913156,41.21891958703934],[1.7619893954388663,41.218902623171665],[1.7619941028101924,41.2188867902285],[1.761992533686417,41.21888339745497],[1.7619846880675403,41.21888000468143],[1.7619752733248877,41.218877742832404]]],[[[1.7710542234893358,41.22117578143994],[1.7710495161180093,41.22117465051543],[1.7710369631278065,41.221178043288965],[1.7710322557564804,41.2211814360625],[1.7710291175089292,41.22118822160957],[1.7710275483851539,41.22119274530762],[1.7710275483851539,41.22119274530762],[1.7710259792613785,41.22120179270371],[1.7710259792613785,41.22120179270371],[1.771035394004031,41.221206316401755],[1.7710401013753572,41.22120857825078],[1.7710526543655605,41.221214232873336],[1.7710730529746406,41.22122101842041],[1.771074622098416,41.22122101842041],[1.7710761912221913,41.22121988749589],[1.7710761912221913,41.22121988749589],[1.771079329469742,41.22121310194883],[1.771079329469742,41.22120970917529],[1.7710777603459666,41.22119953085468],[1.7710777603459666,41.22119953085468],[1.7710761912221913,41.22119387623213],[1.7710730529746406,41.22118935253408],[1.7710699147270899,41.22118482883604],[1.7710604999844373,41.221178043288965],[1.7710604999844373,41.221178043288965],[1.7710573617368865,41.221176912364456],[1.7710542234893358,41.22117578143994]]],[[[1.7012,41.208],[1.7011,41.208],[1.7011,41.2081],[1.7012,41.2081],[1.7012,41.208]]],[[[1.7716,41.2215],[1.7715,41.2215],[1.7715,41.2216],[1.7716,41.2216],[1.7716,41.2215]]],[[[1.847221060670889,41.23521960202476],[1.8472194915471132,41.235218471100254],[1.847210076804461,41.235218471100254],[1.847205369433135,41.235224125722816],[1.8472022311855842,41.23523091126988],[1.847194385566707,41.23523317311891],[1.8471865399478302,41.23523317311891],[1.8471755560814023,41.235234304043416],[1.8471708487100762,41.23523995866597],[1.8471677104625255,41.235245613288534],[1.8471677104625255,41.235252398835605],[1.8471692795863008,41.23525805345816],[1.8471724178338516,41.235263708080716],[1.847178694328953,41.23526936270328],[1.8471928164429317,41.23527841009937],[1.8472006620618084,41.23527727917486],[1.8472085076806857,41.23527501732583],[1.8472179224233378,41.23527388640132],[1.8472194915471132,41.235272755476814],[1.847221060670889,41.235272755476814],[1.8472226297946643,41.235272755476814],[1.8472226297946643,41.235272755476814],[1.8472241989184397,41.2352716245523],[1.8472241989184397,41.2352716245523],[1.847225768042215,41.23527049362779],[1.847225768042215,41.23527049362779],[1.8472273371659904,41.23527049362779],[1.8472289062897658,41.23526936270328],[1.8472289062897658,41.23526936270328],[1.8472336136610918,41.235263708080716],[1.8472289062897658,41.23525692253365],[1.8472289062897658,41.23525013698658],[1.8472273371659904,41.235224125722816],[1.847221060670889,41.23521960202476]]],[[[1.745105623615593,41.218351862934526],[1.7450867941302883,41.218345077387454],[1.7450726720163097,41.21834847016099],[1.745058549902331,41.21835073201001],[1.745053842531005,41.21835751755708],[1.745053842531005,41.21836543402866],[1.7450632572736575,41.2183790051228],[1.745078948511411,41.21839257621694],[1.745089932377839,41.2183982308395],[1.7451024853680424,41.21839936176401],[1.7451103309869191,41.21839709991499],[1.7451228839771225,41.218389183443406],[1.7451291604722239,41.2183790051228],[1.7451275913484485,41.218373350500244],[1.745116607482021,41.218363172179636],[1.745105623615593,41.218351862934526]]],[[[1.868402662514975,41.24142046112177],[1.8683963860198731,41.24141819927274],[1.8683901095247717,41.241424984819815],[1.8683854021534456,41.241434032215906],[1.8683775565345684,41.24144647238553],[1.8683775565345684,41.24145551978163],[1.8683854021534456,41.24146795995126],[1.8683948168960978,41.241480400120885],[1.868407369886301,41.24147813827186],[1.8684214920002797,41.24146795995126],[1.8684418906093598,41.24145551978163],[1.8684481671044613,41.241445341461024],[1.8684387523618091,41.241434032215906],[1.8684199228765044,41.241424984819815],[1.8684136463814025,41.241423853895306],[1.868402662514975,41.24142046112177]]],[[[1.7436,41.2181],[1.7436,41.2182],[1.7437,41.2182],[1.7437,41.2181],[1.7436,41.2181]]],[[[1.8886,41.248],[1.8886,41.2481],[1.8885,41.2481],[1.8886,41.2481],[1.8886,41.248]]],[[[1.7936,41.2282],[1.7935,41.2282],[1.7935,41.2283],[1.7935,41.2284],[1.7936,41.2284],[1.7937,41.2283],[1.7936,41.2283],[1.7936,41.2282]]],[[[1.793,41.228],[1.7929,41.2281],[1.793,41.2281],[1.793,41.2282],[1.7931,41.2282],[1.7931,41.2281],[1.7932,41.2281],[1.7931,41.2281],[1.7931,41.228],[1.793,41.228]]],[[[1.7904,41.2262],[1.7903,41.2262],[1.7902,41.2262],[1.7902,41.2263],[1.7903,41.2264],[1.7904,41.2263],[1.7904,41.2262]]],[[[1.7902,41.226],[1.7901,41.226],[1.79,41.226],[1.79,41.2261],[1.7901,41.2261],[1.7901,41.2262],[1.7902,41.2262],[1.7902,41.2261],[1.7903,41.2261],[1.7903,41.226],[1.7902,41.226]]],[[[1.7929,41.2278],[1.7928,41.2278],[1.7928,41.2279],[1.7929,41.228],[1.793,41.228],[1.793,41.2279],[1.793,41.2278],[1.7929,41.2278]]],[[[1.7937,41.2284],[1.7936,41.2284],[1.7936,41.2285],[1.7936,41.2286],[1.7937,41.2286],[1.7938,41.2286],[1.7938,41.2285],[1.7939,41.2285],[1.7938,41.2284],[1.7937,41.2284]]],[[[1.7896,41.2255],[1.7895,41.2255],[1.7895,41.2256],[1.7896,41.2257],[1.7897,41.2257],[1.7897,41.2256],[1.7898,41.2256],[1.7898,41.2255],[1.7897,41.2255],[1.7896,41.2255]]],[[[1.6617,41.1951],[1.6616,41.1951],[1.6616,41.1952],[1.6617,41.1952],[1.6618,41.1952],[1.6619,41.1952],[1.662,41.1952],[1.6621,41.1952],[1.6623,41.1953],[1.6624,41.1953],[1.6625,41.1953],[1.6626,41.1953],[1.6627,41.1953],[1.6628,41.1953],[1.6629,41.1953],[1.663,41.1953],[1.6629,41.1952],[1.6628,41.1952],[1.6627,41.1952],[1.6626,41.1952],[1.6625,41.1952],[1.6624,41.1952],[1.6623,41.1952],[1.662,41.1951],[1.6619,41.1951],[1.6618,41.1951],[1.6617,41.1951]]],[[[1.6666,41.1957],[1.6665,41.1957],[1.6664,41.1957],[1.6663,41.1957],[1.6662,41.1957],[1.666,41.1956],[1.6659,41.1956],[1.6657,41.1956],[1.6655,41.1956],[1.6654,41.1956],[1.6653,41.1956],[1.6652,41.1956],[1.6652,41.1957],[1.6653,41.1957],[1.6654,41.1957],[1.6655,41.1957],[1.6656,41.1957],[1.6657,41.1957],[1.6659,41.1957],[1.666,41.1957],[1.6661,41.1958],[1.6662,41.1958],[1.6663,41.1958],[1.6664,41.1958],[1.6665,41.1958],[1.6666,41.1958],[1.6666,41.1957]]],[[[1.6704,41.1962],[1.6703,41.1962],[1.6703,41.1961],[1.6702,41.1961],[1.6701,41.1961],[1.67,41.1961],[1.6699,41.1961],[1.6698,41.1961],[1.6697,41.1961],[1.6696,41.1961],[1.6695,41.1961],[1.6694,41.1961],[1.6693,41.1961],[1.6692,41.1961],[1.6691,41.1961],[1.669,41.1961],[1.6689,41.1961],[1.6689,41.1962],[1.669,41.1962],[1.6691,41.1962],[1.6692,41.1962],[1.6693,41.1962],[1.6694,41.1962],[1.6695,41.1962],[1.6696,41.1962],[1.6697,41.1962],[1.6698,41.1962],[1.6699,41.1962],[1.67,41.1962],[1.6701,41.1962],[1.6701,41.1963],[1.6702,41.1963],[1.6703,41.1963],[1.6704,41.1962]]],[[[1.651,41.1946],[1.6511,41.1946],[1.6512,41.1946],[1.6513,41.1946],[1.6513,41.1947],[1.6513,41.1948],[1.6514,41.1948],[1.6515,41.1949],[1.6516,41.1949],[1.6517,41.1949],[1.6517,41.1948],[1.6518,41.1948],[1.6518,41.1947],[1.6519,41.1946],[1.6518,41.1946],[1.6518,41.1945],[1.6517,41.1945],[1.6517,41.1944],[1.6516,41.1944],[1.6515,41.1944],[1.6514,41.1944],[1.6513,41.1944],[1.6512,41.1944],[1.6511,41.1944],[1.651,41.1944],[1.6509,41.1944],[1.6508,41.1944],[1.6507,41.1944],[1.6506,41.1944],[1.6505,41.1945],[1.6504,41.1945],[1.6503,41.1945],[1.6503,41.1946],[1.6502,41.1946],[1.6502,41.1947],[1.6503,41.1947],[1.6505,41.1948],[1.6506,41.1948],[1.6506,41.1949],[1.6506,41.195],[1.6507,41.195],[1.6508,41.195],[1.6508,41.1951],[1.6509,41.1951],[1.651,41.1951],[1.6511,41.195],[1.6511,41.1949],[1.651,41.1949],[1.6509,41.1948],[1.6508,41.1948],[1.6508,41.1947],[1.6509,41.1947],[1.6509,41.1946],[1.651,41.1946]]],[[[1.8478,41.3193],[1.849,41.3142],[1.8482,41.3091],[1.8499,41.3033],[1.855,41.2985],[1.86,41.2991],[1.8654,41.2959],[1.8727,41.2934],[1.8691,41.2813],[1.8741,41.2794],[1.8795,41.2785],[1.8849,41.2794],[1.8901,41.2834],[1.8954,41.2815],[1.9008,41.2809],[1.9059,41.2828],[1.911,41.2845],[1.9161,41.2893],[1.9212,41.2905],[1.9263,41.2889],[1.9319,41.2851],[1.9371,41.2828],[1.9422,41.2805],[1.9376,41.2755],[1.9398,41.2705],[1.9437,41.2652],[1.9386,41.263],[1.9333,41.2619],[1.9283,41.2589],[1.9232,41.2563],[1.9287,41.2594],[1.9236,41.2595],[1.9185,41.2581],[1.9135,41.2565],[1.9084,41.2551],[1.9034,41.2538],[1.9005,41.2487],[1.8955,41.2497],[1.8904,41.2487],[1.8854,41.2478],[1.8803,41.2458],[1.8753,41.2443],[1.8702,41.2428],[1.8676,41.2378],[1.8625,41.2394],[1.8575,41.2357],[1.8524,41.2345],[1.8474,41.2353],[1.8423,41.2351],[1.8373,41.2354],[1.8322,41.236],[1.8272,41.2351],[1.822,41.2346],[1.817,41.2359],[1.8119,41.2345],[1.8069,41.2341],[1.8018,41.2324],[1.7968,41.2306],[1.7916,41.2264],[1.7866,41.2245],[1.7815,41.2235],[1.7765,41.2235],[1.7714,41.2214],[1.7664,41.2198],[1.7613,41.2187],[1.7563,41.2194],[1.7512,41.2182],[1.7462,41.2183],[1.7411,41.2174],[1.7376,41.2123],[1.7327,41.2073],[1.7366,41.2129],[1.7313,41.215],[1.7317,41.21],[1.7267,41.2114],[1.7215,41.2117],[1.7163,41.2113],[1.7112,41.2095],[1.7062,41.2074],[1.7011,41.2081],[1.696,41.2072],[1.6909,41.2058],[1.6859,41.2038],[1.6808,41.2005],[1.6758,41.1987],[1.6707,41.1979],[1.6657,41.1971],[1.6605,41.196],[1.6555,41.194],[1.6502,41.1932],[1.6433,41.1982],[1.6409,41.2057],[1.6413,41.2116],[1.6471,41.2117],[1.6525,41.2071],[1.6483,41.2126],[1.6441,41.2206],[1.6462,41.2286],[1.6425,41.2336],[1.668,41.245],[1.671,41.25],[1.6708,41.255],[1.6761,41.2583],[1.6809,41.2638],[1.6906,41.2718],[1.6932,41.2768],[1.6952,41.2821],[1.7005,41.2875],[1.7024,41.2929],[1.7025,41.2991],[1.7096,41.3014],[1.7216,41.3014],[1.7291,41.2994],[1.7343,41.2961],[1.7393,41.2965],[1.7445,41.2986],[1.7531,41.3018],[1.7583,41.3066],[1.7639,41.3112],[1.7629,41.3168],[1.768,41.3242],[1.7733,41.3264],[1.7785,41.3287],[1.7835,41.3272],[1.7887,41.3244],[1.7937,41.3234],[1.7988,41.3231],[1.8054,41.3243],[1.8105,41.3231],[1.8157,41.3212],[1.8208,41.3205],[1.8258,41.3197],[1.8309,41.3206],[1.8359,41.3185],[1.8478,41.3193]]]]}},{"type":"Feature","properties":{"id":"18","name":"Garrigues","capital":"les Borges Blanques"},"geometry":{"type":"Polygon","coordinates":[[[0.9644,41.5794],[0.9666,41.5744],[0.9622,41.5692],[0.9673,41.5658],[0.9721,41.5591],[0.9771,41.5568],[0.9867,41.5501],[0.9838,41.5431],[0.9881,41.5364],[0.9813,41.5281],[0.9802,41.5231],[0.9789,41.5181],[0.9839,41.5169],[0.9972,41.5132],[1.0037,41.5129],[1.011,41.512],[1.016,41.5078],[1.0211,41.5032],[1.0261,41.5041],[1.0314,41.5061],[1.038,41.5051],[1.0372,41.4998],[1.0404,41.4948],[1.0454,41.4915],[1.0465,41.4844],[1.0375,41.48],[1.0426,41.4769],[1.0567,41.4664],[1.0617,41.4651],[1.0669,41.4637],[1.0721,41.4624],[1.073,41.4574],[1.0679,41.4556],[1.0631,41.4504],[1.0587,41.4451],[1.0536,41.4428],[1.0483,41.441],[1.0451,41.4359],[1.0432,41.4308],[1.0405,41.425],[1.0314,41.4209],[1.0289,41.4135],[1.021,41.4055],[1.0159,41.404],[1.0109,41.4043],[1.0035,41.4046],[0.9983,41.3988],[0.9933,41.3942],[0.9921,41.3891],[0.9871,41.39],[0.982,41.3917],[0.9796,41.3866],[0.9735,41.3808],[0.9726,41.3733],[0.9676,41.3706],[0.9626,41.3676],[0.9622,41.3626],[0.9644,41.3553],[0.9594,41.3549],[0.9544,41.3528],[0.9493,41.3524],[0.9442,41.35],[0.9391,41.3494],[0.934,41.3502],[0.929,41.3496],[0.9239,41.3487],[0.9188,41.349],[0.9138,41.3493],[0.9086,41.3483],[0.9036,41.3476],[0.8985,41.3456],[0.8935,41.3436],[0.8883,41.3427],[0.8832,41.3416],[0.8781,41.3414],[0.8731,41.3405],[0.8678,41.339],[0.8547,41.3484],[0.8472,41.3547],[0.845,41.3623],[0.8308,41.3586],[0.8302,41.3536],[0.8274,41.3486],[0.8267,41.3435],[0.8227,41.3384],[0.8207,41.3334],[0.8192,41.3283],[0.8141,41.3269],[0.8091,41.3282],[0.8041,41.3296],[0.7991,41.3296],[0.794,41.3301],[0.7887,41.3321],[0.7837,41.3323],[0.7787,41.333],[0.7736,41.3345],[0.7684,41.3338],[0.7634,41.3345],[0.7584,41.3312],[0.7538,41.3262],[0.7513,41.3212],[0.7462,41.3171],[0.7411,41.3177],[0.7361,41.3162],[0.7311,41.3147],[0.7261,41.3143],[0.7211,41.3139],[0.7161,41.3134],[0.711,41.3132],[0.706,41.3125],[0.7009,41.3134],[0.6959,41.3135],[0.6909,41.3127],[0.6859,41.3107],[0.6807,41.3082],[0.6757,41.3097],[0.6707,41.3097],[0.6657,41.3066],[0.6607,41.3031],[0.6556,41.301],[0.6506,41.2999],[0.6456,41.2991],[0.6406,41.2981],[0.6355,41.2971],[0.6304,41.2936],[0.6254,41.2921],[0.6204,41.2919],[0.6154,41.2921],[0.6103,41.2919],[0.6053,41.2916],[0.6003,41.2941],[0.5865,41.3072],[0.5809,41.3199],[0.5855,41.3339],[0.5869,41.3446],[0.5847,41.3496],[0.5859,41.361],[0.5838,41.3729],[0.5928,41.3816],[0.602,41.3875],[0.6099,41.3902],[0.6149,41.3914],[0.6258,41.3993],[0.6291,41.408],[0.6297,41.4165],[0.6265,41.4215],[0.6216,41.4266],[0.6214,41.4316],[0.621,41.4368],[0.6242,41.4418],[0.6254,41.4468],[0.6278,41.4519],[0.6328,41.4495],[0.6386,41.4528],[0.651,41.4554],[0.6562,41.4554],[0.6613,41.457],[0.6622,41.4653],[0.6639,41.4719],[0.6715,41.4759],[0.6778,41.4772],[0.6906,41.4775],[0.6949,41.4835],[0.698,41.4897],[0.6961,41.495],[0.7004,41.5051],[0.7055,41.5186],[0.7101,41.525],[0.7151,41.5235],[0.7201,41.5208],[0.7267,41.5185],[0.7349,41.5236],[0.7399,41.5282],[0.7455,41.5282],[0.7478,41.5332],[0.7563,41.5351],[0.7551,41.5401],[0.7552,41.5452],[0.756,41.5503],[0.7645,41.5513],[0.7695,41.5504],[0.7745,41.5496],[0.778,41.5547],[0.7768,41.5608],[0.7776,41.5658],[0.7826,41.5658],[0.7876,41.5633],[0.7913,41.5683],[0.7963,41.5703],[0.8013,41.5712],[0.8064,41.5716],[0.8118,41.5703],[0.8168,41.57],[0.8218,41.57],[0.8268,41.567],[0.8318,41.5704],[0.8361,41.5654],[0.8411,41.5659],[0.8462,41.5682],[0.8528,41.5717],[0.8583,41.5739],[0.8633,41.5769],[0.8683,41.5806],[0.8733,41.584],[0.8783,41.5856],[0.8827,41.5806],[0.8872,41.5755],[0.8923,41.5772],[0.8978,41.5803],[0.9031,41.5826],[0.9092,41.5854],[0.9144,41.5876],[0.9194,41.5887],[0.9244,41.5876],[0.9294,41.5862],[0.9344,41.5849],[0.9394,41.584],[0.9444,41.5842],[0.9495,41.5844],[0.9545,41.5837],[0.9595,41.5816],[0.9644,41.5794]]]}},{"type":"Feature","properties":{"id":"19","name":"Garrotxa","capital":"Olot"},"geometry":{"type":"Polygon","coordinates":[[[2.7792,42.2123],[2.7703,42.2061],[2.7657,42.2011],[2.7671,42.196],[2.7708,42.1897],[2.7652,42.1871],[2.76,42.1865],[2.7549,42.1853],[2.7489,42.1831],[2.7425,42.1812],[2.7364,42.1813],[2.7296,42.1844],[2.724,42.1865],[2.7184,42.1809],[2.7127,42.177],[2.7076,42.1744],[2.7025,42.1738],[2.6975,42.1739],[2.6924,42.173],[2.6873,42.1715],[2.6822,42.171],[2.677,42.1714],[2.6845,42.1743],[2.6794,42.175],[2.6743,42.174],[2.6693,42.176],[2.6655,42.169],[2.6686,42.1588],[2.6634,42.1565],[2.6582,42.1556],[2.6582,42.1506],[2.6575,42.1455],[2.6601,42.1403],[2.6549,42.1368],[2.66,42.1334],[2.6659,42.1236],[2.66,42.1203],[2.6576,42.1121],[2.6533,42.107],[2.646,42.0966],[2.6381,42.09],[2.633,42.0885],[2.633,42.0834],[2.6333,42.0783],[2.6371,42.0732],[2.6376,42.0679],[2.6361,42.0629],[2.6384,42.0579],[2.638,42.0528],[2.6329,42.0489],[2.6331,42.0438],[2.6304,42.0387],[2.6357,42.0389],[2.6408,42.0374],[2.644,42.0323],[2.6491,42.0274],[2.6541,42.0237],[2.6592,42.0207],[2.658,42.0156],[2.6529,42.0153],[2.6478,42.0142],[2.6427,42.0171],[2.6376,42.0162],[2.6292,42.0119],[2.6273,42.0169],[2.6262,42.0234],[2.6197,42.0228],[2.6144,42.0244],[2.609,42.0281],[2.6017,42.04],[2.6019,42.045],[2.5968,42.05],[2.5926,42.0449],[2.5907,42.0398],[2.5856,42.0369],[2.5802,42.0349],[2.5751,42.0377],[2.57,42.038],[2.5647,42.0393],[2.5594,42.0443],[2.5544,42.0439],[2.5493,42.0397],[2.5466,42.0347],[2.5442,42.0296],[2.5333,42.0281],[2.5282,42.0322],[2.5229,42.0352],[2.5178,42.0398],[2.5128,42.0449],[2.5077,42.0499],[2.5025,42.052],[2.4972,42.0574],[2.4909,42.0681],[2.4857,42.0674],[2.4806,42.072],[2.4669,42.0739],[2.4617,42.0755],[2.4559,42.0781],[2.4501,42.0775],[2.4449,42.0729],[2.4391,42.07],[2.4295,42.0643],[2.4242,42.0636],[2.4191,42.065],[2.4135,42.0691],[2.4084,42.0715],[2.4067,42.0765],[2.4015,42.0806],[2.3945,42.0868],[2.3942,42.0918],[2.4002,42.1027],[2.3951,42.1043],[2.3899,42.1042],[2.3848,42.1039],[2.3796,42.1037],[2.3764,42.1089],[2.3737,42.114],[2.3755,42.119],[2.3806,42.1236],[2.3743,42.1289],[2.3691,42.1285],[2.3554,42.1349],[2.3488,42.1439],[2.3501,42.149],[2.3553,42.1528],[2.3579,42.1583],[2.3634,42.1607],[2.3685,42.1618],[2.3738,42.1627],[2.3789,42.1648],[2.3845,42.1635],[2.3788,42.1709],[2.3727,42.1723],[2.3612,42.1715],[2.3582,42.1785],[2.3595,42.1861],[2.3565,42.1921],[2.3492,42.1944],[2.3474,42.2017],[2.3357,42.2075],[2.3409,42.2121],[2.3462,42.2126],[2.3513,42.2129],[2.3564,42.2139],[2.3614,42.2154],[2.3666,42.2151],[2.3762,42.2244],[2.375,42.2295],[2.3698,42.2286],[2.3648,42.228],[2.3596,42.2258],[2.3544,42.2271],[2.3492,42.2279],[2.3442,42.2316],[2.3437,42.2367],[2.3459,42.2417],[2.3509,42.2444],[2.3564,42.2455],[2.3614,42.2463],[2.3668,42.2482],[2.3719,42.2508],[2.3772,42.252],[2.3823,42.2528],[2.3809,42.2578],[2.3757,42.265],[2.3837,42.2701],[2.3936,42.2723],[2.3992,42.2717],[2.4044,42.2736],[2.4068,42.2787],[2.4089,42.2837],[2.414,42.2861],[2.4191,42.2863],[2.4242,42.2856],[2.4293,42.2865],[2.4344,42.2848],[2.4398,42.2856],[2.4449,42.2812],[2.4501,42.2812],[2.4553,42.2825],[2.4603,42.281],[2.4853,42.2883],[2.4803,42.298],[2.4884,42.3007],[2.4955,42.3003],[2.5039,42.3041],[2.504,42.2989],[2.5046,42.2869],[2.5088,42.2813],[2.5149,42.2809],[2.5231,42.2799],[2.5309,42.2795],[2.5373,42.2799],[2.5451,42.2827],[2.5503,42.2853],[2.5555,42.2856],[2.5503,42.2899],[2.545,42.2905],[2.5397,42.2908],[2.5346,42.2903],[2.5295,42.2908],[2.5241,42.2918],[2.528,42.3013],[2.5272,42.3083],[2.5248,42.3185],[2.5199,42.3269],[2.5265,42.3334],[2.5316,42.3331],[2.5367,42.3338],[2.5418,42.3336],[2.5468,42.331],[2.5519,42.3273],[2.557,42.3226],[2.5621,42.3194],[2.5672,42.3195],[2.5724,42.3204],[2.5776,42.3214],[2.5918,42.3278],[2.614,42.3186],[2.6155,42.3131],[2.6177,42.3068],[2.6228,42.3103],[2.628,42.3118],[2.6317,42.3067],[2.6298,42.3017],[2.6283,42.2966],[2.6333,42.2961],[2.6384,42.2964],[2.6434,42.2974],[2.6487,42.2974],[2.6538,42.2971],[2.6589,42.2922],[2.663,42.2872],[2.6661,42.2821],[2.6647,42.2766],[2.6671,42.2716],[2.662,42.2703],[2.6618,42.2652],[2.6669,42.2641],[2.671,42.258],[2.6769,42.2602],[2.6819,42.2631],[2.687,42.2622],[2.6835,42.2679],[2.6764,42.2704],[2.6816,42.2719],[2.6867,42.2727],[2.6919,42.2735],[2.6971,42.2735],[2.7022,42.2712],[2.7077,42.268],[2.7063,42.2596],[2.7012,42.2546],[2.7023,42.2495],[2.71,42.2501],[2.7182,42.2508],[2.7233,42.2471],[2.7267,42.2522],[2.7286,42.2597],[2.737,42.2625],[2.7442,42.2609],[2.7522,42.2588],[2.7602,42.2564],[2.7715,42.2522],[2.7693,42.2452],[2.7685,42.2384],[2.7736,42.2324],[2.7782,42.2272],[2.7767,42.2171],[2.7792,42.2123]]]}},{"type":"Feature","properties":{"id":"20","name":"Gironès","capital":"Girona"},"geometry":{"type":"Polygon","coordinates":[[[2.9543,42.1121],[2.9528,42.1067],[2.9527,42.1015],[2.9574,42.0965],[2.9668,42.0869],[2.9691,42.0815],[2.9711,42.076],[2.9781,42.073],[2.9778,42.0678],[2.9739,42.0626],[2.975,42.0576],[2.9776,42.0526],[2.9808,42.0475],[2.9798,42.0368],[2.9737,42.0354],[2.9683,42.0349],[2.9632,42.0373],[2.958,42.0354],[2.953,42.0331],[2.9531,42.0253],[2.9525,42.0197],[2.9515,42.013],[2.9517,42.0057],[2.9563,42.0006],[2.9643,41.9997],[2.973,42.001],[2.978,42.0002],[2.9872,41.9892],[2.9817,41.9837],[2.9755,41.9827],[2.9714,41.9764],[2.9656,41.9749],[2.9604,41.9743],[2.9539,41.9741],[2.9451,41.9661],[2.9459,41.9552],[2.9491,41.9479],[2.9462,41.9399],[2.9412,41.9391],[2.9361,41.9397],[2.9285,41.9377],[2.9234,41.9372],[2.919,41.9321],[2.9139,41.93],[2.8979,41.9329],[2.9012,41.9242],[2.9023,41.919],[2.8929,41.9143],[2.8855,41.9094],[2.8906,41.9055],[2.8957,41.9014],[2.906,41.9025],[2.9363,41.8979],[2.9464,41.8871],[2.9565,41.8847],[2.9529,41.8796],[2.9477,41.8748],[2.9449,41.8698],[2.9488,41.8634],[2.9594,41.8541],[2.9618,41.8491],[2.9659,41.8441],[2.9666,41.839],[2.9693,41.8339],[2.9706,41.8289],[2.9656,41.8258],[2.9605,41.8267],[2.9555,41.8265],[2.9504,41.8265],[2.9454,41.8259],[2.9403,41.8274],[2.9351,41.8279],[2.93,41.8255],[2.9313,41.8203],[2.9335,41.8152],[2.935,41.81],[2.9435,41.7895],[2.9558,41.7865],[2.9601,41.7741],[2.9527,41.7709],[2.9405,41.7606],[2.9282,41.7575],[2.9161,41.7679],[2.9094,41.7704],[2.9024,41.7724],[2.8826,41.7736],[2.8712,41.7728],[2.8671,41.7787],[2.8621,41.7836],[2.857,41.7885],[2.8535,41.7935],[2.854,41.8006],[2.8591,41.8026],[2.8617,41.8076],[2.8724,41.809],[2.8726,41.814],[2.8649,41.8146],[2.8517,41.8104],[2.8492,41.8199],[2.8539,41.8259],[2.8573,41.8356],[2.8603,41.8446],[2.8551,41.8477],[2.85,41.8492],[2.8448,41.8526],[2.8397,41.8569],[2.8345,41.861],[2.8294,41.8582],[2.8195,41.8524],[2.8155,41.8576],[2.8126,41.8627],[2.813,41.8678],[2.8129,41.8743],[2.8117,41.8795],[2.8148,41.8845],[2.8164,41.8896],[2.8174,41.8947],[2.8174,41.8998],[2.8171,41.9048],[2.8119,41.9085],[2.8172,41.9092],[2.8117,41.9132],[2.8037,41.9144],[2.7943,41.9113],[2.7856,41.906],[2.7801,41.9034],[2.7714,41.907],[2.7659,41.9094],[2.7606,41.9156],[2.7474,41.926],[2.7403,41.9241],[2.734,41.9232],[2.7265,41.9237],[2.7175,41.9219],[2.7074,41.9232],[2.6993,41.9239],[2.7008,41.929],[2.6993,41.9342],[2.6874,41.9429],[2.6821,41.9476],[2.6726,41.9482],[2.6656,41.952],[2.6619,41.9573],[2.6614,41.9623],[2.6665,41.9653],[2.6716,41.9653],[2.6723,41.9703],[2.6693,41.9775],[2.6682,41.9837],[2.6667,41.9887],[2.6616,41.992],[2.6605,41.997],[2.6589,42.002],[2.6585,42.0074],[2.6638,42.0087],[2.6617,42.0167],[2.658,42.0217],[2.6529,42.0244],[2.6478,42.0279],[2.6443,42.033],[2.6401,42.0381],[2.6347,42.0391],[2.6336,42.0442],[2.6332,42.0492],[2.6383,42.0531],[2.6385,42.0581],[2.6358,42.0632],[2.6376,42.0685],[2.6369,42.0736],[2.633,42.0786],[2.6326,42.0837],[2.6314,42.0887],[2.6365,42.0874],[2.6415,42.0874],[2.6466,42.086],[2.6517,42.0848],[2.6568,42.0853],[2.6619,42.0858],[2.6671,42.0851],[2.6722,42.085],[2.6773,42.0846],[2.6824,42.0833],[2.6875,42.0862],[2.6906,42.0913],[2.7061,42.0928],[2.7113,42.0924],[2.7165,42.092],[2.7217,42.0887],[2.7267,42.0863],[2.7319,42.086],[2.7293,42.0793],[2.7343,42.0779],[2.7395,42.0767],[2.7446,42.0747],[2.7497,42.0743],[2.7547,42.0722],[2.7635,42.065],[2.7677,42.0586],[2.7729,42.0574],[2.7789,42.0575],[2.7793,42.0523],[2.7784,42.0473],[2.7829,42.0423],[2.7879,42.0372],[2.7994,42.0317],[2.8018,42.0367],[2.8069,42.038],[2.8128,42.0373],[2.818,42.038],[2.8234,42.0383],[2.8311,42.0395],[2.8364,42.0407],[2.8347,42.0459],[2.8294,42.0497],[2.8304,42.0548],[2.8356,42.054],[2.8408,42.0548],[2.8459,42.0558],[2.8496,42.0608],[2.852,42.0658],[2.857,42.0685],[2.857,42.0735],[2.8621,42.0755],[2.8681,42.0749],[2.8713,42.0699],[2.8764,42.0676],[2.8814,42.0714],[2.8825,42.0661],[2.8875,42.0667],[2.8926,42.0711],[2.894,42.0763],[2.8951,42.0824],[2.8953,42.0874],[2.8937,42.0935],[2.897,42.0985],[2.9011,42.1036],[2.9043,42.1106],[2.9094,42.1117],[2.9159,42.113],[2.9212,42.1149],[2.9263,42.1168],[2.9315,42.1137],[2.9366,42.116],[2.9416,42.1154],[2.9467,42.114],[2.9529,42.1134],[2.9543,42.1121]]]}},{"type":"Feature","properties":{"id":"21","name":"Maresme","capital":"Mataró"},"geometry":{"type":"MultiPolygon","coordinates":[[[[2.7174,41.6288],[2.7173,41.6288],[2.7173,41.6289],[2.7174,41.6289],[2.7174,41.6288]]],[[[2.6076921910457918,41.594676041559495],[2.6076843454269145,41.594676041559495],[2.607678068931813,41.59467943433303],[2.607673361560487,41.594686219880096],[2.607673361560487,41.5946963982007],[2.6076749306842624,41.594705445596794],[2.6076764998080377,41.59471901669093],[2.6076796380555884,41.594732587785074],[2.607681207179364,41.594739373332146],[2.6076843454269145,41.5947450279547],[2.607689052798241,41.59475181350177],[2.6076953292933425,41.59475859904884],[2.6077000366646685,41.59476312274688],[2.6077047440359946,41.594768777369445],[2.607714158778647,41.594777824765536],[2.607722004397524,41.59478574123712],[2.6077314191401766,41.59478800308614],[2.6077361265115027,41.59478687216163],[2.6077424030066045,41.59478347938809],[2.6077455412541553,41.59477669384103],[2.60774397213038,41.59476651552042],[2.60774397213038,41.5947552062753],[2.6077408338828287,41.594740504256656],[2.6077361265115027,41.594725802238],[2.6077314191401766,41.594713362068376],[2.6077235735212994,41.59470205282326],[2.607714158778647,41.59469187450266],[2.6077047440359946,41.59468282710657],[2.6076921910457918,41.594676041559495]]],[[[2.6078,41.5948],[2.6077,41.5948],[2.6078,41.5948],[2.6079,41.5948],[2.6078,41.5948]]],[[[2.6087,41.5949],[2.6087,41.595],[2.6088,41.595],[2.6088,41.5949],[2.6087,41.5949]]],[[[2.5458,41.5754],[2.5458,41.5755],[2.5459,41.5755],[2.5459,41.5754],[2.5458,41.5754]]],[[[2.7442,41.7349],[2.776,41.735],[2.7753,41.73],[2.7702,41.7275],[2.7745,41.7003],[2.7702,41.6875],[2.7579,41.6794],[2.7597,41.6737],[2.7636,41.6684],[2.7682,41.6633],[2.7729,41.6583],[2.7767,41.6526],[2.7716,41.6479],[2.7663,41.6466],[2.7613,41.6458],[2.756,41.6449],[2.7507,41.6437],[2.7454,41.6421],[2.7403,41.6401],[2.7352,41.6379],[2.7299,41.636],[2.7249,41.6331],[2.7198,41.6299],[2.7148,41.6288],[2.7094,41.6275],[2.7043,41.6257],[2.6992,41.6233],[2.6937,41.6217],[2.6885,41.6201],[2.6834,41.6185],[2.6781,41.6167],[2.6731,41.6154],[2.6678,41.6137],[2.6624,41.6121],[2.6572,41.6108],[2.6521,41.6096],[2.647,41.6076],[2.6419,41.6058],[2.6368,41.6049],[2.6317,41.6037],[2.6265,41.6011],[2.6214,41.5995],[2.6162,41.5977],[2.611,41.596],[2.606,41.5945],[2.6009,41.5927],[2.5959,41.5909],[2.5906,41.589],[2.5853,41.587],[2.5803,41.5851],[2.5752,41.5833],[2.5701,41.5815],[2.5646,41.5787],[2.559,41.5746],[2.5623,41.5796],[2.5572,41.5795],[2.5521,41.5776],[2.547,41.5759],[2.5413,41.574],[2.5362,41.572],[2.5311,41.5693],[2.526,41.5673],[2.5209,41.565],[2.5159,41.5627],[2.5108,41.5601],[2.5058,41.5554],[2.5006,41.5561],[2.4955,41.5533],[2.4904,41.5519],[2.4853,41.5506],[2.4802,41.5492],[2.4751,41.5479],[2.47,41.5465],[2.465,41.5443],[2.4599,41.5416],[2.4549,41.5377],[2.4498,41.5341],[2.4485,41.5291],[2.4431,41.5292],[2.438,41.5274],[2.433,41.5246],[2.4279,41.5213],[2.4226,41.5184],[2.4175,41.516],[2.4124,41.5125],[2.4072,41.5089],[2.4021,41.5058],[2.397,41.5037],[2.3919,41.5011],[2.3868,41.4988],[2.3815,41.496],[2.3763,41.4939],[2.3712,41.4907],[2.366,41.4872],[2.3609,41.489],[2.3558,41.4877],[2.3507,41.4861],[2.3456,41.4847],[2.3406,41.4834],[2.3354,41.4824],[2.3302,41.4813],[2.3251,41.4793],[2.3199,41.4773],[2.3148,41.4754],[2.3091,41.476],[2.304,41.4748],[2.2989,41.4732],[2.2939,41.4713],[2.2888,41.4694],[2.2838,41.4672],[2.2787,41.4646],[2.2737,41.4625],[2.2681,41.4633],[2.2613,41.4703],[2.2485,41.4847],[2.2488,41.4897],[2.2539,41.492],[2.2587,41.497],[2.2622,41.5023],[2.2676,41.5065],[2.2726,41.5111],[2.278,41.5123],[2.2831,41.5147],[2.2882,41.5144],[2.2932,41.5147],[2.2983,41.5148],[2.3034,41.5149],[2.3085,41.5149],[2.3136,41.5169],[2.3187,41.5171],[2.3238,41.5175],[2.3288,41.5221],[2.3286,41.5272],[2.3235,41.5303],[2.3185,41.5328],[2.3242,41.5375],[2.3337,41.5432],[2.335,41.549],[2.3387,41.554],[2.3381,41.5598],[2.3441,41.5637],[2.3486,41.5687],[2.3536,41.572],[2.3647,41.5821],[2.3751,41.5951],[2.3804,41.5948],[2.3825,41.5999],[2.3876,41.601],[2.3929,41.6063],[2.3991,41.6082],[2.4035,41.6132],[2.4081,41.6183],[2.4132,41.6233],[2.4182,41.6271],[2.4237,41.6302],[2.4288,41.6294],[2.4339,41.6304],[2.4396,41.6301],[2.4452,41.6298],[2.4502,41.6265],[2.4553,41.6309],[2.4603,41.6294],[2.4655,41.6305],[2.4706,41.6297],[2.476,41.6307],[2.4812,41.6293],[2.4862,41.6263],[2.4915,41.6244],[2.4965,41.6239],[2.5018,41.6243],[2.5068,41.6253],[2.5124,41.6265],[2.5176,41.6266],[2.5226,41.6258],[2.5277,41.6276],[2.5312,41.6327],[2.5351,41.6377],[2.5395,41.6428],[2.5405,41.6479],[2.5444,41.6529],[2.5465,41.658],[2.5548,41.6591],[2.5619,41.6588],[2.5674,41.6604],[2.5886,41.659],[2.5939,41.6589],[2.5982,41.6701],[2.6064,41.6727],[2.6055,41.6777],[2.6005,41.6822],[2.6138,41.6925],[2.6189,41.6908],[2.6241,41.6894],[2.6294,41.6882],[2.6345,41.6914],[2.641,41.7118],[2.6462,41.7157],[2.6503,41.7208],[2.6555,41.7212],[2.6606,41.7184],[2.6659,41.7171],[2.6763,41.7182],[2.6837,41.7204],[2.693,41.7254],[2.7025,41.7281],[2.724,41.7444],[2.7442,41.7349]]]]}},{"type":"Feature","properties":{"id":"22","name":"Montsià","capital":"Amposta"},"geometry":{"type":"MultiPolygon","coordinates":[[[[0.562667296684664,40.58666040589631],[0.5626594510657871,40.58666040589631],[0.5626516054469101,40.58666266774533],[0.5626421907042577,40.58667171514143],[0.5626421907042577,40.58667736976398],[0.5626437598280332,40.58668076253752],[0.5626594510657871,40.58668980993361],[0.562667296684664,40.586692071782636],[0.562675142303541,40.58668980993361],[0.5626814187986426,40.586686417160074],[0.5626876952937442,40.58668189346203],[0.5626876952937442,40.5866694532924],[0.5626767114273165,40.586664929594356],[0.562667296684664,40.58666040589631]]],[[[0.6442,40.5751],[0.6441,40.5752],[0.6442,40.5752],[0.6442,40.5751]]],[[[0.6439,40.575],[0.6438,40.575],[0.6438,40.5751],[0.6439,40.575]]],[[[0.5512,40.5727],[0.5511,40.5727],[0.5511,40.5728],[0.5512,40.5728],[0.5512,40.5727]]],[[[0.6128,40.5757],[0.6127,40.5757],[0.6127,40.5758],[0.6128,40.5758],[0.6128,40.5757]]],[[[0.7346,40.6387],[0.7345,40.6387],[0.7345,40.6388],[0.7346,40.6388],[0.7346,40.6387]]],[[[0.6331,40.5776],[0.6331,40.5777],[0.633,40.5777],[0.633,40.5778],[0.6331,40.5777],[0.6331,40.5776]]],[[[0.5523,40.5725],[0.5523,40.5726],[0.5522,40.5726],[0.5523,40.5726],[0.5524,40.5726],[0.5524,40.5725],[0.5523,40.5725]]],[[[0.6461,40.582],[0.646,40.582],[0.6459,40.5821],[0.646,40.5821],[0.6461,40.5821],[0.6461,40.582]]],[[[0.6321,40.578],[0.6321,40.5781],[0.6322,40.5781],[0.6322,40.578],[0.6321,40.578]]],[[[0.6474,40.5837],[0.6473,40.5837],[0.6472,40.5838],[0.6473,40.5838],[0.6474,40.5838],[0.6474,40.5837]]],[[[0.6519,40.5819],[0.6518,40.5819],[0.6517,40.5819],[0.6517,40.582],[0.6516,40.582],[0.6517,40.582],[0.6518,40.582],[0.6519,40.5819]]],[[[0.643,40.5796],[0.6429,40.5797],[0.6428,40.5797],[0.6428,40.5798],[0.6427,40.5798],[0.6428,40.5798],[0.6429,40.5798],[0.6429,40.5797],[0.643,40.5797],[0.643,40.5796]]],[[[0.6435,40.5748],[0.6434,40.5749],[0.6434,40.575],[0.6435,40.575],[0.6436,40.5749],[0.6436,40.5748],[0.6435,40.5748]]],[[[0.638,40.5803],[0.638,40.5802],[0.6379,40.5803],[0.6378,40.5803],[0.6378,40.5804],[0.6379,40.5804],[0.638,40.5804],[0.638,40.5803]]],[[[0.6367,40.5801],[0.6366,40.5802],[0.6365,40.5803],[0.6366,40.5803],[0.6366,40.5804],[0.6366,40.5803],[0.6367,40.5803],[0.6367,40.5802],[0.6367,40.5801]]],[[[0.6333,40.5778],[0.6332,40.5777],[0.6332,40.5778],[0.6331,40.5778],[0.6331,40.5779],[0.633,40.5779],[0.633,40.578],[0.6331,40.578],[0.6332,40.5779],[0.6332,40.5778],[0.6333,40.5778]]],[[[0.6454,40.5822],[0.6455,40.5822],[0.6456,40.5821],[0.6457,40.5821],[0.6456,40.5821],[0.6455,40.5821],[0.6454,40.5821],[0.6453,40.5821],[0.6453,40.5822],[0.6452,40.5822],[0.6452,40.5823],[0.6453,40.5822],[0.6454,40.5822]]],[[[0.6392,40.5801],[0.6392,40.5802],[0.6391,40.5802],[0.6391,40.5803],[0.639,40.5804],[0.639,40.5805],[0.6391,40.5805],[0.6391,40.5804],[0.6392,40.5803],[0.6392,40.5802],[0.6393,40.5802],[0.6392,40.5802],[0.6392,40.5801]]],[[[0.6498,40.5794],[0.6497,40.5794],[0.6497,40.5795],[0.6496,40.5796],[0.6496,40.5797],[0.6497,40.5797],[0.6497,40.5796],[0.6498,40.5795],[0.6498,40.5794]]],[[[0.6437,40.5786],[0.6436,40.5786],[0.6436,40.5785],[0.6437,40.5785],[0.6438,40.5784],[0.6439,40.5784],[0.6439,40.5783],[0.644,40.5783],[0.644,40.5782],[0.644,40.5783],[0.6439,40.5783],[0.6437,40.5784],[0.6436,40.5785],[0.6436,40.5786],[0.6435,40.5786],[0.6436,40.5787],[0.6436,40.5786],[0.6437,40.5786]]],[[[0.6389,40.5791],[0.6388,40.5791],[0.6388,40.5792],[0.6388,40.5793],[0.6388,40.5794],[0.6389,40.5794],[0.6389,40.5793],[0.6389,40.5792],[0.6389,40.5791]]],[[[0.6021,40.5748],[0.602,40.5748],[0.602,40.5749],[0.6019,40.5749],[0.6019,40.575],[0.602,40.575],[0.6021,40.5749],[0.6022,40.5749],[0.6022,40.5748],[0.6021,40.5748]]],[[[0.6525,40.5842],[0.6524,40.5842],[0.6523,40.5842],[0.6523,40.5843],[0.6524,40.5844],[0.6524,40.5845],[0.6525,40.5844],[0.6525,40.5843],[0.6525,40.5842]]],[[[0.6171,40.5734],[0.617,40.5734],[0.617,40.5735],[0.6169,40.5736],[0.6169,40.5737],[0.617,40.5737],[0.617,40.5736],[0.6171,40.5736],[0.6171,40.5735],[0.6172,40.5735],[0.6172,40.5734],[0.6171,40.5734]]],[[[0.645,40.5804],[0.645,40.5803],[0.6449,40.5803],[0.6449,40.5804],[0.6448,40.5804],[0.6448,40.5805],[0.6448,40.5806],[0.6447,40.5806],[0.6447,40.5807],[0.6448,40.5807],[0.6448,40.5806],[0.6449,40.5806],[0.6449,40.5805],[0.645,40.5805],[0.645,40.5804]]],[[[0.6466,40.5834],[0.6467,40.5834],[0.6467,40.5833],[0.6466,40.5833],[0.6466,40.5832],[0.6467,40.5831],[0.6466,40.5831],[0.6465,40.5831],[0.6465,40.5832],[0.6465,40.5833],[0.6464,40.5833],[0.6464,40.5834],[0.6465,40.5834],[0.6466,40.5834]]],[[[0.6425,40.5823],[0.6425,40.5824],[0.6424,40.5824],[0.6424,40.5825],[0.6423,40.5825],[0.6423,40.5826],[0.6422,40.5826],[0.6422,40.5827],[0.6421,40.5827],[0.6421,40.5828],[0.642,40.5828],[0.6421,40.5828],[0.6422,40.5828],[0.6422,40.5827],[0.6423,40.5827],[0.6423,40.5826],[0.6424,40.5825],[0.6425,40.5825],[0.6425,40.5824],[0.6425,40.5823],[0.6426,40.5823],[0.6425,40.5823]]],[[[0.6382,40.581],[0.6381,40.581],[0.638,40.581],[0.6379,40.581],[0.6379,40.5811],[0.6378,40.5811],[0.6378,40.5812],[0.6379,40.5812],[0.638,40.5812],[0.6381,40.5811],[0.6381,40.581],[0.6382,40.581]]],[[[0.6403,40.5758],[0.6402,40.5758],[0.6402,40.5759],[0.6402,40.576],[0.6401,40.576],[0.64,40.5761],[0.64,40.5762],[0.6401,40.5762],[0.6401,40.5763],[0.6401,40.5762],[0.6402,40.5762],[0.6402,40.5761],[0.6402,40.576],[0.6403,40.5759],[0.6403,40.5758]]],[[[0.6462,40.5832],[0.6461,40.5832],[0.6461,40.5833],[0.6461,40.5834],[0.646,40.5834],[0.6459,40.5834],[0.6459,40.5835],[0.6459,40.5836],[0.6459,40.5837],[0.6459,40.5838],[0.6458,40.5838],[0.6458,40.5839],[0.6459,40.5838],[0.6459,40.5837],[0.6459,40.5836],[0.646,40.5836],[0.646,40.5835],[0.6461,40.5835],[0.6461,40.5834],[0.6462,40.5833],[0.6462,40.5832]]],[[[0.6472,40.5839],[0.6471,40.5839],[0.647,40.5839],[0.6471,40.5838],[0.647,40.5838],[0.6469,40.5838],[0.6468,40.5838],[0.6468,40.5839],[0.6469,40.5839],[0.6469,40.584],[0.647,40.584],[0.6471,40.584],[0.6471,40.5841],[0.6471,40.584],[0.6472,40.584],[0.6472,40.5839]]],[[[0.6476,40.5836],[0.6475,40.5836],[0.6475,40.5837],[0.6475,40.5838],[0.6474,40.5838],[0.6474,40.5839],[0.6473,40.5839],[0.6472,40.584],[0.6472,40.5841],[0.6473,40.5841],[0.6473,40.584],[0.6474,40.584],[0.6474,40.5839],[0.6475,40.5839],[0.6475,40.5838],[0.6476,40.5838],[0.6476,40.5837],[0.6476,40.5836]]],[[[0.6414,40.5758],[0.6413,40.5758],[0.6412,40.5758],[0.6412,40.5759],[0.6411,40.5759],[0.6411,40.576],[0.641,40.576],[0.641,40.5761],[0.641,40.5762],[0.6409,40.5762],[0.6409,40.5763],[0.6408,40.5763],[0.6409,40.5763],[0.641,40.5762],[0.641,40.5761],[0.6411,40.5761],[0.6412,40.5761],[0.6413,40.576],[0.6413,40.5759],[0.6414,40.5759],[0.6414,40.5758]]],[[[0.6387,40.5816],[0.6388,40.5816],[0.6389,40.5816],[0.6389,40.5815],[0.6389,40.5814],[0.6389,40.5813],[0.6388,40.5813],[0.6387,40.5813],[0.6387,40.5814],[0.6387,40.5815],[0.6386,40.5815],[0.6386,40.5816],[0.6387,40.5816]]],[[[0.6402,40.5768],[0.6401,40.5769],[0.64,40.5769],[0.6399,40.577],[0.6399,40.5771],[0.6398,40.5771],[0.6398,40.5772],[0.6398,40.5773],[0.6399,40.5773],[0.6399,40.5772],[0.64,40.5772],[0.64,40.5771],[0.6401,40.5771],[0.6401,40.577],[0.6402,40.5769],[0.6402,40.5768]]],[[[0.6374,40.5793],[0.6373,40.5793],[0.6373,40.5794],[0.6372,40.5794],[0.6372,40.5795],[0.6371,40.5795],[0.6371,40.5796],[0.6371,40.5797],[0.6372,40.5797],[0.6372,40.5796],[0.6373,40.5796],[0.6374,40.5795],[0.6374,40.5794],[0.6374,40.5793]]],[[[0.6418,40.5813],[0.6417,40.5813],[0.6416,40.5813],[0.6416,40.5814],[0.6415,40.5814],[0.6414,40.5815],[0.6413,40.5816],[0.6413,40.5817],[0.6412,40.5817],[0.6413,40.5817],[0.6414,40.5816],[0.6415,40.5815],[0.6416,40.5815],[0.6417,40.5815],[0.6417,40.5814],[0.6418,40.5814],[0.6418,40.5813],[0.6419,40.5813],[0.6418,40.5813]]],[[[0.634,40.5815],[0.634,40.5816],[0.6339,40.5816],[0.6339,40.5817],[0.6338,40.5817],[0.6338,40.5818],[0.6337,40.5818],[0.6337,40.5819],[0.6338,40.5819],[0.6339,40.5819],[0.6339,40.5818],[0.634,40.5818],[0.6341,40.5817],[0.6341,40.5816],[0.6341,40.5815],[0.634,40.5815]]],[[[0.6444,40.5747],[0.6443,40.5748],[0.6442,40.5748],[0.6441,40.5749],[0.644,40.575],[0.6439,40.5751],[0.6439,40.5752],[0.644,40.5752],[0.644,40.5751],[0.6441,40.5751],[0.6442,40.5751],[0.6442,40.575],[0.6443,40.5749],[0.6444,40.5748],[0.6444,40.5747]]],[[[0.6436,40.5791],[0.6435,40.5792],[0.6436,40.5792],[0.6436,40.5791],[0.6437,40.5791],[0.6437,40.579],[0.6436,40.579],[0.6438,40.5788],[0.6439,40.5788],[0.6439,40.5787],[0.644,40.5787],[0.644,40.5786],[0.644,40.5785],[0.6441,40.5785],[0.6441,40.5784],[0.6441,40.5785],[0.644,40.5785],[0.6439,40.5787],[0.6438,40.5787],[0.6437,40.5788],[0.6436,40.5789],[0.6435,40.5791],[0.6434,40.5791],[0.6434,40.5792],[0.6435,40.5792],[0.6435,40.5791],[0.6436,40.5791]]],[[[0.645,40.5808],[0.6449,40.5808],[0.6448,40.5808],[0.6448,40.5809],[0.6447,40.5809],[0.6447,40.581],[0.6446,40.581],[0.6446,40.5811],[0.6446,40.5812],[0.6447,40.5812],[0.6448,40.5811],[0.6449,40.5811],[0.6449,40.581],[0.645,40.5809],[0.645,40.5808]]],[[[0.6388,40.5802],[0.6387,40.5802],[0.6387,40.5803],[0.6386,40.5803],[0.6385,40.5804],[0.6385,40.5805],[0.6384,40.5805],[0.6384,40.5806],[0.6385,40.5807],[0.6385,40.5806],[0.6386,40.5806],[0.6386,40.5805],[0.6387,40.5805],[0.6387,40.5804],[0.6388,40.5804],[0.6388,40.5803],[0.6389,40.5803],[0.6388,40.5803],[0.6388,40.5802]]],[[[0.6469,40.5781],[0.6468,40.5782],[0.6468,40.5783],[0.6467,40.5783],[0.6468,40.5784],[0.6467,40.5785],[0.6466,40.5786],[0.6465,40.5787],[0.6465,40.5788],[0.6465,40.5789],[0.6465,40.5788],[0.6466,40.5788],[0.6466,40.5787],[0.6467,40.5787],[0.6467,40.5786],[0.6468,40.5785],[0.6469,40.5784],[0.6469,40.5783],[0.6469,40.5782],[0.6469,40.5781]]],[[[0.6386,40.5813],[0.6385,40.5813],[0.6385,40.5814],[0.6384,40.5814],[0.6384,40.5815],[0.6383,40.5815],[0.6383,40.5816],[0.6382,40.5816],[0.6381,40.5817],[0.6381,40.5818],[0.6382,40.5818],[0.6383,40.5818],[0.6384,40.5817],[0.6384,40.5816],[0.6385,40.5816],[0.6385,40.5815],[0.6385,40.5814],[0.6386,40.5814],[0.6386,40.5813]]],[[[0.6414,40.5752],[0.6413,40.5753],[0.6412,40.5753],[0.6411,40.5753],[0.6411,40.5754],[0.641,40.5754],[0.641,40.5755],[0.6409,40.5755],[0.6409,40.5756],[0.6408,40.5756],[0.6409,40.5756],[0.6409,40.5757],[0.6409,40.5756],[0.641,40.5756],[0.6411,40.5756],[0.6412,40.5756],[0.6412,40.5755],[0.6413,40.5755],[0.6413,40.5754],[0.6413,40.5753],[0.6414,40.5753],[0.6414,40.5752]]],[[[0.6494,40.5798],[0.6493,40.5798],[0.6492,40.5799],[0.6492,40.58],[0.6491,40.5801],[0.649,40.5802],[0.649,40.5803],[0.6491,40.5803],[0.6491,40.5802],[0.6492,40.5802],[0.6493,40.5801],[0.6494,40.58],[0.6494,40.5799],[0.6494,40.5798]]],[[[0.7075,40.6352],[0.7074,40.6352],[0.7073,40.6352],[0.7073,40.6353],[0.7073,40.6354],[0.7074,40.6354],[0.7074,40.6355],[0.7075,40.6355],[0.7075,40.6356],[0.7076,40.6356],[0.7077,40.6356],[0.7076,40.6356],[0.7076,40.6355],[0.7076,40.6354],[0.7077,40.6354],[0.7077,40.6353],[0.7076,40.6353],[0.7076,40.6352],[0.7075,40.6352]]],[[[0.6423,40.575],[0.6422,40.575],[0.6421,40.5751],[0.642,40.5752],[0.6419,40.5753],[0.6419,40.5754],[0.6418,40.5755],[0.6417,40.5755],[0.6417,40.5756],[0.6418,40.5756],[0.6419,40.5756],[0.642,40.5755],[0.642,40.5754],[0.6421,40.5753],[0.6422,40.5753],[0.6422,40.5752],[0.6423,40.5751],[0.6423,40.575]]],[[[0.6492,40.5775],[0.6491,40.5775],[0.6491,40.5776],[0.649,40.5776],[0.649,40.5777],[0.6489,40.5777],[0.6489,40.5778],[0.6488,40.5778],[0.6487,40.5779],[0.6487,40.578],[0.6488,40.578],[0.6489,40.5779],[0.649,40.5779],[0.6491,40.5778],[0.6492,40.5778],[0.6492,40.5777],[0.6493,40.5777],[0.6493,40.5776],[0.6492,40.5776],[0.6492,40.5775]]],[[[0.6448,40.5741],[0.6447,40.5741],[0.6447,40.5742],[0.6446,40.5742],[0.6445,40.5743],[0.6444,40.5744],[0.6443,40.5745],[0.6442,40.5745],[0.6442,40.5746],[0.6441,40.5746],[0.6442,40.5746],[0.6443,40.5746],[0.6444,40.5745],[0.6445,40.5745],[0.6446,40.5745],[0.6446,40.5744],[0.6447,40.5744],[0.6448,40.5743],[0.6448,40.5742],[0.6448,40.5741]]],[[[0.6488,40.5784],[0.6487,40.5785],[0.6486,40.5785],[0.6486,40.5786],[0.6485,40.5786],[0.6485,40.5787],[0.6484,40.5787],[0.6484,40.5788],[0.6483,40.5789],[0.6483,40.579],[0.6483,40.5791],[0.6482,40.5791],[0.6482,40.5792],[0.6482,40.5793],[0.6482,40.5792],[0.6483,40.5792],[0.6483,40.5791],[0.6484,40.579],[0.6485,40.5789],[0.6486,40.5788],[0.6486,40.5787],[0.6487,40.5787],[0.6488,40.5787],[0.6488,40.5786],[0.6488,40.5785],[0.6488,40.5784]]],[[[0.6392,40.5819],[0.6392,40.5818],[0.6392,40.5817],[0.6391,40.5817],[0.6391,40.5818],[0.6391,40.5819],[0.6391,40.5818],[0.639,40.5818],[0.6389,40.5818],[0.6389,40.5819],[0.6388,40.5819],[0.6387,40.5819],[0.6387,40.582],[0.6386,40.582],[0.6386,40.5821],[0.6386,40.5822],[0.6387,40.5822],[0.6387,40.5821],[0.6388,40.5821],[0.6389,40.5821],[0.639,40.5821],[0.639,40.582],[0.6391,40.582],[0.6392,40.582],[0.6392,40.5819]]],[[[0.6162,40.5771],[0.6162,40.5772],[0.6161,40.5773],[0.6161,40.5774],[0.6161,40.5775],[0.6161,40.5776],[0.6162,40.5777],[0.6163,40.5777],[0.6164,40.5777],[0.6164,40.5776],[0.6164,40.5775],[0.6164,40.5774],[0.6164,40.5773],[0.6163,40.5773],[0.6163,40.5772],[0.6162,40.5771]]],[[[0.6525,40.582],[0.6525,40.5821],[0.6524,40.5821],[0.6523,40.5821],[0.6522,40.5821],[0.6522,40.5822],[0.6521,40.5822],[0.652,40.5823],[0.6519,40.5823],[0.6519,40.5824],[0.6518,40.5824],[0.6518,40.5825],[0.6519,40.5825],[0.652,40.5824],[0.6521,40.5824],[0.6522,40.5824],[0.6523,40.5824],[0.6523,40.5823],[0.6524,40.5822],[0.6525,40.5822],[0.6526,40.5821],[0.6525,40.582]]],[[[0.6421,40.5757],[0.642,40.5757],[0.642,40.5758],[0.6419,40.5758],[0.6418,40.5758],[0.6418,40.5759],[0.6417,40.576],[0.6417,40.5761],[0.6417,40.5762],[0.6416,40.5762],[0.6416,40.5763],[0.6415,40.5763],[0.6415,40.5764],[0.6414,40.5764],[0.6414,40.5765],[0.6413,40.5765],[0.6413,40.5766],[0.6413,40.5765],[0.6414,40.5765],[0.6415,40.5764],[0.6416,40.5763],[0.6417,40.5763],[0.6418,40.5762],[0.6419,40.5762],[0.6419,40.5761],[0.6419,40.576],[0.642,40.576],[0.642,40.5759],[0.6421,40.5758],[0.6421,40.5757]]],[[[0.6422,40.5766],[0.6421,40.5766],[0.6421,40.5767],[0.642,40.5768],[0.6419,40.5768],[0.6418,40.5769],[0.6418,40.577],[0.6418,40.5771],[0.6418,40.5772],[0.6419,40.5772],[0.642,40.5772],[0.642,40.5771],[0.6421,40.5771],[0.6421,40.577],[0.6421,40.5769],[0.6422,40.5769],[0.6422,40.5768],[0.6422,40.5767],[0.6422,40.5766]]],[[[0.6427,40.5802],[0.6427,40.5803],[0.6427,40.5804],[0.6428,40.5803],[0.6429,40.5803],[0.6429,40.5802],[0.643,40.5801],[0.6431,40.5801],[0.643,40.5801],[0.6429,40.5801],[0.6428,40.5801],[0.6429,40.58],[0.6429,40.5799],[0.6428,40.5799],[0.6428,40.58],[0.6428,40.5801],[0.6427,40.5801],[0.6427,40.5802],[0.6426,40.5802],[0.6426,40.5803],[0.6425,40.5803],[0.6425,40.5804],[0.6424,40.5804],[0.6424,40.5805],[0.6424,40.5806],[0.6424,40.5807],[0.6424,40.5808],[0.6424,40.5807],[0.6425,40.5807],[0.6425,40.5806],[0.6426,40.5805],[0.6426,40.5804],[0.6426,40.5803],[0.6427,40.5803],[0.6427,40.5802]]],[[[0.637,40.5813],[0.6369,40.5813],[0.6369,40.5814],[0.6368,40.5814],[0.6368,40.5815],[0.6367,40.5815],[0.6367,40.5816],[0.6367,40.5817],[0.6366,40.5817],[0.6366,40.5818],[0.6367,40.5818],[0.6367,40.5819],[0.6368,40.5819],[0.6369,40.5819],[0.6369,40.5818],[0.637,40.5818],[0.637,40.5817],[0.637,40.5816],[0.637,40.5815],[0.637,40.5814],[0.637,40.5813]]],[[[0.6484,40.577],[0.6485,40.5771],[0.6486,40.5771],[0.6487,40.5771],[0.6487,40.577],[0.6487,40.5769],[0.6487,40.5768],[0.6486,40.5767],[0.6485,40.5767],[0.6485,40.5768],[0.6484,40.5768],[0.6484,40.5769],[0.6483,40.5769],[0.6482,40.577],[0.6482,40.5771],[0.6481,40.5771],[0.6481,40.5772],[0.648,40.5772],[0.648,40.5773],[0.6481,40.5773],[0.6482,40.5773],[0.6482,40.5772],[0.6483,40.5772],[0.6483,40.5771],[0.6483,40.577],[0.6484,40.577]]],[[[0.6149,40.5766],[0.6149,40.5765],[0.6149,40.5766],[0.6148,40.5766],[0.6147,40.5766],[0.6147,40.5767],[0.6146,40.5767],[0.6146,40.5768],[0.6145,40.5768],[0.6145,40.5769],[0.6146,40.5769],[0.6147,40.577],[0.6148,40.577],[0.6149,40.577],[0.615,40.577],[0.615,40.5769],[0.6151,40.5769],[0.6151,40.5768],[0.6151,40.5767],[0.6151,40.5766],[0.615,40.5766],[0.6149,40.5766]]],[[[0.6347,40.5812],[0.6346,40.5812],[0.6345,40.5812],[0.6344,40.5812],[0.6344,40.5811],[0.6343,40.5811],[0.6343,40.5812],[0.6342,40.5812],[0.6342,40.5813],[0.6341,40.5813],[0.6341,40.5814],[0.6342,40.5814],[0.6342,40.5815],[0.6343,40.5815],[0.6344,40.5815],[0.6345,40.5815],[0.6346,40.5815],[0.6347,40.5815],[0.6348,40.5814],[0.6348,40.5813],[0.6347,40.5813],[0.6347,40.5812]]],[[[0.6418,40.5825],[0.6419,40.5825],[0.6419,40.5824],[0.642,40.5824],[0.642,40.5823],[0.6421,40.5823],[0.6421,40.5822],[0.642,40.5822],[0.6419,40.5822],[0.6419,40.5823],[0.6419,40.5824],[0.6418,40.5824],[0.6418,40.5825],[0.6417,40.5825],[0.6416,40.5825],[0.6417,40.5825],[0.6416,40.5825],[0.6416,40.5824],[0.6417,40.5824],[0.6418,40.5824],[0.6419,40.5823],[0.6419,40.5822],[0.642,40.5821],[0.6421,40.5821],[0.6421,40.582],[0.6422,40.582],[0.6422,40.5819],[0.6422,40.5818],[0.6422,40.5817],[0.6423,40.5817],[0.6423,40.5816],[0.6422,40.5816],[0.6422,40.5817],[0.6421,40.5818],[0.642,40.5819],[0.642,40.582],[0.6419,40.582],[0.6419,40.5821],[0.6418,40.5821],[0.6417,40.5821],[0.6417,40.5822],[0.6416,40.5823],[0.6415,40.5824],[0.6415,40.5825],[0.6415,40.5826],[0.6416,40.5826],[0.6417,40.5826],[0.6418,40.5825]]],[[[0.6348,40.5816],[0.6347,40.5816],[0.6346,40.5816],[0.6345,40.5816],[0.6344,40.5816],[0.6344,40.5817],[0.6343,40.5817],[0.6343,40.5819],[0.6342,40.5819],[0.6342,40.582],[0.6341,40.5821],[0.6341,40.5822],[0.6341,40.5823],[0.634,40.5823],[0.6341,40.5823],[0.6341,40.5824],[0.6342,40.5823],[0.6343,40.5823],[0.6343,40.5822],[0.6344,40.5822],[0.6344,40.5821],[0.6345,40.582],[0.6345,40.5819],[0.6346,40.5818],[0.6347,40.5817],[0.6348,40.5817],[0.6349,40.5817],[0.6349,40.5816],[0.6348,40.5816]]],[[[0.6494,40.5834],[0.6495,40.5834],[0.6496,40.5834],[0.6497,40.5834],[0.6497,40.5833],[0.6498,40.5833],[0.6499,40.5832],[0.65,40.5831],[0.65,40.583],[0.6499,40.583],[0.6499,40.5831],[0.6498,40.5831],[0.6497,40.5831],[0.6497,40.583],[0.6498,40.583],[0.6498,40.5829],[0.6497,40.5829],[0.6496,40.5829],[0.6495,40.5829],[0.6495,40.583],[0.6494,40.583],[0.6494,40.5831],[0.6493,40.5832],[0.6493,40.5833],[0.6493,40.5834],[0.6492,40.5834],[0.6493,40.5834],[0.6494,40.5834]]],[[[0.6429,40.5768],[0.6429,40.5767],[0.643,40.5767],[0.643,40.5766],[0.6431,40.5765],[0.6432,40.5765],[0.6432,40.5764],[0.6433,40.5764],[0.6433,40.5763],[0.6434,40.5762],[0.6434,40.5761],[0.6436,40.576],[0.6435,40.576],[0.6434,40.5761],[0.6433,40.5761],[0.6432,40.5762],[0.6432,40.5763],[0.6431,40.5763],[0.6431,40.5764],[0.643,40.5764],[0.6429,40.5764],[0.6428,40.5765],[0.6427,40.5766],[0.6426,40.5766],[0.6426,40.5767],[0.6425,40.5767],[0.6425,40.5768],[0.6425,40.5769],[0.6426,40.5769],[0.6427,40.5768],[0.6428,40.5768],[0.6427,40.5768],[0.6427,40.5769],[0.6427,40.577],[0.6428,40.5769],[0.6429,40.5768]]],[[[0.6468,40.5844],[0.6468,40.5843],[0.6468,40.5842],[0.6468,40.5841],[0.6467,40.5841],[0.6467,40.5842],[0.6467,40.5843],[0.6466,40.5843],[0.6466,40.5844],[0.6465,40.5844],[0.6464,40.5844],[0.6463,40.5844],[0.6462,40.5844],[0.6461,40.5843],[0.6461,40.5842],[0.6462,40.5842],[0.6463,40.5842],[0.6463,40.5841],[0.6464,40.5841],[0.6464,40.5842],[0.6465,40.5842],[0.6466,40.5841],[0.6465,40.5841],[0.6464,40.5841],[0.6463,40.5841],[0.6462,40.5841],[0.6461,40.5841],[0.6461,40.5842],[0.646,40.5842],[0.646,40.5841],[0.6461,40.5841],[0.6461,40.584],[0.6462,40.584],[0.6463,40.584],[0.6462,40.584],[0.6461,40.584],[0.646,40.584],[0.646,40.5841],[0.6459,40.5841],[0.6459,40.5842],[0.6459,40.5843],[0.646,40.5843],[0.646,40.5844],[0.646,40.5845],[0.646,40.5846],[0.6461,40.5846],[0.6462,40.5846],[0.6462,40.5847],[0.6463,40.5847],[0.6464,40.5847],[0.6464,40.5846],[0.6465,40.5846],[0.6466,40.5845],[0.6467,40.5845],[0.6468,40.5844]]],[[[0.6433,40.5837],[0.6434,40.5837],[0.6435,40.5837],[0.6436,40.5837],[0.6437,40.5837],[0.6437,40.5836],[0.6436,40.5836],[0.6437,40.5836],[0.6437,40.5835],[0.6438,40.5835],[0.6438,40.5834],[0.6438,40.5833],[0.6438,40.5832],[0.6437,40.5832],[0.6437,40.5833],[0.6437,40.5834],[0.6436,40.5834],[0.6435,40.5834],[0.6435,40.5833],[0.6435,40.5834],[0.6434,40.5834],[0.6433,40.5834],[0.6434,40.5835],[0.6434,40.5836],[0.6433,40.5836],[0.6433,40.5835],[0.6432,40.5835],[0.6432,40.5834],[0.6431,40.5834],[0.6431,40.5835],[0.6431,40.5834],[0.6432,40.5833],[0.6432,40.5832],[0.6432,40.5831],[0.6432,40.583],[0.6433,40.5829],[0.6433,40.5828],[0.6432,40.5829],[0.6432,40.583],[0.6431,40.583],[0.6431,40.5831],[0.643,40.5831],[0.643,40.5832],[0.6429,40.5832],[0.6429,40.5833],[0.6429,40.5834],[0.643,40.5834],[0.643,40.5835],[0.6429,40.5835],[0.6429,40.5836],[0.6428,40.5836],[0.6428,40.5835],[0.6427,40.5835],[0.6427,40.5836],[0.6428,40.5836],[0.6429,40.5836],[0.643,40.5836],[0.6431,40.5836],[0.6431,40.5837],[0.6432,40.5837],[0.6433,40.5837],[0.6433,40.5838],[0.6433,40.5837]]],[[[0.645,40.5841],[0.6451,40.5841],[0.6451,40.584],[0.6452,40.584],[0.6452,40.5839],[0.6453,40.5839],[0.6453,40.5838],[0.6454,40.5838],[0.6454,40.5837],[0.6454,40.5836],[0.6454,40.5835],[0.6453,40.5835],[0.6453,40.5836],[0.6452,40.5836],[0.6452,40.5837],[0.6451,40.5837],[0.6451,40.5838],[0.645,40.5838],[0.645,40.5839],[0.6449,40.5839],[0.6448,40.5839],[0.6447,40.5839],[0.6447,40.584],[0.6446,40.584],[0.6446,40.5839],[0.6445,40.5839],[0.6445,40.5838],[0.6445,40.5837],[0.6444,40.5837],[0.6443,40.5837],[0.6442,40.5838],[0.6441,40.5838],[0.6441,40.5839],[0.6441,40.584],[0.6442,40.584],[0.6443,40.5841],[0.6444,40.5841],[0.6444,40.5842],[0.6445,40.5842],[0.6446,40.5842],[0.6447,40.5842],[0.6447,40.5841],[0.6448,40.5841],[0.6449,40.5841],[0.645,40.5841]]],[[[0.7173,40.603],[0.7173,40.6029],[0.7172,40.6029],[0.7173,40.6029],[0.7173,40.6028],[0.7172,40.6028],[0.7171,40.6027],[0.717,40.6027],[0.7169,40.6027],[0.7168,40.6027],[0.7167,40.6027],[0.7166,40.6027],[0.7165,40.6027],[0.7164,40.6027],[0.7163,40.6027],[0.7162,40.6028],[0.7163,40.6028],[0.7164,40.6028],[0.7164,40.6029],[0.7165,40.6029],[0.7166,40.6029],[0.7167,40.6029],[0.7167,40.603],[0.7168,40.6031],[0.7168,40.6032],[0.7167,40.6032],[0.7166,40.6032],[0.7165,40.6032],[0.7165,40.6033],[0.7166,40.6033],[0.7167,40.6033],[0.7168,40.6033],[0.7169,40.6033],[0.7169,40.6032],[0.717,40.6032],[0.7171,40.6032],[0.7172,40.6031],[0.7172,40.603],[0.7173,40.603]]],[[[0.6457,40.583],[0.6457,40.5829],[0.6458,40.5829],[0.6459,40.5829],[0.6459,40.5828],[0.646,40.5828],[0.6461,40.5828],[0.6462,40.5828],[0.6462,40.5827],[0.6463,40.5827],[0.6464,40.5827],[0.6464,40.5826],[0.6463,40.5826],[0.6462,40.5827],[0.6461,40.5827],[0.646,40.5827],[0.6459,40.5827],[0.6458,40.5827],[0.6457,40.5827],[0.6457,40.5828],[0.6456,40.5828],[0.6455,40.5828],[0.6454,40.5828],[0.6454,40.5829],[0.6453,40.5829],[0.6452,40.5829],[0.6451,40.5829],[0.6451,40.583],[0.645,40.583],[0.645,40.5829],[0.6451,40.5829],[0.6451,40.5828],[0.6451,40.5827],[0.6451,40.5826],[0.6451,40.5825],[0.6452,40.5825],[0.6452,40.5824],[0.6451,40.5824],[0.6451,40.5825],[0.645,40.5825],[0.645,40.5826],[0.645,40.5827],[0.6449,40.5828],[0.6449,40.5829],[0.6449,40.583],[0.6449,40.5831],[0.645,40.5831],[0.645,40.5832],[0.6451,40.5832],[0.6452,40.5833],[0.6453,40.5833],[0.6454,40.5833],[0.6454,40.5832],[0.6455,40.5832],[0.6455,40.5831],[0.6456,40.5831],[0.6456,40.583],[0.6457,40.583]]],[[[0.6338,40.5813],[0.6337,40.5813],[0.6336,40.5813],[0.6335,40.5813],[0.6335,40.5812],[0.6334,40.5812],[0.6333,40.5812],[0.6332,40.5812],[0.6331,40.5812],[0.633,40.5812],[0.6329,40.5812],[0.6329,40.5813],[0.6329,40.5814],[0.6329,40.5815],[0.633,40.5815],[0.633,40.5816],[0.6331,40.5816],[0.6332,40.5816],[0.6332,40.5817],[0.6333,40.5817],[0.6334,40.5817],[0.6334,40.5818],[0.6335,40.5818],[0.6335,40.5819],[0.6335,40.5818],[0.6336,40.5818],[0.6336,40.5817],[0.6337,40.5816],[0.6338,40.5815],[0.6338,40.5814],[0.6338,40.5813]]],[[[0.6381,40.5793],[0.638,40.5794],[0.638,40.5795],[0.638,40.5796],[0.638,40.5797],[0.6379,40.5798],[0.6379,40.5799],[0.6378,40.58],[0.6378,40.5801],[0.6379,40.5801],[0.638,40.5801],[0.6381,40.5801],[0.6382,40.5801],[0.6383,40.5801],[0.6383,40.58],[0.6384,40.58],[0.6384,40.5799],[0.6385,40.5799],[0.6385,40.5798],[0.6385,40.5797],[0.6384,40.5796],[0.6384,40.5795],[0.6383,40.5794],[0.6382,40.5793],[0.6381,40.5793]]],[[[0.6431,40.5773],[0.6433,40.5772],[0.6433,40.5771],[0.6433,40.577],[0.6433,40.5769],[0.6434,40.5769],[0.6434,40.5768],[0.6434,40.5767],[0.6435,40.5767],[0.6435,40.5766],[0.6436,40.5766],[0.6436,40.5765],[0.6437,40.5765],[0.6438,40.5764],[0.6438,40.5763],[0.6439,40.5763],[0.6439,40.5762],[0.644,40.5762],[0.6439,40.5762],[0.6438,40.5762],[0.6437,40.5762],[0.6435,40.5763],[0.6435,40.5764],[0.6434,40.5764],[0.6434,40.5765],[0.6433,40.5766],[0.6433,40.5767],[0.6433,40.5768],[0.6433,40.5769],[0.6432,40.577],[0.6431,40.577],[0.6431,40.5771],[0.643,40.5772],[0.6429,40.5772],[0.6429,40.5773],[0.643,40.5773],[0.6429,40.5774],[0.6428,40.5774],[0.6428,40.5775],[0.6427,40.5775],[0.6427,40.5776],[0.6426,40.5777],[0.6425,40.5779],[0.6425,40.578],[0.6424,40.578],[0.6424,40.5781],[0.6422,40.5782],[0.6421,40.5783],[0.6421,40.5784],[0.642,40.5784],[0.642,40.5785],[0.6421,40.5784],[0.6422,40.5783],[0.6423,40.5783],[0.6423,40.5782],[0.6424,40.5782],[0.6425,40.5781],[0.6426,40.5781],[0.6426,40.578],[0.6426,40.5779],[0.6427,40.5778],[0.6428,40.5777],[0.6429,40.5776],[0.6429,40.5775],[0.643,40.5775],[0.6431,40.5773]]],[[[0.6422,40.576],[0.6423,40.576],[0.6423,40.5761],[0.6424,40.5761],[0.6424,40.576],[0.6425,40.576],[0.6425,40.5759],[0.6426,40.5759],[0.6426,40.5758],[0.6426,40.5757],[0.6427,40.5756],[0.6428,40.5755],[0.6429,40.5754],[0.6429,40.5753],[0.6429,40.5752],[0.6429,40.5751],[0.6428,40.5751],[0.6427,40.5752],[0.6426,40.5752],[0.6426,40.5753],[0.6426,40.5754],[0.6425,40.5754],[0.6425,40.5755],[0.6426,40.5755],[0.6426,40.5756],[0.6425,40.5756],[0.6425,40.5757],[0.6423,40.5757],[0.6423,40.5758],[0.6422,40.5758],[0.6422,40.5759],[0.6422,40.576],[0.6421,40.576],[0.6421,40.5761],[0.642,40.5761],[0.642,40.5762],[0.6419,40.5762],[0.6419,40.5763],[0.6417,40.5764],[0.6416,40.5764],[0.6416,40.5765],[0.6415,40.5766],[0.6415,40.5767],[0.6415,40.5768],[0.6414,40.5768],[0.6414,40.5769],[0.6414,40.577],[0.6415,40.577],[0.6416,40.5769],[0.6417,40.5769],[0.6417,40.5768],[0.6418,40.5767],[0.6418,40.5766],[0.6419,40.5766],[0.6419,40.5765],[0.6419,40.5764],[0.6419,40.5763],[0.642,40.5763],[0.642,40.5762],[0.6421,40.5762],[0.6421,40.5761],[0.6422,40.5761],[0.6422,40.576]]],[[[0.6467,40.5743],[0.6466,40.5743],[0.6465,40.5744],[0.6464,40.5744],[0.6464,40.5745],[0.6463,40.5745],[0.6463,40.5746],[0.6463,40.5747],[0.6462,40.5747],[0.6462,40.5749],[0.6461,40.575],[0.6461,40.5751],[0.6461,40.5752],[0.6461,40.5753],[0.6461,40.5754],[0.6462,40.5754],[0.6463,40.5753],[0.6464,40.5752],[0.6465,40.5751],[0.6466,40.575],[0.6467,40.5749],[0.6467,40.5748],[0.6468,40.5747],[0.6468,40.5746],[0.6468,40.5745],[0.6468,40.5744],[0.6467,40.5743]]],[[[0.649,40.5788],[0.6489,40.5788],[0.6489,40.5789],[0.6488,40.5789],[0.6487,40.5789],[0.6486,40.5789],[0.6486,40.579],[0.6485,40.579],[0.6485,40.5791],[0.6484,40.5791],[0.6484,40.5792],[0.6484,40.5793],[0.6483,40.5793],[0.6483,40.5794],[0.6482,40.5794],[0.6482,40.5795],[0.6483,40.5795],[0.6482,40.5796],[0.6482,40.5797],[0.6481,40.5797],[0.6481,40.5798],[0.648,40.5799],[0.648,40.58],[0.648,40.5801],[0.648,40.5802],[0.6481,40.5802],[0.6482,40.5802],[0.6482,40.5801],[0.6483,40.5799],[0.6484,40.5799],[0.6484,40.5798],[0.6485,40.5797],[0.6486,40.5796],[0.6486,40.5795],[0.6486,40.5794],[0.6487,40.5794],[0.6487,40.5793],[0.6487,40.5792],[0.6488,40.5792],[0.6489,40.5791],[0.649,40.579],[0.6491,40.5789],[0.649,40.5789],[0.649,40.5788]]],[[[0.6492,40.579],[0.6491,40.5791],[0.649,40.5791],[0.649,40.5792],[0.6489,40.5792],[0.6489,40.5793],[0.6488,40.5793],[0.6488,40.5794],[0.6488,40.5795],[0.6487,40.5796],[0.6487,40.5797],[0.6487,40.5798],[0.6486,40.5799],[0.6485,40.58],[0.6484,40.5801],[0.6484,40.5802],[0.6484,40.5803],[0.6485,40.5803],[0.6486,40.5803],[0.6487,40.5803],[0.6487,40.5802],[0.6488,40.5802],[0.6488,40.5801],[0.6489,40.5801],[0.649,40.58],[0.649,40.5799],[0.6491,40.5798],[0.6492,40.5797],[0.6492,40.5796],[0.6493,40.5796],[0.6493,40.5795],[0.6494,40.5795],[0.6494,40.5794],[0.6493,40.5794],[0.6493,40.5793],[0.6492,40.5793],[0.6492,40.5792],[0.6492,40.5791],[0.6492,40.579]]],[[[0.6529,40.581],[0.6528,40.581],[0.6527,40.581],[0.6525,40.5811],[0.6524,40.5811],[0.6523,40.5812],[0.6521,40.5813],[0.6519,40.5814],[0.6518,40.5815],[0.6517,40.5815],[0.6516,40.5816],[0.6515,40.5817],[0.6515,40.5818],[0.6514,40.5818],[0.6514,40.5819],[0.6515,40.5819],[0.6516,40.5819],[0.6516,40.5818],[0.6518,40.5818],[0.652,40.5817],[0.6521,40.5817],[0.6522,40.5816],[0.6523,40.5816],[0.6524,40.5816],[0.6525,40.5816],[0.6526,40.5816],[0.6527,40.5816],[0.6527,40.5815],[0.6528,40.5815],[0.6529,40.5814],[0.653,40.5813],[0.653,40.5812],[0.653,40.5811],[0.6529,40.581]]],[[[0.6465,40.5785],[0.6465,40.5784],[0.6466,40.5784],[0.6466,40.5783],[0.6465,40.5784],[0.6464,40.5784],[0.6463,40.5784],[0.6462,40.5784],[0.6462,40.5785],[0.6461,40.5785],[0.646,40.5784],[0.646,40.5785],[0.6459,40.5785],[0.6458,40.5785],[0.6457,40.5785],[0.6457,40.5786],[0.6456,40.5786],[0.6455,40.5786],[0.6455,40.5787],[0.6454,40.5787],[0.6454,40.5788],[0.6454,40.5789],[0.6453,40.5789],[0.6453,40.579],[0.6454,40.579],[0.6454,40.5791],[0.6454,40.5792],[0.6454,40.5793],[0.6455,40.5793],[0.6455,40.5794],[0.6456,40.5794],[0.6456,40.5793],[0.6457,40.5793],[0.6458,40.5793],[0.6458,40.5792],[0.6459,40.5792],[0.6459,40.5791],[0.646,40.579],[0.6461,40.579],[0.6461,40.5789],[0.6462,40.5789],[0.6463,40.5787],[0.6464,40.5786],[0.6464,40.5785],[0.6465,40.5785]]],[[[0.7396,40.6379],[0.7397,40.6378],[0.7398,40.6378],[0.7398,40.6377],[0.7399,40.6377],[0.74,40.6376],[0.74,40.6375],[0.7401,40.6375],[0.7402,40.6375],[0.7402,40.6374],[0.7403,40.6374],[0.7402,40.6374],[0.7402,40.6373],[0.7401,40.6373],[0.74,40.6373],[0.7399,40.6373],[0.7398,40.6373],[0.7397,40.6373],[0.7396,40.6373],[0.7395,40.6373],[0.7394,40.6373],[0.7393,40.6374],[0.7392,40.6374],[0.7391,40.6374],[0.739,40.6374],[0.739,40.6375],[0.7391,40.6376],[0.7391,40.6377],[0.7391,40.6378],[0.739,40.6378],[0.739,40.6379],[0.739,40.638],[0.7391,40.638],[0.7391,40.6381],[0.7391,40.6382],[0.7392,40.6382],[0.7392,40.6383],[0.7392,40.6382],[0.7393,40.6382],[0.7394,40.6381],[0.7395,40.638],[0.7396,40.6379]]],[[[0.6153,40.5774],[0.6154,40.5774],[0.6155,40.5774],[0.6156,40.5774],[0.6157,40.5774],[0.6158,40.5773],[0.6159,40.5773],[0.6159,40.5772],[0.616,40.5771],[0.6161,40.577],[0.6162,40.5769],[0.6162,40.5768],[0.6162,40.5767],[0.6163,40.5767],[0.6163,40.5766],[0.6162,40.5766],[0.6161,40.5766],[0.6161,40.5767],[0.616,40.5767],[0.6159,40.5767],[0.6159,40.5766],[0.6159,40.5765],[0.6158,40.5765],[0.6157,40.5765],[0.6157,40.5764],[0.6156,40.5764],[0.6154,40.5764],[0.6153,40.5764],[0.6152,40.5764],[0.6152,40.5765],[0.6152,40.5766],[0.6151,40.5766],[0.6152,40.5767],[0.6152,40.5768],[0.6152,40.5769],[0.6152,40.577],[0.6151,40.577],[0.6151,40.5771],[0.615,40.5771],[0.615,40.5772],[0.615,40.5773],[0.6151,40.5773],[0.6151,40.5774],[0.6152,40.5774],[0.6153,40.5774]]],[[[0.6351,40.5825],[0.6352,40.5825],[0.6354,40.5824],[0.6355,40.5824],[0.6356,40.5823],[0.6357,40.5823],[0.6357,40.5822],[0.6358,40.5822],[0.6358,40.5821],[0.6359,40.5821],[0.6359,40.582],[0.636,40.5819],[0.636,40.5818],[0.636,40.5817],[0.636,40.5816],[0.636,40.5815],[0.6359,40.5815],[0.6358,40.5815],[0.6358,40.5816],[0.6357,40.5816],[0.6356,40.5816],[0.6355,40.5816],[0.6354,40.5816],[0.6353,40.5816],[0.6353,40.5817],[0.6352,40.5817],[0.6351,40.5817],[0.635,40.5818],[0.6349,40.5818],[0.6349,40.5819],[0.6348,40.5819],[0.6347,40.5819],[0.6347,40.582],[0.6347,40.5821],[0.6347,40.5822],[0.6347,40.5823],[0.6346,40.5823],[0.6345,40.5824],[0.6345,40.5825],[0.6346,40.5825],[0.6347,40.5825],[0.6348,40.5825],[0.6349,40.5825],[0.635,40.5825],[0.6351,40.5825]]],[[[0.6325,40.582],[0.6326,40.582],[0.6327,40.582],[0.6328,40.5821],[0.6329,40.5821],[0.633,40.5821],[0.6331,40.5821],[0.6331,40.582],[0.633,40.5819],[0.633,40.5818],[0.6329,40.5818],[0.6329,40.5817],[0.6328,40.5817],[0.6328,40.5818],[0.6327,40.5818],[0.6327,40.5817],[0.6326,40.5817],[0.6326,40.5816],[0.6325,40.5816],[0.6324,40.5815],[0.6324,40.5814],[0.6323,40.5813],[0.6323,40.5812],[0.6323,40.5811],[0.6322,40.5811],[0.6322,40.5812],[0.6321,40.5812],[0.6321,40.5813],[0.632,40.5813],[0.6319,40.5813],[0.6319,40.5814],[0.6318,40.5814],[0.6317,40.5814],[0.6317,40.5815],[0.6317,40.5816],[0.6316,40.5816],[0.6316,40.5817],[0.6315,40.5817],[0.6314,40.5818],[0.6313,40.5819],[0.6312,40.5819],[0.6312,40.582],[0.6312,40.5821],[0.6313,40.5822],[0.6314,40.5822],[0.6315,40.5822],[0.6315,40.5821],[0.6316,40.5821],[0.6317,40.5821],[0.6318,40.5821],[0.6319,40.5821],[0.632,40.5821],[0.6321,40.5821],[0.6323,40.5821],[0.6324,40.582],[0.6325,40.582]]],[[[0.6479,40.5847],[0.648,40.5848],[0.6481,40.5848],[0.6481,40.5847],[0.6482,40.5847],[0.6483,40.5846],[0.6484,40.5845],[0.6484,40.5844],[0.6485,40.5844],[0.6485,40.5843],[0.6485,40.5842],[0.6484,40.5842],[0.6484,40.5841],[0.6483,40.5841],[0.6483,40.584],[0.6482,40.584],[0.6482,40.5839],[0.6481,40.5839],[0.6481,40.5838],[0.6481,40.5837],[0.648,40.5837],[0.648,40.5836],[0.648,40.5834],[0.6479,40.5833],[0.6478,40.5833],[0.6478,40.5834],[0.6478,40.5835],[0.6478,40.5836],[0.6478,40.5837],[0.6478,40.5838],[0.6478,40.5839],[0.6477,40.5839],[0.6478,40.5839],[0.6478,40.584],[0.6478,40.5841],[0.6477,40.5841],[0.6476,40.5841],[0.6476,40.584],[0.6475,40.584],[0.6474,40.5841],[0.6473,40.5841],[0.6473,40.5842],[0.6472,40.5842],[0.6471,40.5843],[0.6471,40.5844],[0.6471,40.5845],[0.6472,40.5845],[0.6472,40.5846],[0.6473,40.5846],[0.6474,40.5846],[0.6474,40.5847],[0.6475,40.5847],[0.6476,40.5848],[0.6477,40.5848],[0.6478,40.5848],[0.6479,40.5848],[0.6479,40.5847]]],[[[0.6449,40.5765],[0.6449,40.5766],[0.645,40.5766],[0.6451,40.5765],[0.6452,40.5765],[0.6453,40.5764],[0.6453,40.5763],[0.6454,40.5763],[0.6454,40.5762],[0.6454,40.5761],[0.6455,40.5761],[0.6455,40.5762],[0.6455,40.5763],[0.6455,40.5764],[0.6454,40.5764],[0.6454,40.5765],[0.6453,40.5766],[0.6454,40.5766],[0.6455,40.5766],[0.6456,40.5766],[0.6457,40.5765],[0.6457,40.5764],[0.6457,40.5763],[0.6458,40.5762],[0.6458,40.5761],[0.6458,40.576],[0.6458,40.5759],[0.6459,40.5759],[0.6459,40.5758],[0.6458,40.5758],[0.6458,40.5757],[0.6457,40.5757],[0.6456,40.5757],[0.6456,40.5756],[0.6455,40.5756],[0.6454,40.5756],[0.6453,40.5756],[0.6452,40.5756],[0.6451,40.5757],[0.645,40.5757],[0.6449,40.5757],[0.6448,40.5758],[0.6447,40.5758],[0.6446,40.5759],[0.6445,40.576],[0.6444,40.576],[0.6444,40.5761],[0.6443,40.5761],[0.6443,40.5762],[0.6442,40.5762],[0.6441,40.5763],[0.644,40.5764],[0.644,40.5765],[0.6439,40.5765],[0.6439,40.5766],[0.644,40.5766],[0.6441,40.5766],[0.6441,40.5765],[0.6442,40.5765],[0.6442,40.5764],[0.6443,40.5764],[0.6444,40.5763],[0.6445,40.5762],[0.6446,40.5762],[0.6446,40.5761],[0.6447,40.5761],[0.6447,40.576],[0.6448,40.576],[0.6448,40.5759],[0.6449,40.5759],[0.645,40.5759],[0.645,40.576],[0.6449,40.576],[0.6448,40.5761],[0.6448,40.5762],[0.6447,40.5764],[0.6446,40.5765],[0.6445,40.5766],[0.6444,40.5767],[0.6444,40.5768],[0.6445,40.5768],[0.6446,40.5768],[0.6447,40.5767],[0.6448,40.5767],[0.6448,40.5766],[0.6449,40.5765]]],[[[0.6548,40.5833],[0.6548,40.5832],[0.6549,40.5831],[0.6549,40.583],[0.6549,40.5829],[0.6549,40.5828],[0.655,40.5828],[0.6551,40.5828],[0.6551,40.5827],[0.6552,40.5827],[0.6552,40.5826],[0.6552,40.5825],[0.6553,40.5824],[0.6553,40.5823],[0.6554,40.5823],[0.6554,40.5822],[0.6555,40.5821],[0.6555,40.582],[0.6556,40.5819],[0.6556,40.5818],[0.6556,40.5817],[0.6556,40.5816],[0.6556,40.5815],[0.6557,40.5815],[0.6557,40.5814],[0.6558,40.5813],[0.6558,40.5812],[0.6557,40.5812],[0.6557,40.5813],[0.6556,40.5813],[0.6556,40.5814],[0.6556,40.5815],[0.6555,40.5815],[0.6555,40.5816],[0.6554,40.5817],[0.6553,40.5818],[0.6553,40.5819],[0.6552,40.5819],[0.6552,40.582],[0.6552,40.5821],[0.6551,40.5822],[0.6551,40.5823],[0.6551,40.5824],[0.655,40.5824],[0.6549,40.5825],[0.6548,40.5825],[0.6547,40.5826],[0.6546,40.5826],[0.6546,40.5827],[0.6545,40.5827],[0.6545,40.5828],[0.6545,40.5829],[0.6545,40.583],[0.6544,40.5831],[0.6544,40.5832],[0.6543,40.5832],[0.6543,40.5831],[0.6543,40.583],[0.6543,40.5829],[0.6542,40.5828],[0.6542,40.5827],[0.6541,40.5827],[0.6541,40.5828],[0.654,40.5829],[0.6539,40.583],[0.654,40.583],[0.654,40.5831],[0.6541,40.5831],[0.6541,40.5832],[0.654,40.5832],[0.654,40.5833],[0.6539,40.5833],[0.6539,40.5832],[0.6538,40.5832],[0.6538,40.5831],[0.6537,40.5831],[0.6537,40.5832],[0.6536,40.5832],[0.6536,40.5833],[0.6535,40.5833],[0.6535,40.5834],[0.6536,40.5834],[0.6543,40.5836],[0.6544,40.5836],[0.6545,40.5836],[0.6546,40.5836],[0.6547,40.5836],[0.6547,40.5835],[0.6548,40.5835],[0.6548,40.5834],[0.6548,40.5833]]],[[[0.6306,40.5815],[0.6308,40.5816],[0.631,40.5816],[0.6311,40.5816],[0.6312,40.5816],[0.6313,40.5816],[0.6314,40.5816],[0.6315,40.5815],[0.6316,40.5814],[0.6316,40.5813],[0.6317,40.5813],[0.6317,40.5812],[0.6318,40.5812],[0.6318,40.5811],[0.6318,40.581],[0.6317,40.5809],[0.6316,40.5809],[0.6316,40.5808],[0.6315,40.5808],[0.6314,40.5807],[0.6313,40.5807],[0.6312,40.5807],[0.6311,40.5806],[0.631,40.5806],[0.6309,40.5806],[0.6308,40.5806],[0.6308,40.5805],[0.6307,40.5805],[0.6306,40.5805],[0.6305,40.5804],[0.6304,40.5804],[0.6303,40.5805],[0.6302,40.5805],[0.6301,40.5805],[0.63,40.5805],[0.63,40.5806],[0.6299,40.5806],[0.6299,40.5807],[0.6299,40.5808],[0.6299,40.5809],[0.6299,40.581],[0.6299,40.5811],[0.6298,40.5811],[0.6298,40.5812],[0.6298,40.5813],[0.6298,40.5814],[0.6298,40.5815],[0.6299,40.5815],[0.63,40.5815],[0.6301,40.5816],[0.6301,40.5817],[0.6302,40.5817],[0.6302,40.5818],[0.6303,40.5818],[0.6303,40.5817],[0.6304,40.5817],[0.6304,40.5816],[0.6305,40.5816],[0.6306,40.5815]]],[[[0.6552,40.5805],[0.6552,40.5804],[0.6553,40.5805],[0.6554,40.5805],[0.6555,40.5805],[0.6555,40.5804],[0.6556,40.5803],[0.6556,40.5802],[0.6557,40.5801],[0.6558,40.5801],[0.6558,40.58],[0.6559,40.58],[0.6559,40.5799],[0.656,40.5798],[0.656,40.5797],[0.6561,40.5796],[0.6561,40.5795],[0.6561,40.5794],[0.656,40.5793],[0.656,40.5792],[0.6559,40.5791],[0.6559,40.579],[0.6558,40.5789],[0.6557,40.5788],[0.6556,40.5787],[0.6555,40.5786],[0.6554,40.5787],[0.6553,40.5787],[0.6552,40.5788],[0.6551,40.5788],[0.655,40.5789],[0.6549,40.579],[0.6548,40.5791],[0.6547,40.5791],[0.6546,40.5791],[0.6546,40.5792],[0.6545,40.5792],[0.6544,40.5793],[0.6543,40.5794],[0.6543,40.5795],[0.6542,40.5795],[0.6542,40.5796],[0.6541,40.5796],[0.6541,40.5797],[0.654,40.5798],[0.654,40.5799],[0.654,40.58],[0.654,40.5801],[0.654,40.5802],[0.654,40.5801],[0.6539,40.5801],[0.6539,40.5802],[0.6538,40.5802],[0.6538,40.5803],[0.6537,40.5804],[0.6536,40.5805],[0.6536,40.5806],[0.6535,40.5808],[0.6534,40.5809],[0.6534,40.581],[0.6533,40.5811],[0.6533,40.5812],[0.6532,40.5813],[0.6532,40.5814],[0.6533,40.5814],[0.6534,40.5814],[0.6534,40.5813],[0.6535,40.5813],[0.6536,40.5813],[0.6537,40.5812],[0.6538,40.5812],[0.6539,40.5811],[0.654,40.5811],[0.6541,40.5811],[0.6542,40.581],[0.6543,40.581],[0.6544,40.5809],[0.6545,40.5809],[0.6546,40.5808],[0.6547,40.5808],[0.6548,40.5807],[0.655,40.5806],[0.6551,40.5805],[0.6552,40.5805]]],[[[0.6517,40.5851],[0.6518,40.5851],[0.6519,40.5852],[0.6521,40.5852],[0.6522,40.5853],[0.6523,40.5853],[0.6524,40.5853],[0.6524,40.5852],[0.6525,40.5852],[0.6526,40.5851],[0.6527,40.5851],[0.6528,40.5851],[0.6529,40.5851],[0.653,40.5851],[0.653,40.585],[0.6531,40.585],[0.6532,40.585],[0.6533,40.585],[0.6534,40.585],[0.6534,40.5849],[0.6535,40.5849],[0.6536,40.5849],[0.6536,40.5848],[0.6537,40.5848],[0.6537,40.5847],[0.6538,40.5847],[0.6539,40.5847],[0.6539,40.5846],[0.654,40.5846],[0.6541,40.5845],[0.6542,40.5845],[0.6543,40.5844],[0.6543,40.5843],[0.6544,40.5843],[0.6545,40.5842],[0.6546,40.5841],[0.6547,40.584],[0.6547,40.5839],[0.6547,40.5838],[0.6546,40.5837],[0.6545,40.5837],[0.6544,40.5837],[0.6543,40.5837],[0.6542,40.5837],[0.6541,40.5837],[0.654,40.5836],[0.6539,40.5836],[0.6538,40.5836],[0.6537,40.5836],[0.6536,40.5835],[0.6535,40.5835],[0.6535,40.5836],[0.6534,40.5836],[0.6534,40.5837],[0.6533,40.5838],[0.6532,40.5838],[0.6531,40.5838],[0.653,40.5838],[0.6529,40.5839],[0.6529,40.584],[0.6529,40.5841],[0.653,40.5841],[0.6531,40.5841],[0.6531,40.5842],[0.6532,40.5843],[0.6531,40.5843],[0.6531,40.5844],[0.653,40.5844],[0.6529,40.5844],[0.6529,40.5845],[0.6529,40.5846],[0.6528,40.5847],[0.6527,40.5848],[0.6526,40.5848],[0.6525,40.5848],[0.6524,40.5848],[0.6523,40.5848],[0.6523,40.5849],[0.6522,40.5849],[0.6521,40.5849],[0.652,40.5849],[0.652,40.585],[0.652,40.5849],[0.6519,40.5849],[0.6518,40.5849],[0.6517,40.5849],[0.6516,40.5849],[0.6516,40.5848],[0.6517,40.5847],[0.6518,40.5847],[0.6519,40.5846],[0.6519,40.5845],[0.652,40.5845],[0.6519,40.5844],[0.6518,40.5844],[0.6518,40.5845],[0.6517,40.5846],[0.6517,40.5847],[0.6516,40.5847],[0.6516,40.5846],[0.6515,40.5846],[0.6516,40.5846],[0.6516,40.5845],[0.6516,40.5844],[0.6517,40.5843],[0.6517,40.5842],[0.6518,40.5842],[0.6519,40.5841],[0.6518,40.5841],[0.6517,40.5842],[0.6516,40.5843],[0.6516,40.5842],[0.6515,40.5842],[0.6514,40.5842],[0.6513,40.5842],[0.6512,40.5842],[0.6512,40.5843],[0.6511,40.5844],[0.651,40.5844],[0.6509,40.5845],[0.6508,40.5846],[0.6508,40.5847],[0.6507,40.5847],[0.6507,40.5848],[0.6506,40.5848],[0.6505,40.5848],[0.6504,40.5848],[0.6505,40.5847],[0.6505,40.5846],[0.6505,40.5845],[0.6505,40.5844],[0.6504,40.5844],[0.6504,40.5845],[0.6503,40.5845],[0.6503,40.5846],[0.6503,40.5847],[0.6502,40.5847],[0.6501,40.5847],[0.65,40.5847],[0.65,40.5846],[0.6499,40.5846],[0.6498,40.5847],[0.6497,40.5847],[0.6496,40.5847],[0.6495,40.5847],[0.6494,40.5847],[0.6494,40.5846],[0.6493,40.5846],[0.6493,40.5845],[0.6494,40.5844],[0.6493,40.5844],[0.6493,40.5843],[0.6492,40.5843],[0.6491,40.5843],[0.649,40.5843],[0.649,40.5844],[0.649,40.5845],[0.649,40.5846],[0.649,40.5847],[0.649,40.5848],[0.6491,40.5849],[0.6492,40.5849],[0.6492,40.585],[0.6493,40.585],[0.6494,40.585],[0.6495,40.585],[0.6496,40.5851],[0.6497,40.5851],[0.6498,40.5851],[0.6498,40.5852],[0.6499,40.5852],[0.65,40.5852],[0.65,40.5851],[0.6501,40.5851],[0.6502,40.5851],[0.6502,40.5852],[0.6503,40.5852],[0.6504,40.5851],[0.6505,40.5851],[0.6506,40.5851],[0.6512,40.5852],[0.6513,40.5853],[0.6514,40.5853],[0.6515,40.5853],[0.6515,40.5852],[0.6516,40.5852],[0.6517,40.5852],[0.6517,40.5851]]],[[[0.6355,40.5799],[0.6354,40.5798],[0.6354,40.5797],[0.6354,40.5796],[0.6354,40.5794],[0.6353,40.5793],[0.6353,40.5792],[0.6352,40.5792],[0.6352,40.5791],[0.6351,40.5791],[0.635,40.5791],[0.6348,40.5791],[0.6346,40.5791],[0.6345,40.5791],[0.6344,40.5791],[0.6343,40.5791],[0.6343,40.579],[0.6342,40.579],[0.6342,40.5789],[0.6342,40.5788],[0.6342,40.5787],[0.6342,40.5786],[0.6342,40.5785],[0.6343,40.5785],[0.6343,40.5784],[0.6344,40.5784],[0.6345,40.5784],[0.6344,40.5784],[0.6344,40.5785],[0.6344,40.5786],[0.6345,40.5787],[0.6346,40.5787],[0.6347,40.5787],[0.6348,40.5787],[0.6349,40.5787],[0.635,40.5787],[0.6351,40.5787],[0.6352,40.5787],[0.6353,40.5787],[0.6353,40.5786],[0.6354,40.5786],[0.6354,40.5785],[0.6355,40.5784],[0.6356,40.5783],[0.6356,40.5782],[0.6356,40.5781],[0.6356,40.578],[0.6357,40.5779],[0.6357,40.5778],[0.6358,40.5778],[0.6358,40.5777],[0.6359,40.5777],[0.6358,40.5776],[0.6357,40.5775],[0.6356,40.5775],[0.6355,40.5775],[0.6354,40.5775],[0.6352,40.5774],[0.6351,40.5774],[0.635,40.5774],[0.6349,40.5774],[0.6348,40.5774],[0.6347,40.5775],[0.6346,40.5775],[0.6346,40.5776],[0.6344,40.5777],[0.6343,40.5778],[0.6342,40.5779],[0.6341,40.578],[0.634,40.5781],[0.6339,40.5782],[0.6338,40.5783],[0.6338,40.5784],[0.6338,40.5785],[0.6338,40.5786],[0.6337,40.5787],[0.6337,40.5788],[0.6337,40.5789],[0.6336,40.579],[0.6336,40.5791],[0.6336,40.5792],[0.6336,40.5793],[0.6336,40.5794],[0.6336,40.5795],[0.6336,40.5796],[0.6335,40.5796],[0.6335,40.5797],[0.6335,40.5798],[0.6334,40.5798],[0.6335,40.5798],[0.6335,40.5799],[0.6335,40.58],[0.6336,40.58],[0.6337,40.58],[0.6338,40.58],[0.6338,40.5799],[0.6339,40.5799],[0.6339,40.5798],[0.634,40.5798],[0.6341,40.5798],[0.6341,40.5799],[0.6342,40.58],[0.6342,40.5801],[0.6342,40.5802],[0.6342,40.5803],[0.6342,40.5804],[0.6342,40.5805],[0.6343,40.5806],[0.6344,40.5807],[0.6345,40.5808],[0.6345,40.5809],[0.6346,40.5809],[0.6346,40.581],[0.6345,40.581],[0.6345,40.5811],[0.6346,40.5811],[0.6347,40.5812],[0.6348,40.5812],[0.6349,40.5813],[0.635,40.5813],[0.6351,40.5813],[0.6352,40.5813],[0.6353,40.5813],[0.6354,40.5813],[0.6355,40.5813],[0.6356,40.5813],[0.6357,40.5813],[0.6358,40.5812],[0.6359,40.5812],[0.6359,40.5811],[0.636,40.5811],[0.636,40.581],[0.636,40.5809],[0.636,40.5808],[0.636,40.5807],[0.636,40.5806],[0.636,40.5805],[0.6359,40.5805],[0.6359,40.5804],[0.6358,40.5804],[0.6357,40.5804],[0.6357,40.5803],[0.6356,40.5803],[0.6356,40.5802],[0.6356,40.5801],[0.6355,40.5801],[0.6355,40.58],[0.6355,40.5799]]],[[[0.8733,40.7194],[0.8727,40.7144],[0.8714,40.7093],[0.869,40.7042],[0.8668,40.6992],[0.8642,40.6941],[0.8601,40.689],[0.8551,40.685],[0.8501,40.6818],[0.845,40.6787],[0.8399,40.6761],[0.8349,40.6737],[0.8299,40.6719],[0.8249,40.6696],[0.8199,40.6676],[0.8149,40.6655],[0.8099,40.6636],[0.8049,40.6614],[0.7998,40.6592],[0.7948,40.6571],[0.7898,40.6548],[0.7847,40.6523],[0.7797,40.6503],[0.7746,40.6483],[0.7696,40.6463],[0.7646,40.6442],[0.7595,40.6417],[0.7545,40.6388],[0.7494,40.6347],[0.7444,40.6303],[0.7398,40.6252],[0.7353,40.6202],[0.7303,40.6153],[0.7255,40.6102],[0.7208,40.6051],[0.7165,40.6001],[0.7128,40.595],[0.7089,40.5899],[0.7051,40.5849],[0.7002,40.5798],[0.6952,40.5754],[0.6902,40.5713],[0.6852,40.5679],[0.6802,40.5649],[0.6752,40.5624],[0.6702,40.5606],[0.6652,40.5587],[0.6602,40.557],[0.6552,40.5556],[0.6502,40.5542],[0.6452,40.5532],[0.6402,40.5524],[0.6352,40.5517],[0.6302,40.5509],[0.6252,40.5508],[0.6202,40.5514],[0.6152,40.5523],[0.6102,40.5544],[0.6052,40.557],[0.6002,40.5617],[0.5955,40.5668],[0.5934,40.5718],[0.5915,40.5769],[0.5965,40.578],[0.6015,40.5755],[0.6065,40.5775],[0.6115,40.5781],[0.6165,40.5738],[0.6163,40.5788],[0.617,40.5839],[0.622,40.5838],[0.627,40.5823],[0.632,40.5776],[0.637,40.5758],[0.642,40.5745],[0.647,40.5734],[0.6501,40.5784],[0.6551,40.5785],[0.6553,40.5835],[0.6559,40.5885],[0.6609,40.5914],[0.6659,40.5918],[0.6709,40.5925],[0.676,40.5915],[0.681,40.5902],[0.6861,40.5893],[0.6911,40.5892],[0.6961,40.5895],[0.7012,40.5897],[0.7062,40.5913],[0.7112,40.5956],[0.7144,40.6006],[0.7194,40.6049],[0.7228,40.6099],[0.7278,40.6147],[0.7322,40.6197],[0.7372,40.6245],[0.7415,40.6295],[0.7441,40.6345],[0.7391,40.6383],[0.7341,40.6391],[0.729,40.6389],[0.724,40.6394],[0.719,40.6388],[0.714,40.639],[0.709,40.6367],[0.704,40.6382],[0.699,40.6374],[0.694,40.6384],[0.689,40.636],[0.6839,40.6363],[0.6789,40.6331],[0.6738,40.6306],[0.6688,40.6285],[0.6638,40.6271],[0.6587,40.6269],[0.6537,40.6266],[0.6486,40.6249],[0.6422,40.6242],[0.6372,40.6234],[0.6322,40.6232],[0.6272,40.6226],[0.6221,40.6223],[0.617,40.6229],[0.612,40.6233],[0.607,40.6231],[0.602,40.6222],[0.6075,40.6229],[0.6084,40.6178],[0.6033,40.6224],[0.5982,40.6199],[0.6001,40.6146],[0.595,40.6166],[0.6026,40.6105],[0.5976,40.6124],[0.5926,40.6136],[0.5875,40.6096],[0.5825,40.6057],[0.5779,40.6006],[0.5729,40.5968],[0.5679,40.5929],[0.5632,40.5879],[0.5586,40.5828],[0.5536,40.5794],[0.5486,40.5749],[0.5514,40.5699],[0.5564,40.5717],[0.5514,40.5697],[0.5463,40.5728],[0.5413,40.5694],[0.5368,40.5644],[0.5348,40.5594],[0.5329,40.5543],[0.5282,40.5492],[0.5231,40.5437],[0.5218,40.5387],[0.5186,40.5336],[0.5165,40.5286],[0.5149,40.5235],[0.5097,40.5239],[0.5047,40.5262],[0.4996,40.5275],[0.4945,40.5281],[0.4895,40.5289],[0.4843,40.5308],[0.4793,40.5324],[0.4742,40.5342],[0.4691,40.5358],[0.464,40.537],[0.4589,40.5388],[0.4536,40.5412],[0.4486,40.5415],[0.4433,40.5457],[0.4383,40.5473],[0.4367,40.5523],[0.4368,40.5574],[0.4346,40.5625],[0.4348,40.5675],[0.4369,40.5726],[0.442,40.5774],[0.4369,40.5793],[0.4319,40.5794],[0.4269,40.5826],[0.4219,40.5847],[0.4169,40.5886],[0.4118,40.5915],[0.4068,40.5943],[0.4051,40.5993],[0.3999,40.6029],[0.3949,40.6031],[0.3898,40.6064],[0.3848,40.6062],[0.3797,40.6066],[0.3747,40.6065],[0.3695,40.6056],[0.3644,40.6059],[0.3592,40.6063],[0.3542,40.6079],[0.3492,40.6083],[0.3442,40.6076],[0.3391,40.6084],[0.334,40.6096],[0.329,40.6112],[0.324,40.6123],[0.319,40.6148],[0.314,40.6149],[0.309,40.6182],[0.3039,40.6212],[0.2988,40.6257],[0.2937,40.624],[0.2887,40.625],[0.2837,40.6269],[0.2787,40.6301],[0.2769,40.6351],[0.2719,40.6376],[0.2679,40.6426],[0.269,40.6477],[0.2692,40.6527],[0.2677,40.6578],[0.2727,40.6651],[0.2754,40.6702],[0.2807,40.6717],[0.2855,40.6768],[0.2897,40.6818],[0.2921,40.6869],[0.2869,40.6896],[0.2819,40.6932],[0.2769,40.6941],[0.2726,40.6991],[0.2676,40.7035],[0.2626,40.7058],[0.2575,40.7051],[0.2525,40.7048],[0.242,40.7002],[0.2361,40.7016],[0.2274,40.7149],[0.2246,40.7256],[0.2264,40.7331],[0.2213,40.7322],[0.2163,40.7323],[0.2112,40.7292],[0.2062,40.727],[0.2012,40.7259],[0.196,40.7257],[0.1914,40.7309],[0.1862,40.7284],[0.1702,40.7327],[0.167,40.7378],[0.1649,40.7428],[0.1604,40.748],[0.1654,40.7475],[0.1704,40.7434],[0.1754,40.7417],[0.1747,40.7468],[0.1757,40.7518],[0.1808,40.7536],[0.1858,40.7525],[0.1909,40.7519],[0.1956,40.7569],[0.2007,40.7584],[0.2057,40.7619],[0.2107,40.7652],[0.2159,40.7674],[0.2209,40.7669],[0.226,40.7666],[0.23,40.7718],[0.2351,40.7768],[0.2402,40.7808],[0.2452,40.7816],[0.2503,40.7823],[0.2553,40.7813],[0.2605,40.7816],[0.2655,40.781],[0.2707,40.7806],[0.2757,40.7756],[0.2731,40.7705],[0.2759,40.7654],[0.2809,40.7672],[0.2859,40.7688],[0.2877,40.7637],[0.2897,40.7587],[0.2906,40.7535],[0.2994,40.7504],[0.3117,40.7455],[0.3202,40.7501],[0.3264,40.7517],[0.3306,40.7605],[0.3431,40.7577],[0.3655,40.7603],[0.3843,40.7628],[0.3843,40.7577],[0.3894,40.7552],[0.3945,40.7532],[0.399,40.7482],[0.4041,40.7455],[0.4093,40.7429],[0.4143,40.7403],[0.4193,40.7392],[0.4243,40.7387],[0.4294,40.738],[0.4344,40.7375],[0.4394,40.7363],[0.4444,40.7374],[0.4494,40.7381],[0.4544,40.7383],[0.4596,40.7384],[0.4646,40.7379],[0.4697,40.7378],[0.4753,40.7369],[0.4803,40.7379],[0.4853,40.7387],[0.4904,40.7391],[0.4956,40.7388],[0.5006,40.7393],[0.5057,40.7383],[0.5109,40.7403],[0.5159,40.7439],[0.521,40.7432],[0.526,40.7457],[0.531,40.7454],[0.5369,40.7481],[0.5436,40.7457],[0.5488,40.7441],[0.5607,40.7506],[0.5663,40.7495],[0.5694,40.7444],[0.5713,40.7384],[0.5729,40.733],[0.5741,40.7277],[0.5764,40.7221],[0.579,40.7169],[0.5846,40.7135],[0.5896,40.7107],[0.5952,40.7084],[0.6007,40.707],[0.6062,40.7065],[0.6118,40.7058],[0.6171,40.7059],[0.6235,40.7077],[0.6289,40.7095],[0.6347,40.7118],[0.6405,40.714],[0.6457,40.7151],[0.6522,40.7166],[0.658,40.7186],[0.6632,40.72],[0.6691,40.7208],[0.6742,40.7211],[0.6797,40.7179],[0.6855,40.7139],[0.6905,40.7135],[0.6959,40.7148],[0.7017,40.7147],[0.7067,40.7144],[0.713,40.7134],[0.7189,40.7128],[0.7249,40.7119],[0.7311,40.711],[0.7362,40.7099],[0.7416,40.7098],[0.7467,40.7099],[0.752,40.71],[0.7572,40.7074],[0.7627,40.703],[0.7683,40.7005],[0.7735,40.6985],[0.7785,40.6963],[0.7837,40.6949],[0.7914,40.6944],[0.7996,40.6958],[0.8053,40.6983],[0.8105,40.7014],[0.8156,40.7058],[0.8211,40.7079],[0.8263,40.7092],[0.8321,40.711],[0.8376,40.7134],[0.8427,40.7156],[0.8483,40.7171],[0.8536,40.7183],[0.8654,40.7191],[0.8733,40.7194]]]]}},{"type":"Feature","properties":{"id":"23","name":"Noguera","capital":"Balaguer"},"geometry":{"type":"Polygon","coordinates":[[[1.2914,41.9585],[1.3039,41.954],[1.3091,41.9526],[1.3135,41.9475],[1.3112,41.9424],[1.3101,41.9372],[1.3061,41.9321],[1.3013,41.927],[1.2954,41.9216],[1.2971,41.9165],[1.2925,41.9115],[1.2912,41.9063],[1.2912,41.9012],[1.2903,41.8942],[1.2897,41.888],[1.2835,41.8821],[1.2826,41.8762],[1.2775,41.872],[1.2657,41.8619],[1.2606,41.8607],[1.2555,41.8562],[1.2502,41.8522],[1.2451,41.8492],[1.2394,41.8451],[1.2364,41.8401],[1.2366,41.835],[1.2328,41.8299],[1.2277,41.8256],[1.2253,41.8206],[1.2203,41.8173],[1.215,41.8127],[1.2098,41.8127],[1.2046,41.8141],[1.1995,41.812],[1.1945,41.8087],[1.1914,41.8037],[1.1869,41.7987],[1.1817,41.7962],[1.1759,41.7917],[1.1706,41.7874],[1.1656,41.7828],[1.1603,41.7812],[1.1549,41.7821],[1.1496,41.7834],[1.1403,41.7857],[1.1405,41.7927],[1.1364,41.7981],[1.1383,41.8052],[1.1434,41.8094],[1.1486,41.8134],[1.1528,41.8185],[1.1477,41.8208],[1.1426,41.8167],[1.1375,41.8138],[1.1345,41.8087],[1.1261,41.8054],[1.1209,41.8077],[1.1158,41.8086],[1.1105,41.8095],[1.1054,41.8108],[1.1001,41.8114],[1.0984,41.8168],[1.1019,41.822],[1.1028,41.8272],[1.1083,41.824],[1.1137,41.8216],[1.1189,41.8266],[1.124,41.8308],[1.1244,41.8361],[1.1207,41.8489],[1.115,41.8509],[1.1097,41.8538],[1.1045,41.853],[1.0995,41.8567],[1.0945,41.851],[1.0909,41.8436],[1.086,41.8374],[1.0809,41.8303],[1.0755,41.823],[1.0806,41.8241],[1.0741,41.8142],[1.0684,41.8044],[1.0636,41.7976],[1.0561,41.7892],[1.0469,41.7821],[1.0334,41.7688],[1.0197,41.7769],[1.0077,41.771],[1.0027,41.7712],[0.9976,41.771],[0.9926,41.7717],[0.9876,41.7714],[0.9815,41.7666],[0.977,41.7605],[0.9718,41.7553],[0.9668,41.7514],[0.9573,41.744],[0.9575,41.739],[0.9605,41.7324],[0.9674,41.7349],[0.9775,41.7313],[0.9831,41.7318],[0.9827,41.7266],[0.9828,41.7212],[0.9824,41.7139],[0.9774,41.7086],[0.9724,41.7049],[0.9674,41.7043],[0.9623,41.7048],[0.9571,41.7049],[0.9521,41.7031],[0.9469,41.7014],[0.9418,41.7012],[0.9358,41.7027],[0.9278,41.7064],[0.9231,41.7117],[0.9182,41.7167],[0.9149,41.722],[0.9139,41.7271],[0.9137,41.7324],[0.9134,41.7375],[0.9084,41.7377],[0.9024,41.7378],[0.8973,41.7378],[0.8922,41.7405],[0.8871,41.7398],[0.8815,41.7393],[0.8764,41.7394],[0.8701,41.7406],[0.8651,41.741],[0.8601,41.7368],[0.8559,41.7318],[0.853,41.7268],[0.858,41.725],[0.8635,41.7245],[0.8619,41.7194],[0.8587,41.7143],[0.8537,41.711],[0.8486,41.7099],[0.8436,41.7087],[0.8384,41.7128],[0.8333,41.7122],[0.8283,41.7124],[0.8231,41.7123],[0.8181,41.7121],[0.8131,41.713],[0.8106,41.7078],[0.8102,41.7022],[0.8052,41.7021],[0.8002,41.7025],[0.7952,41.7032],[0.7902,41.7014],[0.785,41.7002],[0.78,41.6992],[0.775,41.6984],[0.7757,41.6932],[0.7765,41.6881],[0.7713,41.6873],[0.7654,41.6859],[0.7608,41.6909],[0.7567,41.6959],[0.7522,41.701],[0.7496,41.7061],[0.7419,41.7122],[0.7366,41.709],[0.7313,41.7057],[0.7271,41.7007],[0.7217,41.7002],[0.7159,41.7028],[0.7107,41.6989],[0.7056,41.6959],[0.7006,41.6993],[0.6938,41.695],[0.6909,41.7004],[0.6869,41.7055],[0.6833,41.7105],[0.6783,41.7137],[0.6733,41.7174],[0.6678,41.7232],[0.663,41.7288],[0.661,41.7341],[0.6551,41.7395],[0.6489,41.7447],[0.6435,41.7502],[0.6382,41.7557],[0.6328,41.7597],[0.6278,41.7613],[0.6228,41.765],[0.6183,41.77],[0.6153,41.7752],[0.6126,41.7804],[0.6103,41.7854],[0.605,41.7892],[0.6,41.7916],[0.5956,41.7967],[0.591,41.802],[0.5883,41.807],[0.5858,41.8122],[0.5829,41.8174],[0.5804,41.8224],[0.578,41.8275],[0.5783,41.8327],[0.5785,41.8378],[0.5789,41.843],[0.5787,41.8482],[0.582,41.8573],[0.5799,41.8632],[0.5849,41.8648],[0.59,41.8658],[0.5987,41.8692],[0.6051,41.8699],[0.6083,41.8783],[0.6031,41.8805],[0.5978,41.8827],[0.5928,41.8844],[0.5959,41.8909],[0.598,41.8962],[0.5988,41.9013],[0.6009,41.9068],[0.5976,41.9123],[0.5949,41.9174],[0.6003,41.9187],[0.6053,41.918],[0.6009,41.923],[0.5959,41.9242],[0.5909,41.9254],[0.5859,41.9268],[0.5809,41.928],[0.5759,41.9302],[0.5709,41.9317],[0.5659,41.9325],[0.5615,41.9376],[0.5651,41.9429],[0.5695,41.9483],[0.5747,41.9525],[0.5782,41.9576],[0.586,41.9616],[0.5927,41.9687],[0.5977,41.9655],[0.6028,41.9612],[0.6057,41.9662],[0.6107,41.9688],[0.6119,41.9739],[0.6125,41.9789],[0.619,41.9831],[0.6203,41.989],[0.6254,41.9922],[0.6306,41.9927],[0.6356,41.9929],[0.6423,41.9862],[0.6454,41.9914],[0.6468,41.9966],[0.6519,41.9987],[0.6569,42.001],[0.6588,42.0062],[0.6621,42.0112],[0.6571,42.0152],[0.6547,42.0202],[0.6516,42.0254],[0.657,42.0307],[0.6569,42.0359],[0.6586,42.0411],[0.6637,42.041],[0.6687,42.043],[0.6716,42.0482],[0.6688,42.0534],[0.6698,42.0586],[0.6717,42.0636],[0.6741,42.0686],[0.6793,42.0738],[0.6843,42.0689],[0.6885,42.0639],[0.6937,42.0591],[0.6992,42.0584],[0.7051,42.0555],[0.7101,42.0527],[0.7157,42.0524],[0.7218,42.0523],[0.7268,42.0509],[0.7319,42.0512],[0.7369,42.0529],[0.7422,42.0528],[0.7456,42.0477],[0.7507,42.0443],[0.7557,42.0426],[0.7607,42.0405],[0.766,42.0399],[0.771,42.0403],[0.776,42.041],[0.7811,42.0406],[0.7861,42.0411],[0.7911,42.0405],[0.7961,42.0417],[0.8011,42.0409],[0.8062,42.0407],[0.8112,42.041],[0.8163,42.0404],[0.8214,42.0401],[0.8266,42.0402],[0.8317,42.0407],[0.8368,42.0398],[0.8419,42.0385],[0.8472,42.0375],[0.8523,42.0362],[0.8574,42.0359],[0.8625,42.0358],[0.8675,42.0364],[0.8728,42.0367],[0.8778,42.0388],[0.8828,42.0408],[0.888,42.0432],[0.889,42.0381],[0.894,42.035],[0.899,42.0345],[0.904,42.0313],[0.909,42.0285],[0.914,42.0257],[0.919,42.0223],[0.924,42.022],[0.929,42.0219],[0.934,42.0221],[0.9391,42.0219],[0.9441,42.0224],[0.9491,42.0241],[0.9544,42.021],[0.9594,42.021],[0.9644,42.02],[0.9694,42.0201],[0.9744,42.0208],[0.9794,42.021],[0.9844,42.0218],[0.9896,42.0213],[0.9946,42.0211],[0.9996,42.0211],[1.0047,42.0219],[1.0102,42.0212],[1.0216,42.0339],[1.0268,42.0319],[1.0357,42.0317],[1.0452,42.0344],[1.0525,42.0342],[1.0615,42.0356],[1.0693,42.0364],[1.073,42.0236],[1.0743,42.0084],[1.0829,42.0079],[1.0896,42.018],[1.09,42.023],[1.0921,42.0281],[1.0903,42.0332],[1.0847,42.0367],[1.077,42.0456],[1.081,42.0506],[1.0874,42.0537],[1.0943,42.0581],[1.0983,42.0632],[1.1005,42.0683],[1.1005,42.0733],[1.1041,42.0784],[1.1085,42.0835],[1.1136,42.0873],[1.1186,42.0889],[1.1218,42.094],[1.1247,42.0991],[1.13,42.104],[1.1324,42.109],[1.1362,42.1141],[1.14,42.1192],[1.145,42.1161],[1.1501,42.1169],[1.1552,42.1185],[1.1661,42.123],[1.1669,42.1179],[1.1658,42.1128],[1.1633,42.1077],[1.165,42.1007],[1.1646,42.0957],[1.1668,42.0907],[1.1672,42.0856],[1.1724,42.0844],[1.1779,42.084],[1.1829,42.0869],[1.2,42.09],[1.2027,42.0837],[1.2091,42.0779],[1.2145,42.0794],[1.2202,42.0796],[1.2214,42.0719],[1.231,42.0674],[1.2364,42.0659],[1.2369,42.0608],[1.242,42.0529],[1.236,42.0478],[1.235,42.0427],[1.241,42.0364],[1.2393,42.0313],[1.2373,42.0256],[1.2365,42.0205],[1.2415,42.0164],[1.2466,42.0131],[1.2482,42.008],[1.2535,42.0058],[1.2586,42.0037],[1.2637,41.9976],[1.2605,41.9916],[1.257,41.9817],[1.258,41.9765],[1.2602,41.9675],[1.2586,41.9617],[1.256,41.956],[1.2544,41.9502],[1.2527,41.9451],[1.248,41.9399],[1.254,41.9406],[1.26,41.9425],[1.2651,41.9455],[1.271,41.9491],[1.2763,41.952],[1.2825,41.9562],[1.2879,41.9565],[1.2914,41.9585]],[[0.9526,41.7471],[0.9604,41.7493],[0.9685,41.7549],[0.9739,41.7607],[0.9762,41.7664],[0.9785,41.7735],[0.9742,41.7668],[0.9699,41.7597],[0.9632,41.7526],[0.9568,41.75],[0.9526,41.7471]],[[1.0441,41.8585],[1.0369,41.8545],[1.0312,41.8521],[1.0257,41.8518],[1.0207,41.85],[1.0196,41.845],[1.0204,41.8398],[1.0244,41.8317],[1.0248,41.8244],[1.0305,41.8199],[1.0359,41.8257],[1.0421,41.8287],[1.0512,41.8299],[1.0544,41.837],[1.0666,41.8352],[1.064,41.843],[1.0616,41.849],[1.0556,41.8533],[1.0498,41.8575],[1.0448,41.8592],[1.0441,41.8585]]]}},{"type":"Feature","properties":{"id":"24","name":"Osona","capital":"Vic"},"geometry":{"type":"Polygon","coordinates":[[[2.4961,42.059],[2.4909,42.0556],[2.4857,42.0543],[2.4831,42.0492],[2.4881,42.0451],[2.4928,42.0383],[2.4996,42.0337],[2.5059,42.0323],[2.5048,42.0273],[2.5002,42.0222],[2.4951,42.0208],[2.4954,42.0158],[2.4975,42.0107],[2.5028,42.0089],[2.499,42.0015],[2.493,42.0013],[2.4847,41.9993],[2.4797,41.9978],[2.4741,41.996],[2.4688,41.9937],[2.4805,41.9886],[2.488,41.9848],[2.4801,41.9825],[2.4769,41.9774],[2.4717,41.9724],[2.4653,41.9668],[2.4583,41.9664],[2.4531,41.9664],[2.4413,41.9681],[2.4408,41.9731],[2.4357,41.973],[2.4306,41.969],[2.4395,41.9632],[2.4418,41.9582],[2.4381,41.9514],[2.4403,41.9464],[2.4454,41.9425],[2.4511,41.9437],[2.4562,41.942],[2.4613,41.9419],[2.4668,41.9389],[2.4719,41.9376],[2.4772,41.9326],[2.4796,41.9275],[2.4802,41.9223],[2.481,41.9161],[2.4754,41.9151],[2.4728,41.9101],[2.4684,41.905],[2.4599,41.9021],[2.4568,41.8969],[2.4504,41.8957],[2.4462,41.8903],[2.4439,41.8852],[2.449,41.8823],[2.453,41.8773],[2.4538,41.8697],[2.4462,41.8598],[2.441,41.8602],[2.4384,41.8551],[2.4333,41.8538],[2.4282,41.8544],[2.4226,41.8547],[2.418,41.8497],[2.4192,41.8446],[2.4243,41.8397],[2.4181,41.8358],[2.413,41.8318],[2.4097,41.8267],[2.408,41.8217],[2.4097,41.8167],[2.4148,41.8119],[2.4126,41.8069],[2.4176,41.8056],[2.4125,41.8038],[2.4074,41.802],[2.4023,41.8027],[2.3972,41.8051],[2.3922,41.8057],[2.3871,41.805],[2.3804,41.8048],[2.3776,41.7995],[2.3726,41.7959],[2.3675,41.7934],[2.3624,41.7903],[2.3656,41.7853],[2.3656,41.7803],[2.3654,41.7752],[2.3656,41.7701],[2.3606,41.7674],[2.3555,41.7654],[2.3502,41.765],[2.3435,41.7633],[2.3344,41.7637],[2.3323,41.7719],[2.3296,41.7787],[2.3284,41.7857],[2.3209,41.7878],[2.3158,41.7928],[2.3107,41.795],[2.3056,41.7976],[2.2987,41.7974],[2.2937,41.7946],[2.2891,41.7896],[2.2812,41.7913],[2.2705,41.7954],[2.2684,41.8009],[2.2633,41.7967],[2.2581,41.7936],[2.2543,41.7885],[2.2493,41.7853],[2.2453,41.7803],[2.247,41.7752],[2.2466,41.7701],[2.2517,41.7655],[2.2504,41.7604],[2.2496,41.7553],[2.2506,41.7502],[2.2558,41.7482],[2.2608,41.7443],[2.259,41.7392],[2.2622,41.7341],[2.2588,41.729],[2.2537,41.7304],[2.2458,41.7313],[2.2406,41.7296],[2.23,41.7292],[2.2236,41.7297],[2.2185,41.7282],[2.2135,41.7268],[2.2084,41.7282],[2.2034,41.7291],[2.1983,41.7297],[2.1933,41.7306],[2.187,41.7377],[2.1845,41.7427],[2.1874,41.7499],[2.1886,41.7556],[2.1882,41.7662],[2.1888,41.7753],[2.1862,41.7821],[2.186,41.7892],[2.1784,41.7959],[2.1796,41.8012],[2.1827,41.8064],[2.1876,41.8114],[2.1877,41.8166],[2.1943,41.8295],[2.1965,41.8361],[2.1885,41.8441],[2.1899,41.8491],[2.1863,41.8599],[2.1838,41.8549],[2.1783,41.8524],[2.1733,41.8537],[2.1682,41.8555],[2.1632,41.8562],[2.1581,41.8562],[2.1462,41.8526],[2.142,41.8582],[2.1367,41.8589],[2.1306,41.8667],[2.1295,41.8718],[2.1317,41.8768],[2.124,41.8811],[2.133,41.8864],[2.1382,41.8894],[2.1404,41.8955],[2.1435,41.9005],[2.1412,41.9055],[2.137,41.9133],[2.1317,41.9105],[2.12,41.9078],[2.1148,41.9069],[2.1097,41.9052],[2.1047,41.9034],[2.0996,41.9036],[2.0944,41.9041],[2.0934,41.9139],[2.0981,41.9214],[2.1032,41.9216],[2.108,41.9266],[2.1131,41.9304],[2.1151,41.9354],[2.12,41.9406],[2.128,41.9427],[2.1396,41.9446],[2.1365,41.9497],[2.1359,41.9547],[2.1299,41.9575],[2.1312,41.9644],[2.1215,41.9667],[2.1283,41.9719],[2.1274,41.9776],[2.1287,41.9837],[2.1272,41.9892],[2.133,42.0005],[2.1399,42.0036],[2.1467,42.0105],[2.1547,42.011],[2.1688,42.0061],[2.174,42.003],[2.1791,42.0043],[2.1876,42.0074],[2.1928,42.0081],[2.1932,42.0131],[2.1984,42.0166],[2.1978,42.0217],[2.1951,42.0268],[2.1877,42.0331],[2.1805,42.0419],[2.1748,42.0396],[2.1651,42.0377],[2.1511,42.0323],[2.1402,42.0263],[2.135,42.026],[2.1284,42.0286],[2.1246,42.0336],[2.1292,42.0389],[2.1261,42.0439],[2.124,42.0489],[2.1358,42.0519],[2.1355,42.0575],[2.1277,42.0621],[2.1239,42.0671],[2.1188,42.0696],[2.1137,42.0742],[2.1087,42.0778],[2.107,42.0829],[2.1073,42.0881],[2.1094,42.0931],[2.1126,42.0984],[2.1216,42.1001],[2.127,42.0998],[2.1329,42.1052],[2.1259,42.1124],[2.1373,42.1208],[2.1436,42.1309],[2.1634,42.135],[2.1809,42.1353],[2.1865,42.134],[2.1862,42.1283],[2.1922,42.124],[2.2005,42.124],[2.2018,42.1292],[2.207,42.1296],[2.2121,42.1285],[2.2067,42.1324],[2.211,42.1374],[2.216,42.142],[2.2212,42.1422],[2.2263,42.1427],[2.2315,42.143],[2.2366,42.1436],[2.2417,42.1398],[2.2467,42.1391],[2.2519,42.1389],[2.2571,42.1387],[2.2629,42.1416],[2.2684,42.1429],[2.2735,42.1397],[2.2785,42.1404],[2.2838,42.1403],[2.2888,42.1426],[2.2919,42.1477],[2.297,42.1512],[2.292,42.1507],[2.2868,42.1497],[2.2816,42.1496],[2.287,42.1531],[2.2819,42.1571],[2.2768,42.1583],[2.2713,42.1631],[2.2649,42.1642],[2.2702,42.1638],[2.2753,42.1642],[2.2804,42.1662],[2.2857,42.1641],[2.2907,42.1656],[2.2958,42.1657],[2.301,42.1621],[2.3062,42.158],[2.3116,42.1609],[2.3166,42.1629],[2.3219,42.162],[2.327,42.1626],[2.3325,42.1651],[2.338,42.1679],[2.3432,42.1689],[2.3483,42.1698],[2.3534,42.1718],[2.3612,42.1715],[2.3712,42.1761],[2.3757,42.1695],[2.386,42.1669],[2.3809,42.1632],[2.3757,42.1657],[2.3701,42.1616],[2.3648,42.1597],[2.3593,42.1594],[2.3574,42.1543],[2.3523,42.1508],[2.3493,42.1457],[2.3508,42.1377],[2.3663,42.1303],[2.3743,42.1289],[2.3811,42.1237],[2.3759,42.1195],[2.3736,42.1145],[2.3766,42.1095],[2.3788,42.1044],[2.384,42.1038],[2.3892,42.1043],[2.3944,42.1042],[2.3995,42.103],[2.3946,42.0953],[2.3948,42.0902],[2.3998,42.0822],[2.405,42.0789],[2.4073,42.0738],[2.4124,42.0689],[2.4174,42.0651],[2.4225,42.0635],[2.4277,42.0613],[2.4348,42.068],[2.4436,42.073],[2.4487,42.0742],[2.4538,42.0772],[2.4589,42.0781],[2.4641,42.0761],[2.4765,42.0762],[2.4816,42.0708],[2.4869,42.0678],[2.4949,42.0615],[2.4961,42.059]]]}},{"type":"Feature","properties":{"id":"25","name":"Pallars Jussà","capital":"Tremp"},"geometry":{"type":"MultiPolygon","coordinates":[[[[0.7666,42.3486],[0.7655,42.354],[0.7601,42.3587],[0.7619,42.3648],[0.7704,42.3747],[0.7754,42.3752],[0.7804,42.3751],[0.7854,42.3715],[0.7961,42.3673],[0.8004,42.3623],[0.8054,42.3599],[0.8061,42.3548],[0.8011,42.353],[0.7956,42.3475],[0.7906,42.3473],[0.7856,42.3478],[0.7806,42.347],[0.7756,42.3461],[0.7705,42.347],[0.7666,42.3486]]],[[[1.1513,42.259],[1.1552,42.254],[1.1577,42.2488],[1.1549,42.2438],[1.1498,42.2412],[1.1442,42.2397],[1.1392,42.2369],[1.1407,42.2318],[1.1434,42.2268],[1.1484,42.2259],[1.1535,42.2214],[1.1586,42.219],[1.1639,42.2189],[1.1674,42.2119],[1.168,42.2042],[1.1653,42.1991],[1.1605,42.1901],[1.1657,42.1894],[1.1707,42.1865],[1.1794,42.1817],[1.1865,42.1757],[1.1854,42.1707],[1.1821,42.1654],[1.1789,42.1603],[1.1747,42.1553],[1.168,42.1537],[1.1629,42.1517],[1.1618,42.1466],[1.1615,42.1415],[1.1564,42.1374],[1.1567,42.1283],[1.1576,42.1233],[1.1559,42.1183],[1.1506,42.1165],[1.1456,42.1154],[1.1405,42.1199],[1.1365,42.1148],[1.133,42.1096],[1.1303,42.1044],[1.1251,42.0996],[1.122,42.0946],[1.1199,42.0895],[1.1147,42.0872],[1.1097,42.0857],[1.1064,42.0807],[1.1017,42.0757],[1.0994,42.0706],[1.0986,42.0655],[1.0943,42.0581],[1.0874,42.0537],[1.082,42.0508],[1.077,42.0469],[1.0814,42.0415],[1.0855,42.0364],[1.0905,42.0335],[1.0917,42.0284],[1.0901,42.0233],[1.0896,42.018],[1.0829,42.0079],[1.0754,42.0059],[1.073,42.0236],[1.0697,42.034],[1.0615,42.0356],[1.0525,42.0342],[1.0452,42.0344],[1.0357,42.0317],[1.0281,42.031],[1.0231,42.0335],[1.0132,42.0261],[1.0094,42.0209],[1.0044,42.0218],[0.999,42.0211],[0.9939,42.021],[0.9887,42.0217],[0.9836,42.0216],[0.9785,42.021],[0.9734,42.0206],[0.9684,42.0199],[0.9634,42.0207],[0.9584,42.0209],[0.9534,42.0212],[0.948,42.0238],[0.943,42.0224],[0.9379,42.022],[0.9329,42.0221],[0.9278,42.0219],[0.9227,42.022],[0.9177,42.0236],[0.9127,42.0261],[0.9077,42.029],[0.9027,42.032],[0.8976,42.0341],[0.8926,42.0354],[0.8878,42.0406],[0.8828,42.0408],[0.8778,42.0388],[0.8728,42.0367],[0.8678,42.0362],[0.8627,42.0358],[0.8577,42.0357],[0.8526,42.0362],[0.8476,42.0372],[0.8422,42.0384],[0.837,42.0396],[0.832,42.0402],[0.827,42.0402],[0.8219,42.0401],[0.8165,42.0404],[0.8115,42.041],[0.8064,42.0407],[0.8014,42.0412],[0.7964,42.0418],[0.7913,42.0405],[0.7861,42.0411],[0.7811,42.0406],[0.7761,42.0412],[0.771,42.0403],[0.766,42.0399],[0.761,42.0405],[0.756,42.0424],[0.751,42.0442],[0.7457,42.0468],[0.7435,42.0518],[0.7385,42.053],[0.7335,42.0518],[0.7285,42.0516],[0.7235,42.0512],[0.7185,42.0524],[0.7132,42.0523],[0.7077,42.0537],[0.7017,42.0571],[0.6961,42.0595],[0.6911,42.0612],[0.6866,42.0662],[0.6825,42.0713],[0.6805,42.0763],[0.6828,42.0814],[0.6829,42.0868],[0.6849,42.0921],[0.6905,42.0963],[0.6956,42.0987],[0.6985,42.1038],[0.6992,42.109],[0.7006,42.1141],[0.7022,42.1192],[0.7,42.1242],[0.6967,42.1293],[0.6968,42.1345],[0.6954,42.1396],[0.6962,42.1448],[0.6956,42.1515],[0.7007,42.1547],[0.7086,42.1596],[0.714,42.1631],[0.7089,42.1667],[0.7011,42.1692],[0.6991,42.1743],[0.7011,42.1794],[0.7027,42.1845],[0.7023,42.1895],[0.7074,42.1942],[0.709,42.1996],[0.7081,42.2047],[0.7131,42.2086],[0.713,42.2136],[0.7171,42.2187],[0.7144,42.2239],[0.7193,42.2294],[0.7233,42.2345],[0.7242,42.2395],[0.7275,42.2446],[0.7326,42.2476],[0.7349,42.2526],[0.7362,42.2577],[0.7374,42.2627],[0.7384,42.2678],[0.7393,42.2729],[0.7391,42.2779],[0.7382,42.283],[0.7432,42.2853],[0.7432,42.2909],[0.7444,42.3012],[0.7561,42.3094],[0.7589,42.3172],[0.7656,42.3228],[0.7604,42.3246],[0.7554,42.3265],[0.7504,42.3269],[0.7454,42.3266],[0.7414,42.3319],[0.7426,42.3369],[0.7471,42.3422],[0.7526,42.3441],[0.7578,42.3471],[0.763,42.3476],[0.768,42.3437],[0.773,42.3421],[0.7711,42.3331],[0.7915,42.3275],[0.7998,42.3204],[0.8097,42.3168],[0.8147,42.3149],[0.8197,42.315],[0.8247,42.3153],[0.8297,42.3153],[0.8347,42.3144],[0.8397,42.3145],[0.8448,42.314],[0.85,42.3131],[0.855,42.3102],[0.8602,42.3059],[0.8653,42.3029],[0.8703,42.3016],[0.8757,42.2991],[0.8807,42.3018],[0.8858,42.3049],[0.8868,42.3103],[0.8873,42.3154],[0.8872,42.3205],[0.8886,42.327],[0.8917,42.335],[0.8859,42.3369],[0.88,42.3405],[0.8748,42.342],[0.87,42.3477],[0.8693,42.3535],[0.8673,42.3602],[0.8621,42.3671],[0.8553,42.3686],[0.8503,42.3684],[0.8452,42.3707],[0.8396,42.3733],[0.8368,42.3788],[0.8306,42.3834],[0.8255,42.3882],[0.8343,42.4035],[0.8223,42.4155],[0.8278,42.4182],[0.8299,42.4232],[0.8536,42.425],[0.861,42.4288],[0.8656,42.4339],[0.87,42.439],[0.8711,42.446],[0.8572,42.4539],[0.8623,42.4557],[0.8663,42.4607],[0.8713,42.4611],[0.8763,42.46],[0.8813,42.462],[0.8859,42.4673],[0.8878,42.4724],[0.8909,42.4774],[0.896,42.4802],[0.901,42.4806],[0.9061,42.4821],[0.9113,42.4834],[0.9164,42.484],[0.9216,42.4851],[0.923,42.4902],[0.9207,42.4954],[0.9209,42.5004],[0.9226,42.5054],[0.9244,42.5105],[0.9294,42.5151],[0.9344,42.5173],[0.9397,42.5178],[0.9427,42.523],[0.9477,42.5242],[0.9527,42.5264],[0.9578,42.5313],[0.9551,42.5364],[0.9601,42.5411],[0.964,42.5461],[0.9693,42.5512],[0.9743,42.552],[0.9795,42.5539],[0.9847,42.5535],[0.9897,42.5528],[0.9924,42.5477],[0.9952,42.5426],[1.0003,42.5381],[1.0055,42.538],[1.0106,42.539],[1.0157,42.537],[1.0196,42.532],[1.0217,42.5268],[1.0268,42.5243],[1.0264,42.5188],[1.0233,42.5135],[1.0286,42.5091],[1.0309,42.504],[1.0258,42.5006],[1.0231,42.4952],[1.0244,42.4901],[1.0248,42.485],[1.0199,42.48],[1.0184,42.4749],[1.0173,42.4698],[1.0178,42.4648],[1.0201,42.4597],[1.0212,42.4546],[1.0188,42.4496],[1.0173,42.4443],[1.0168,42.4392],[1.0197,42.4342],[1.0247,42.4291],[1.0297,42.4247],[1.0349,42.4247],[1.0401,42.4221],[1.0272,42.4118],[1.0199,42.3973],[1.0149,42.3937],[1.0096,42.3923],[1.0054,42.3872],[1.0055,42.3821],[1.0005,42.3776],[0.9981,42.3725],[0.9979,42.3673],[0.9949,42.3558],[0.9919,42.3477],[0.9867,42.3466],[0.9771,42.3386],[0.9721,42.3394],[0.967,42.3399],[0.9619,42.3393],[0.9569,42.3369],[0.9538,42.3318],[0.9549,42.3256],[0.9637,42.3222],[0.9649,42.3152],[0.9736,42.3137],[0.9743,42.3086],[0.9739,42.3033],[0.9744,42.2982],[0.98,42.2968],[0.9854,42.2973],[0.9905,42.2973],[0.9959,42.2958],[1.002,42.2922],[1.0103,42.2919],[1.0248,42.2849],[1.038,42.2853],[1.0431,42.2807],[1.0481,42.2815],[1.0532,42.2815],[1.0582,42.2789],[1.0633,42.2764],[1.0684,42.2765],[1.0735,42.2759],[1.0785,42.2759],[1.0836,42.2766],[1.0886,42.2767],[1.0937,42.274],[1.0989,42.2735],[1.1039,42.2713],[1.109,42.2705],[1.1141,42.2699],[1.1192,42.2715],[1.1242,42.267],[1.1294,42.2642],[1.1345,42.2619],[1.1396,42.26],[1.1446,42.2603],[1.1497,42.2617],[1.1513,42.259]]]]}},{"type":"Feature","properties":{"id":"26","name":"Pallars Sobirà","capital":"Sort"},"geometry":{"type":"Polygon","coordinates":[[[1.4136,42.5354],[1.4093,42.5304],[1.4042,42.5269],[1.3991,42.5261],[1.3941,42.526],[1.393,42.5209],[1.388,42.518],[1.3828,42.5146],[1.3777,42.5142],[1.3725,42.5168],[1.3675,42.5184],[1.365,42.5134],[1.3647,42.5083],[1.3636,42.5032],[1.3626,42.4982],[1.3643,42.4931],[1.361,42.4879],[1.3574,42.4829],[1.3455,42.4813],[1.3447,42.4759],[1.3414,42.4707],[1.3381,42.4656],[1.3341,42.4606],[1.3291,42.4567],[1.3256,42.4513],[1.3213,42.4463],[1.3162,42.4453],[1.3112,42.45],[1.3061,42.45],[1.301,42.4488],[1.2959,42.4493],[1.2909,42.4487],[1.2858,42.4474],[1.2807,42.4441],[1.2756,42.4438],[1.2704,42.4426],[1.2664,42.4479],[1.2612,42.4481],[1.2562,42.4524],[1.2539,42.4471],[1.2521,42.4418],[1.2552,42.4366],[1.2575,42.4315],[1.2602,42.4259],[1.2616,42.4198],[1.2529,42.4192],[1.2474,42.4172],[1.2458,42.4109],[1.2459,42.4058],[1.2465,42.4007],[1.2449,42.3957],[1.2453,42.3902],[1.2452,42.385],[1.2417,42.3797],[1.238,42.3746],[1.2363,42.3694],[1.2307,42.3689],[1.2245,42.3655],[1.2184,42.3625],[1.2104,42.3603],[1.2045,42.355],[1.1976,42.3518],[1.1883,42.3489],[1.1841,42.3425],[1.1834,42.3372],[1.1719,42.3288],[1.1691,42.3222],[1.1639,42.3154],[1.1663,42.3103],[1.1612,42.3081],[1.1561,42.3074],[1.151,42.3072],[1.146,42.3068],[1.1409,42.3067],[1.1359,42.3076],[1.1308,42.3031],[1.126,42.2981],[1.138,42.2904],[1.1466,42.2855],[1.1517,42.2824],[1.1567,42.279],[1.1579,42.274],[1.1577,42.269],[1.1514,42.2594],[1.1463,42.2603],[1.1412,42.26],[1.1361,42.2614],[1.1311,42.2631],[1.126,42.2656],[1.1209,42.2704],[1.1158,42.2691],[1.1107,42.271],[1.1056,42.2714],[1.1005,42.273],[1.0953,42.2737],[1.0902,42.2763],[1.0852,42.2771],[1.0801,42.2762],[1.0751,42.2756],[1.0698,42.277],[1.0645,42.276],[1.0594,42.2781],[1.0543,42.2813],[1.0493,42.2818],[1.0442,42.2805],[1.0392,42.2813],[1.0266,42.2888],[1.0145,42.2892],[1.0024,42.2917],[0.9973,42.2933],[0.9918,42.297],[0.9866,42.2973],[0.9815,42.2968],[0.9764,42.2974],[0.9738,42.3026],[0.9742,42.3078],[0.9743,42.313],[0.9673,42.3116],[0.964,42.3176],[0.9549,42.3256],[0.9539,42.3307],[0.9562,42.3358],[0.9614,42.3391],[0.9664,42.3399],[0.9714,42.3395],[0.9765,42.3384],[0.9818,42.3448],[0.9871,42.3467],[0.9949,42.3558],[0.9941,42.3625],[0.9979,42.3678],[0.9981,42.3729],[1.001,42.378],[1.0049,42.383],[1.0053,42.3883],[1.0105,42.3928],[1.0156,42.3939],[1.0263,42.407],[1.0437,42.4176],[1.0398,42.4226],[1.0347,42.4246],[1.0295,42.4248],[1.0244,42.4294],[1.0196,42.4345],[1.0167,42.4395],[1.0172,42.4446],[1.0189,42.4497],[1.0212,42.4547],[1.0201,42.4599],[1.0178,42.4649],[1.0173,42.4699],[1.0185,42.4751],[1.0201,42.4801],[1.0249,42.4853],[1.0245,42.4905],[1.0225,42.4965],[1.0262,42.5015],[1.0303,42.5071],[1.025,42.5115],[1.0236,42.5166],[1.0269,42.5218],[1.0218,42.5267],[1.0197,42.5317],[1.0163,42.5367],[1.0109,42.5391],[1.0055,42.538],[1.0003,42.5381],[0.9952,42.5419],[0.9923,42.5469],[0.9904,42.552],[0.9853,42.5537],[0.9802,42.5528],[0.9752,42.5525],[0.9693,42.5741],[0.9586,42.5796],[0.9464,42.5798],[0.9414,42.582],[0.9379,42.587],[0.9429,42.5893],[0.9479,42.5924],[0.9529,42.5941],[0.9537,42.5991],[0.9587,42.6033],[0.966,42.6037],[0.9694,42.6088],[0.969,42.6139],[0.9638,42.6155],[0.9605,42.6206],[0.9618,42.6258],[0.961,42.6308],[0.9664,42.6349],[0.9698,42.64],[0.9716,42.645],[0.9737,42.6503],[0.9772,42.6675],[0.9803,42.6767],[0.9854,42.681],[0.9831,42.6863],[0.978,42.6894],[0.9807,42.6988],[0.9863,42.699],[0.9913,42.7005],[1.0007,42.7084],[1.0052,42.7134],[1.0113,42.7095],[1.0279,42.7098],[1.024,42.7229],[1.0235,42.728],[1.0286,42.7321],[1.0294,42.7372],[1.0274,42.7423],[1.029,42.7474],[1.0308,42.7527],[1.0301,42.7577],[1.0295,42.7627],[1.0269,42.7682],[1.0312,42.7732],[1.0341,42.7805],[1.0372,42.7869],[1.0422,42.7859],[1.0473,42.7811],[1.0523,42.7824],[1.0574,42.7819],[1.0625,42.7832],[1.0676,42.7827],[1.0727,42.7826],[1.0768,42.7877],[1.0818,42.7862],[1.0848,42.7812],[1.0898,42.7777],[1.0949,42.7747],[1.0999,42.7732],[1.1051,42.7727],[1.1093,42.7676],[1.1143,42.7645],[1.1195,42.7633],[1.1241,42.7583],[1.1292,42.7539],[1.1319,42.7488],[1.1305,42.7438],[1.1314,42.7388],[1.1338,42.7336],[1.1331,42.7286],[1.1383,42.7254],[1.1434,42.7229],[1.1484,42.7215],[1.153,42.7164],[1.1581,42.714],[1.1631,42.711],[1.1682,42.7088],[1.1732,42.7082],[1.1783,42.713],[1.1833,42.7145],[1.1884,42.7167],[1.1934,42.7171],[1.1985,42.7178],[1.2035,42.7187],[1.2086,42.7206],[1.2136,42.7203],[1.2187,42.7217],[1.2237,42.7238],[1.2288,42.7276],[1.2338,42.7261],[1.2389,42.7246],[1.2439,42.7228],[1.249,42.7209],[1.2527,42.7159],[1.2577,42.7155],[1.2628,42.7153],[1.2678,42.7182],[1.2729,42.7183],[1.2779,42.7146],[1.283,42.7156],[1.288,42.7171],[1.2931,42.7191],[1.2981,42.7189],[1.3032,42.7182],[1.3082,42.7184],[1.3133,42.7187],[1.3183,42.7199],[1.3234,42.7228],[1.3284,42.7244],[1.3335,42.7247],[1.3371,42.7196],[1.3421,42.7193],[1.3472,42.7197],[1.3522,42.72],[1.3573,42.7195],[1.3566,42.7144],[1.3524,42.7093],[1.3511,42.7042],[1.3555,42.6992],[1.3605,42.6981],[1.3656,42.6949],[1.3706,42.6953],[1.3757,42.6948],[1.3807,42.6921],[1.3858,42.6901],[1.3899,42.6851],[1.3885,42.68],[1.3885,42.675],[1.3875,42.6699],[1.3925,42.669],[1.3976,42.6676],[1.4017,42.6626],[1.405,42.6575],[1.4101,42.6567],[1.4136,42.6517],[1.4138,42.6466],[1.417,42.6416],[1.4162,42.6365],[1.4188,42.6314],[1.4204,42.6264],[1.4255,42.6219],[1.4305,42.6175],[1.4293,42.6125],[1.4332,42.6074],[1.4383,42.6029],[1.4416,42.5978],[1.4386,42.5927],[1.4332,42.5897],[1.4281,42.5876],[1.4266,42.5826],[1.4304,42.5776],[1.4356,42.5736],[1.4408,42.5727],[1.4446,42.5676],[1.4395,42.5636],[1.4323,42.5611],[1.4271,42.5589],[1.4227,42.5538],[1.4189,42.5488],[1.4182,42.5438],[1.4143,42.5385],[1.4136,42.5354]]]}},{"type":"Feature","properties":{"id":"27","name":"Pla d'Urgell","capital":"Mollerussa"},"geometry":{"type":"MultiPolygon","coordinates":[[[[1.1001,41.7027],[1.0923,41.698],[1.0822,41.6907],[1.0754,41.6861],[1.0636,41.6829],[1.0585,41.682],[1.0595,41.6872],[1.066,41.6918],[1.0755,41.6995],[1.081,41.7012],[1.0991,41.7052],[1.1001,41.7027]]],[[[0.9742,41.7064],[0.9794,41.7045],[0.9847,41.7031],[0.99,41.7006],[0.9951,41.6986],[1.0002,41.7006],[1.0055,41.7017],[1.0107,41.7036],[1.0157,41.7058],[1.0208,41.7102],[1.0259,41.7118],[1.0212,41.7065],[1.0148,41.7021],[1.0097,41.6983],[1.004,41.6949],[0.9989,41.692],[1.0039,41.6902],[1.0094,41.6888],[1.0146,41.6945],[1.0198,41.6959],[1.0285,41.6924],[1.0341,41.6901],[1.0394,41.6884],[1.0387,41.682],[1.0336,41.6799],[1.0284,41.6802],[1.025,41.6749],[1.0199,41.6746],[1.0149,41.6764],[1.0098,41.6777],[1.0034,41.6761],[1,41.6709],[1.0052,41.6694],[1.0044,41.6644],[1.0029,41.6594],[1.0015,41.6543],[0.996,41.6509],[0.9909,41.6509],[0.9873,41.6458],[0.9858,41.6407],[0.9829,41.6354],[0.9777,41.6356],[0.9745,41.6305],[0.9692,41.6295],[0.9679,41.6245],[0.9731,41.6203],[0.9699,41.6151],[0.977,41.6123],[0.9727,41.6068],[0.9753,41.6018],[0.9744,41.5946],[0.9735,41.5889],[0.9684,41.584],[0.9633,41.5798],[0.9583,41.5822],[0.9533,41.584],[0.9483,41.5844],[0.9433,41.5842],[0.9383,41.5841],[0.9333,41.5852],[0.9283,41.5864],[0.9233,41.5878],[0.9182,41.5891],[0.9116,41.5864],[0.9061,41.584],[0.9011,41.5818],[0.896,41.5792],[0.891,41.5762],[0.886,41.577],[0.8824,41.582],[0.8774,41.5857],[0.8724,41.5836],[0.8674,41.58],[0.8623,41.5765],[0.851,41.5744],[0.8483,41.569],[0.8431,41.5668],[0.8381,41.5645],[0.8339,41.5696],[0.8289,41.569],[0.8236,41.5702],[0.8186,41.5698],[0.8136,41.5702],[0.8085,41.5703],[0.8034,41.5714],[0.7984,41.5708],[0.7934,41.5693],[0.7895,41.5641],[0.7845,41.5647],[0.7795,41.5675],[0.7757,41.5625],[0.7784,41.5574],[0.7778,41.5524],[0.7728,41.5498],[0.7678,41.5504],[0.7644,41.5557],[0.7592,41.5586],[0.7542,41.5594],[0.7492,41.5601],[0.7437,41.5612],[0.7352,41.5663],[0.7328,41.5713],[0.7345,41.5763],[0.7373,41.5817],[0.7425,41.5849],[0.7479,41.5884],[0.7529,41.5876],[0.758,41.5878],[0.7601,41.593],[0.7587,41.5984],[0.7546,41.6084],[0.7555,41.6141],[0.7516,41.6191],[0.7487,41.6292],[0.7437,41.6302],[0.7383,41.632],[0.7333,41.6316],[0.7289,41.6366],[0.7301,41.6428],[0.735,41.648],[0.7369,41.6531],[0.7369,41.6582],[0.7458,41.6617],[0.7522,41.6622],[0.7582,41.6635],[0.7642,41.6652],[0.7639,41.6703],[0.7648,41.6757],[0.7651,41.6813],[0.7682,41.6864],[0.7735,41.6873],[0.7758,41.6924],[0.7744,41.6975],[0.7794,41.699],[0.7845,41.7002],[0.7895,41.7014],[0.7945,41.7028],[0.7998,41.7026],[0.8049,41.702],[0.8099,41.7011],[0.8108,41.7065],[0.8119,41.7121],[0.8172,41.7122],[0.8222,41.7122],[0.8273,41.7125],[0.8326,41.7121],[0.8378,41.7128],[0.8428,41.7082],[0.8479,41.7095],[0.8531,41.711],[0.8581,41.7135],[0.8616,41.7188],[0.8647,41.7239],[0.8597,41.7248],[0.8544,41.7254],[0.855,41.7304],[0.8592,41.7357],[0.8636,41.7408],[0.8701,41.7406],[0.8755,41.7394],[0.8807,41.7392],[0.8871,41.7398],[0.8922,41.7405],[0.8973,41.7378],[0.9024,41.7378],[0.908,41.7377],[0.913,41.7377],[0.9137,41.7324],[0.9139,41.7273],[0.9149,41.7223],[0.9178,41.7172],[0.9228,41.7123],[0.9278,41.7064],[0.9349,41.7076],[0.9371,41.7019],[0.9422,41.7012],[0.9473,41.7014],[0.9523,41.7032],[0.9574,41.7049],[0.9626,41.7048],[0.9676,41.7043],[0.9726,41.7051],[0.9742,41.7064]],[[0.8168,41.6146],[0.7827,41.6093],[0.7803,41.6034],[0.7747,41.5981],[0.7713,41.5931],[0.7679,41.588],[0.7729,41.5855],[0.7788,41.5803],[0.7839,41.5828],[0.7889,41.5855],[0.7954,41.5887],[0.8004,41.5899],[0.8054,41.5941],[0.8064,41.5991],[0.8096,41.6045],[0.814,41.6102],[0.8168,41.6146]]]]}},{"type":"Feature","properties":{"id":"28","name":"Pla de l'Estany","capital":"Banyoles"},"geometry":{"type":"Polygon","coordinates":[[[2.9043,42.1106],[2.9032,42.1055],[2.8989,42.1005],[2.8947,42.0953],[2.8965,42.0875],[2.8951,42.0824],[2.8933,42.0774],[2.894,42.0721],[2.8889,42.0714],[2.8847,42.0662],[2.8819,42.0717],[2.8768,42.068],[2.8717,42.0697],[2.8685,42.0747],[2.8633,42.0756],[2.8583,42.0785],[2.8571,42.0734],[2.856,42.0684],[2.8509,42.0637],[2.8462,42.0586],[2.841,42.0541],[2.8359,42.0541],[2.8301,42.0549],[2.8292,42.0497],[2.8344,42.0463],[2.8365,42.041],[2.8311,42.0395],[2.8256,42.0385],[2.8205,42.0383],[2.8144,42.0378],[2.8091,42.0372],[2.804,42.0398],[2.8018,42.0346],[2.7906,42.0372],[2.7855,42.0402],[2.7801,42.0441],[2.7778,42.0499],[2.7789,42.0575],[2.7739,42.0574],[2.7685,42.0573],[2.7635,42.065],[2.7589,42.071],[2.7537,42.0723],[2.7485,42.0745],[2.7434,42.0747],[2.7383,42.0769],[2.7333,42.0784],[2.7321,42.086],[2.7269,42.0863],[2.7217,42.0887],[2.7166,42.0919],[2.7116,42.0924],[2.7064,42.0924],[2.6916,42.0929],[2.6885,42.0879],[2.6833,42.0837],[2.6782,42.0845],[2.6731,42.085],[2.668,42.0851],[2.663,42.086],[2.6579,42.0855],[2.6529,42.0847],[2.6475,42.0855],[2.6424,42.0875],[2.6373,42.087],[2.6455,42.0939],[2.6516,42.1022],[2.6534,42.1074],[2.6574,42.1185],[2.6659,42.1236],[2.6646,42.1305],[2.6595,42.1337],[2.6544,42.1361],[2.6594,42.1391],[2.6577,42.1441],[2.658,42.1492],[2.6578,42.1542],[2.663,42.1564],[2.668,42.1587],[2.6653,42.1676],[2.6668,42.1764],[2.6718,42.176],[2.6769,42.1761],[2.6819,42.1764],[2.6755,42.1715],[2.6806,42.1711],[2.6857,42.1713],[2.6909,42.1723],[2.6961,42.174],[2.7015,42.1736],[2.7065,42.1742],[2.7127,42.177],[2.7184,42.1809],[2.7236,42.186],[2.7286,42.185],[2.7337,42.1824],[2.7409,42.1809],[2.7482,42.1827],[2.7542,42.1848],[2.76,42.1865],[2.7652,42.1871],[2.7708,42.1897],[2.7679,42.1948],[2.7664,42.1998],[2.7688,42.2063],[2.7753,42.2099],[2.7804,42.211],[2.7844,42.2058],[2.7862,42.1988],[2.7914,42.1988],[2.7986,42.1987],[2.8041,42.2007],[2.8092,42.201],[2.8143,42.1988],[2.8193,42.1996],[2.8246,42.2013],[2.8298,42.1994],[2.8349,42.202],[2.8336,42.1926],[2.83,42.1859],[2.8333,42.1792],[2.8414,42.1812],[2.8478,42.1802],[2.8547,42.1854],[2.86,42.1918],[2.8611,42.1969],[2.8663,42.2002],[2.8713,42.1965],[2.8764,42.1959],[2.8791,42.1908],[2.8768,42.1858],[2.8838,42.1825],[2.889,42.1793],[2.894,42.176],[2.8952,42.1701],[2.8979,42.1639],[2.8929,42.1576],[2.8885,42.1499],[2.8936,42.1486],[2.8991,42.1419],[2.9013,42.1369],[2.8985,42.1317],[2.8986,42.1267],[2.8985,42.1216],[2.9043,42.1106]]]}},{"type":"Feature","properties":{"id":"29","name":"Priorat","capital":"Falset"},"geometry":{"type":"Polygon","coordinates":[[[0.9049,41.3476],[0.9085,41.3426],[0.9087,41.3374],[0.9068,41.3322],[0.9069,41.3271],[0.9355,41.3205],[0.9438,41.3048],[0.9395,41.2966],[0.9443,41.2905],[0.9493,41.2921],[0.9543,41.2954],[0.9603,41.2995],[0.9731,41.2945],[0.9713,41.2892],[0.9714,41.2842],[0.9697,41.2791],[0.97,41.2741],[0.9712,41.2689],[0.9762,41.2643],[0.9712,41.2629],[0.9659,41.2582],[0.9609,41.2565],[0.9526,41.2509],[0.9458,41.2466],[0.9404,41.2451],[0.9354,41.2426],[0.9304,41.2424],[0.9252,41.2427],[0.92,41.2416],[0.915,41.2394],[0.9099,41.2379],[0.9106,41.2327],[0.9134,41.2254],[0.9172,41.2204],[0.9202,41.2153],[0.9218,41.2068],[0.9215,41.2017],[0.9165,41.1982],[0.9113,41.196],[0.9061,41.1945],[0.8803,41.1944],[0.8786,41.1894],[0.8785,41.1843],[0.8837,41.1823],[0.8887,41.1812],[0.8938,41.1808],[0.8988,41.1799],[0.9038,41.1805],[0.9029,41.1755],[0.9019,41.1704],[0.9058,41.1654],[0.9029,41.1602],[0.9009,41.1552],[0.897,41.1502],[0.8949,41.1451],[0.8907,41.1401],[0.8889,41.1348],[0.8887,41.129],[0.885,41.1175],[0.8777,41.1107],[0.8727,41.1118],[0.8677,41.1121],[0.8627,41.111],[0.8577,41.1112],[0.8527,41.1114],[0.8473,41.1143],[0.8419,41.1161],[0.8369,41.1188],[0.8318,41.1222],[0.8267,41.1198],[0.8304,41.1147],[0.8356,41.1146],[0.8377,41.1095],[0.8401,41.1044],[0.8414,41.0993],[0.8364,41.0979],[0.8314,41.0971],[0.8264,41.0981],[0.823,41.0931],[0.8196,41.0881],[0.8229,41.083],[0.8236,41.0779],[0.8198,41.0729],[0.8158,41.0678],[0.8108,41.0669],[0.8058,41.0666],[0.8008,41.0701],[0.7958,41.07],[0.7908,41.0732],[0.7871,41.0782],[0.7821,41.0802],[0.7771,41.0813],[0.7721,41.0835],[0.7704,41.0885],[0.7668,41.0943],[0.7647,41.0892],[0.7596,41.0846],[0.7546,41.0851],[0.7497,41.0901],[0.7445,41.0936],[0.7395,41.0973],[0.7345,41.1006],[0.7295,41.1028],[0.7245,41.1033],[0.7195,41.1029],[0.7144,41.1051],[0.7161,41.1101],[0.7112,41.1152],[0.7068,41.1203],[0.7018,41.1241],[0.6968,41.1285],[0.6932,41.1336],[0.6965,41.1397],[0.6921,41.1447],[0.6886,41.1499],[0.6834,41.1536],[0.6778,41.1625],[0.6771,41.1676],[0.6746,41.1735],[0.6679,41.179],[0.6629,41.1829],[0.6592,41.1879],[0.6642,41.1892],[0.6695,41.1908],[0.6746,41.195],[0.6796,41.1995],[0.6846,41.2006],[0.6897,41.2039],[0.6947,41.2069],[0.6997,41.211],[0.7044,41.216],[0.6991,41.2184],[0.6941,41.2222],[0.6891,41.2236],[0.6868,41.2286],[0.6884,41.2336],[0.6864,41.2387],[0.6851,41.2438],[0.6901,41.2469],[0.6925,41.2519],[0.6942,41.2569],[0.6992,41.2596],[0.7011,41.2646],[0.7,41.2698],[0.6977,41.2748],[0.696,41.2798],[0.7012,41.2828],[0.7061,41.2879],[0.7089,41.2929],[0.7134,41.298],[0.715,41.3031],[0.72,41.3045],[0.725,41.3074],[0.7301,41.3095],[0.7351,41.3095],[0.7401,41.3091],[0.7451,41.3117],[0.7502,41.3116],[0.7519,41.3166],[0.7514,41.3217],[0.7544,41.3267],[0.7591,41.332],[0.7641,41.3341],[0.7693,41.3337],[0.7743,41.3343],[0.7798,41.332],[0.7848,41.3326],[0.7899,41.332],[0.7949,41.3289],[0.8,41.3298],[0.805,41.3296],[0.81,41.3285],[0.8153,41.3269],[0.8203,41.3312],[0.8222,41.3363],[0.8262,41.3414],[0.8268,41.3464],[0.828,41.3515],[0.8291,41.3566],[0.8401,41.3618],[0.8472,41.3547],[0.8547,41.3484],[0.8633,41.3381],[0.8684,41.3392],[0.8734,41.3405],[0.8785,41.3412],[0.8835,41.3415],[0.8888,41.3429],[0.8939,41.3439],[0.8991,41.3454],[0.9041,41.3475],[0.9049,41.3476]]]}},{"type":"Feature","properties":{"id":"30","name":"Ribera d'Ebre","capital":"Móra d'Ebre"},"geometry":{"type":"Polygon","coordinates":[[[0.5809,41.3199],[0.5824,41.3109],[0.5971,41.2934],[0.6021,41.294],[0.6071,41.2916],[0.6121,41.2915],[0.6171,41.2913],[0.6221,41.2921],[0.6271,41.2915],[0.6321,41.2945],[0.6371,41.2977],[0.6422,41.2987],[0.6472,41.3002],[0.6522,41.3003],[0.6572,41.3015],[0.6622,41.3055],[0.6672,41.3076],[0.6722,41.3095],[0.6772,41.3098],[0.6822,41.3085],[0.6874,41.3104],[0.6925,41.3129],[0.6976,41.3123],[0.7027,41.3133],[0.7077,41.313],[0.7127,41.3146],[0.7177,41.3135],[0.7228,41.3139],[0.7278,41.315],[0.7329,41.3155],[0.738,41.3166],[0.743,41.3177],[0.7498,41.3173],[0.7506,41.3121],[0.7456,41.3119],[0.7405,41.3092],[0.7354,41.3095],[0.7303,41.3095],[0.7252,41.3076],[0.7202,41.3051],[0.7152,41.3031],[0.7134,41.298],[0.7088,41.293],[0.7062,41.288],[0.7014,41.2829],[0.6963,41.2819],[0.6983,41.2769],[0.6999,41.2718],[0.7013,41.2666],[0.7014,41.2614],[0.6963,41.2578],[0.693,41.2528],[0.6913,41.2478],[0.6863,41.246],[0.686,41.241],[0.6868,41.2359],[0.6873,41.2309],[0.6861,41.2258],[0.6913,41.2217],[0.6963,41.2213],[0.7014,41.2171],[0.7013,41.2119],[0.6962,41.2083],[0.6911,41.2049],[0.6861,41.2004],[0.6811,41.1996],[0.6761,41.1957],[0.671,41.1934],[0.6659,41.1897],[0.6608,41.1889],[0.6618,41.1838],[0.6669,41.1796],[0.6729,41.1749],[0.6772,41.1698],[0.6767,41.1648],[0.6821,41.1566],[0.6887,41.1507],[0.6913,41.1457],[0.6965,41.1397],[0.6975,41.1342],[0.6925,41.1325],[0.6978,41.1285],[0.703,41.1248],[0.708,41.1214],[0.711,41.1153],[0.716,41.1102],[0.7126,41.1051],[0.7176,41.1037],[0.7226,41.1029],[0.7276,41.1034],[0.7326,41.1033],[0.7369,41.0982],[0.7419,41.0952],[0.7471,41.092],[0.7513,41.0869],[0.7564,41.0847],[0.7614,41.0851],[0.7651,41.0934],[0.7701,41.0889],[0.7694,41.0839],[0.7744,41.083],[0.7795,41.0808],[0.7845,41.0795],[0.7895,41.0746],[0.7945,41.0703],[0.7995,41.0703],[0.8045,41.0672],[0.8095,41.0668],[0.8145,41.067],[0.8164,41.072],[0.8215,41.0754],[0.8235,41.0805],[0.8233,41.0855],[0.8215,41.0906],[0.8248,41.0958],[0.8298,41.0976],[0.8348,41.0972],[0.8398,41.0993],[0.8448,41.0982],[0.8498,41.0949],[0.8548,41.094],[0.8598,41.0939],[0.8648,41.0899],[0.8698,41.0862],[0.8718,41.0811],[0.8724,41.0761],[0.8674,41.0734],[0.8658,41.0784],[0.8692,41.0836],[0.8641,41.084],[0.859,41.0846],[0.8561,41.0796],[0.8548,41.0745],[0.8555,41.0695],[0.857,41.0644],[0.8547,41.0594],[0.8496,41.056],[0.8446,41.0556],[0.8396,41.0538],[0.8306,41.0554],[0.8256,41.0569],[0.8205,41.0604],[0.8155,41.0621],[0.8108,41.057],[0.8058,41.0545],[0.8032,41.0494],[0.7988,41.0442],[0.7959,41.0391],[0.7908,41.0373],[0.7855,41.0322],[0.7805,41.0291],[0.7855,41.0259],[0.7827,41.0209],[0.7847,41.0158],[0.7815,41.0107],[0.7787,41.0057],[0.7782,41.0005],[0.7756,40.9954],[0.7763,40.9903],[0.7815,40.9918],[0.7862,40.9819],[0.7927,40.9726],[0.7987,40.9686],[0.8034,40.953],[0.8101,40.9475],[0.8173,40.9439],[0.8117,40.9398],[0.806,40.9391],[0.7968,40.9387],[0.7895,40.9387],[0.7845,40.9377],[0.7787,40.9364],[0.772,40.9351],[0.7662,40.9341],[0.7612,40.9332],[0.7511,40.9324],[0.7445,40.9359],[0.7395,40.939],[0.7295,40.9401],[0.721,40.941],[0.7148,40.9413],[0.6989,40.9442],[0.6939,40.9429],[0.6889,40.9434],[0.6838,40.941],[0.6788,40.9449],[0.6738,40.9456],[0.6687,40.9444],[0.6629,40.9449],[0.655,40.9436],[0.6499,40.9404],[0.6439,40.9388],[0.6376,40.9375],[0.6293,40.9356],[0.6158,40.9324],[0.6108,40.9306],[0.6057,40.9331],[0.6006,40.9359],[0.5974,40.9409],[0.5924,40.9407],[0.5874,40.9408],[0.5887,40.9459],[0.5926,40.951],[0.5887,40.956],[0.5837,40.9577],[0.5838,40.9629],[0.5788,40.9675],[0.5821,40.9727],[0.5748,40.9769],[0.5651,40.9847],[0.566,40.9897],[0.5728,40.9917],[0.569,40.9985],[0.5684,41.0036],[0.5632,41.007],[0.5591,41.0149],[0.5642,41.0162],[0.5692,41.018],[0.5673,41.023],[0.5623,41.0275],[0.5573,41.03],[0.5557,41.0351],[0.5507,41.0356],[0.5475,41.0407],[0.548,41.0458],[0.5444,41.0508],[0.5391,41.0517],[0.5341,41.0534],[0.5291,41.0554],[0.5274,41.0604],[0.5224,41.0624],[0.5174,41.0624],[0.5124,41.0618],[0.5073,41.0613],[0.5023,41.0599],[0.5008,41.0649],[0.5058,41.0683],[0.5108,41.0699],[0.5158,41.0721],[0.5208,41.0757],[0.5223,41.0807],[0.527,41.0858],[0.5321,41.0903],[0.5358,41.0953],[0.5388,41.1004],[0.5422,41.1054],[0.5472,41.1094],[0.5503,41.1144],[0.5516,41.1195],[0.5466,41.1205],[0.5416,41.1209],[0.5366,41.1235],[0.5316,41.1249],[0.5266,41.1264],[0.5216,41.1308],[0.5166,41.1334],[0.5115,41.1347],[0.5064,41.1349],[0.5013,41.1362],[0.4961,41.1367],[0.4909,41.1399],[0.4879,41.145],[0.4929,41.1485],[0.4949,41.1536],[0.4999,41.1563],[0.5007,41.1614],[0.4984,41.1664],[0.5016,41.1716],[0.5001,41.1766],[0.4992,41.1816],[0.4971,41.1867],[0.4961,41.1918],[0.495,41.1968],[0.4899,41.1978],[0.4849,41.1998],[0.4797,41.2034],[0.4747,41.2029],[0.4697,41.2032],[0.4647,41.2047],[0.4596,41.2048],[0.4568,41.2099],[0.4545,41.2149],[0.4493,41.2183],[0.4442,41.2221],[0.439,41.2237],[0.434,41.227],[0.4289,41.228],[0.4239,41.2267],[0.4189,41.2235],[0.4135,41.2203],[0.4078,41.2193],[0.4028,41.2176],[0.3887,41.2135],[0.3812,41.2123],[0.3762,41.211],[0.3712,41.2088],[0.3687,41.2138],[0.3717,41.2188],[0.3729,41.2239],[0.3713,41.2289],[0.3766,41.2337],[0.3816,41.2346],[0.3788,41.2398],[0.3741,41.2449],[0.3754,41.25],[0.3779,41.2551],[0.3773,41.2601],[0.378,41.2652],[0.3795,41.2703],[0.3831,41.2754],[0.4055,41.2764],[0.423,41.2745],[0.4282,41.2743],[0.4334,41.2877],[0.4351,41.2944],[0.4322,41.3117],[0.4346,41.3203],[0.4413,41.3256],[0.4512,41.3296],[0.4616,41.3351],[0.4672,41.3315],[0.4722,41.3276],[0.4772,41.3243],[0.481,41.3174],[0.4884,41.3116],[0.4905,41.3065],[0.4956,41.3041],[0.4987,41.2989],[0.5027,41.2939],[0.5077,41.2903],[0.5127,41.291],[0.5177,41.2913],[0.5227,41.2905],[0.5278,41.2917],[0.5295,41.2968],[0.5352,41.3024],[0.542,41.3106],[0.5455,41.3227],[0.5545,41.3266],[0.5608,41.3244],[0.5665,41.3213],[0.5742,41.3181],[0.5809,41.3199]]]}},{"type":"Feature","properties":{"id":"31","name":"Ripollès","capital":"Ripoll"},"geometry":{"type":"MultiPolygon","coordinates":[[[[2.0218,42.1272],[2.0268,42.129],[2.0319,42.1263],[2.0295,42.1213],[2.0239,42.1208],[2.0207,42.1158],[2.0179,42.1107],[2.0128,42.1084],[2.0077,42.1065],[2.0066,42.1147],[2.0021,42.1197],[2.0032,42.1248],[2.0116,42.1269],[2.0168,42.1262],[2.0218,42.1272]]],[[[2.5265,42.3334],[2.5199,42.3269],[2.5246,42.3194],[2.5256,42.3119],[2.528,42.3053],[2.5241,42.2918],[2.5291,42.2908],[2.5343,42.2903],[2.5394,42.2906],[2.5445,42.2905],[2.5496,42.2901],[2.5546,42.2879],[2.5495,42.2849],[2.5382,42.2823],[2.5309,42.2795],[2.5231,42.2799],[2.5149,42.2809],[2.5088,42.2813],[2.5074,42.2864],[2.504,42.2989],[2.5061,42.3041],[2.4965,42.2989],[2.4884,42.3007],[2.4797,42.3029],[2.4853,42.2883],[2.4634,42.2795],[2.4583,42.2818],[2.4532,42.283],[2.4481,42.2805],[2.4431,42.2834],[2.438,42.2861],[2.4329,42.2857],[2.4278,42.2842],[2.4226,42.286],[2.4174,42.2862],[2.4121,42.2851],[2.4071,42.2826],[2.4067,42.2776],[2.3992,42.2717],[2.3936,42.2723],[2.3885,42.272],[2.3757,42.265],[2.3784,42.26],[2.3835,42.2555],[2.3783,42.2526],[2.373,42.2523],[2.368,42.2479],[2.3626,42.2475],[2.3575,42.2454],[2.3523,42.2446],[2.3471,42.2421],[2.3434,42.2371],[2.3449,42.232],[2.35,42.2276],[2.3551,42.2271],[2.3602,42.2263],[2.3652,42.2282],[2.3705,42.2289],[2.3755,42.2287],[2.37,42.2158],[2.3649,42.2153],[2.3598,42.2143],[2.3547,42.2135],[2.3496,42.2128],[2.3445,42.2123],[2.3394,42.2123],[2.3327,42.2107],[2.3459,42.2029],[2.3481,42.1977],[2.3547,42.1937],[2.3603,42.1883],[2.3582,42.1785],[2.3612,42.1715],[2.356,42.1713],[2.3509,42.1703],[2.3459,42.169],[2.3407,42.169],[2.3355,42.1658],[2.3305,42.1639],[2.3253,42.1627],[2.3201,42.1625],[2.3149,42.1625],[2.3099,42.1597],[2.3048,42.1579],[2.3001,42.163],[2.2948,42.1649],[2.2897,42.1656],[2.284,42.1646],[2.2789,42.1647],[2.2737,42.1642],[2.2684,42.1636],[2.2738,42.1629],[2.2762,42.1579],[2.2813,42.1601],[2.2864,42.1565],[2.2834,42.1515],[2.2777,42.1499],[2.2828,42.1494],[2.2879,42.1499],[2.293,42.1506],[2.2908,42.1455],[2.286,42.1402],[2.2805,42.1406],[2.2754,42.1401],[2.2702,42.1446],[2.2634,42.1413],[2.2582,42.1389],[2.2531,42.1386],[2.2479,42.1392],[2.2427,42.138],[2.2396,42.143],[2.2344,42.1433],[2.2293,42.1429],[2.2242,42.1428],[2.2192,42.1419],[2.2141,42.1408],[2.2093,42.1357],[2.2105,42.1307],[2.2054,42.1314],[2.2032,42.1262],[2.1922,42.124],[2.1862,42.1283],[2.1865,42.134],[2.1809,42.1353],[2.1634,42.135],[2.1436,42.1309],[2.1397,42.1258],[2.1277,42.1149],[2.1226,42.1151],[2.1173,42.1158],[2.1102,42.1195],[2.1051,42.1225],[2.1001,42.1243],[2.1009,42.1293],[2.0993,42.1343],[2.1011,42.1394],[2.0961,42.14],[2.0903,42.1424],[2.0852,42.1416],[2.0801,42.1417],[2.0748,42.1413],[2.0649,42.1385],[2.0599,42.1357],[2.0548,42.1374],[2.0519,42.1425],[2.0468,42.1437],[2.0418,42.1432],[2.0351,42.146],[2.0326,42.151],[2.0275,42.1528],[2.0224,42.1517],[2.0172,42.1504],[2.0121,42.1498],[2.0071,42.1496],[2.0056,42.1546],[2.0005,42.1587],[1.9905,42.1714],[1.9893,42.1764],[1.9913,42.1815],[1.9863,42.1809],[1.9811,42.1809],[1.976,42.1815],[1.9709,42.1803],[1.9655,42.1787],[1.9653,42.1837],[1.964,42.1888],[1.9645,42.1939],[1.9696,42.197],[1.9747,42.1978],[1.9797,42.1962],[1.9848,42.1948],[1.9898,42.1945],[2.0077,42.1936],[1.999,42.1926],[1.999,42.1875],[2.0042,42.1839],[2.0026,42.1783],[1.9959,42.172],[2.004,42.1665],[2.0091,42.1628],[2.0143,42.1643],[2.0194,42.1648],[2.0245,42.1656],[2.0297,42.17],[2.0312,42.1751],[2.0363,42.1781],[2.0415,42.1772],[2.0561,42.1747],[2.0611,42.1793],[2.0617,42.1887],[2.0617,42.1937],[2.0566,42.195],[2.0532,42.2],[2.0503,42.2077],[2.0508,42.2128],[2.0527,42.2179],[2.0475,42.2212],[2.0421,42.2208],[2.0369,42.2201],[2.0319,42.2166],[2.0268,42.2207],[2.0237,42.2257],[2.0186,42.2306],[2.0238,42.2323],[2.025,42.2374],[2.0285,42.2424],[2.0292,42.2475],[2.029,42.2526],[2.0341,42.2574],[2.0392,42.2593],[2.0411,42.2644],[2.0427,42.2695],[2.0479,42.2737],[2.0529,42.2762],[2.058,42.2807],[2.0631,42.2822],[2.0682,42.2854],[2.0693,42.2905],[2.0643,42.2911],[2.0592,42.2945],[2.0542,42.296],[2.0488,42.297],[2.043,42.3008],[2.0376,42.3043],[2.0323,42.3061],[2.0271,42.3066],[2.022,42.3095],[2.0169,42.3093],[2.0119,42.3087],[2.0065,42.3075],[2.0013,42.3053],[1.9961,42.3041],[1.9909,42.3012],[1.9856,42.3001],[1.9773,42.3013],[1.9694,42.3032],[1.9642,42.3062],[1.9554,42.3121],[1.96,42.3248],[1.96,42.3301],[1.9653,42.3327],[1.9706,42.3309],[1.9779,42.3317],[1.9832,42.3312],[1.9883,42.3323],[1.9906,42.3386],[1.9894,42.3438],[1.9955,42.342],[2.0019,42.3418],[2.0135,42.3457],[2.0192,42.3515],[2.0247,42.3551],[2.0298,42.3564],[2.0348,42.3577],[2.04,42.3575],[2.0451,42.3577],[2.0503,42.3585],[2.0555,42.3585],[2.0605,42.3587],[2.0656,42.3611],[2.0706,42.363],[2.0757,42.3649],[2.0808,42.3645],[2.0859,42.363],[2.0867,42.3683],[2.0894,42.3733],[2.0945,42.3756],[2.0996,42.377],[2.1047,42.3799],[2.1097,42.381],[2.1148,42.3821],[2.1151,42.3875],[2.1148,42.3926],[2.1201,42.3966],[2.1221,42.4018],[2.124,42.4071],[2.1284,42.4121],[2.1335,42.4145],[2.1387,42.4162],[2.1444,42.4176],[2.1495,42.4209],[2.1546,42.4218],[2.1596,42.4221],[2.1654,42.4227],[2.1705,42.4229],[2.1756,42.4213],[2.1808,42.4182],[2.1859,42.4182],[2.1911,42.4186],[2.1962,42.4178],[2.2014,42.4164],[2.2065,42.4174],[2.2116,42.4208],[2.2166,42.4229],[2.2217,42.4245],[2.2267,42.4262],[2.2318,42.4264],[2.2368,42.4272],[2.2419,42.4289],[2.2472,42.4306],[2.252,42.4363],[2.257,42.4387],[2.263,42.4358],[2.2681,42.4338],[2.2732,42.4333],[2.2783,42.4303],[2.2852,42.4278],[2.2903,42.4235],[2.2954,42.4229],[2.3005,42.4239],[2.3056,42.4279],[2.3108,42.4285],[2.3159,42.4269],[2.3188,42.4219],[2.3239,42.4181],[2.329,42.4168],[2.3341,42.4156],[2.3394,42.4165],[2.3445,42.4166],[2.345,42.4116],[2.3499,42.4066],[2.3552,42.4046],[2.3603,42.4032],[2.3654,42.4025],[2.3706,42.4008],[2.3758,42.4009],[2.3809,42.4011],[2.386,42.4004],[2.3911,42.3971],[2.3961,42.3952],[2.4012,42.3947],[2.4062,42.3926],[2.4117,42.3918],[2.4168,42.3925],[2.4218,42.3933],[2.4269,42.394],[2.4321,42.3946],[2.4351,42.3895],[2.4355,42.3843],[2.4335,42.3792],[2.4377,42.3741],[2.4428,42.3708],[2.4479,42.369],[2.4533,42.3696],[2.4567,42.3644],[2.4618,42.3625],[2.467,42.3598],[2.4711,42.3548],[2.4728,42.3497],[2.4773,42.3446],[2.4825,42.3404],[2.4876,42.3407],[2.4927,42.3424],[2.4979,42.3429],[2.503,42.3417],[2.5081,42.3403],[2.5133,42.337],[2.5184,42.3357],[2.5238,42.3342],[2.5265,42.3334]]]]}},{"type":"Feature","properties":{"id":"32","name":"Segarra","capital":"Cervera"},"geometry":{"type":"Polygon","coordinates":[[[1.4139,41.7765],[1.41,41.7714],[1.4089,41.7583],[1.4071,41.7532],[1.4029,41.7456],[1.4107,41.7411],[1.4158,41.7406],[1.4217,41.736],[1.4166,41.7288],[1.4116,41.7267],[1.4065,41.7218],[1.4015,41.7189],[1.3963,41.7161],[1.3861,41.7085],[1.3912,41.705],[1.3964,41.7055],[1.3976,41.7005],[1.4039,41.6945],[1.4042,41.6862],[1.4092,41.6857],[1.4144,41.6848],[1.4195,41.6854],[1.4193,41.6764],[1.4241,41.6694],[1.4258,41.6618],[1.4289,41.6567],[1.433,41.6515],[1.4381,41.6491],[1.4431,41.6468],[1.4482,41.6464],[1.4508,41.6399],[1.4437,41.6348],[1.4386,41.6353],[1.4336,41.6345],[1.4242,41.6314],[1.4191,41.6341],[1.4135,41.6352],[1.4084,41.6352],[1.4028,41.6347],[1.3977,41.6348],[1.3926,41.6344],[1.3874,41.6314],[1.3863,41.6261],[1.379,41.625],[1.3699,41.6214],[1.3616,41.6144],[1.3666,41.6108],[1.3717,41.6121],[1.3767,41.607],[1.3819,41.6045],[1.3936,41.5997],[1.4073,41.6003],[1.4067,41.5933],[1.4029,41.5864],[1.3957,41.5851],[1.3923,41.5788],[1.3932,41.5738],[1.395,41.5685],[1.4022,41.5647],[1.4032,41.5579],[1.3917,41.5562],[1.3863,41.5561],[1.3812,41.5593],[1.376,41.563],[1.3709,41.5653],[1.3454,41.568],[1.3289,41.567],[1.3122,41.5688],[1.3043,41.5714],[1.2993,41.5688],[1.2942,41.5667],[1.2765,41.5699],[1.2709,41.5721],[1.2587,41.5676],[1.2518,41.5712],[1.2464,41.5708],[1.2412,41.5689],[1.2357,41.5706],[1.2302,41.5697],[1.2248,41.5703],[1.2197,41.5697],[1.2128,41.5788],[1.2131,41.5839],[1.2064,41.5886],[1.1848,41.596],[1.1798,41.5958],[1.1747,41.5984],[1.167,41.6022],[1.1654,41.6103],[1.1718,41.6149],[1.1768,41.6176],[1.1819,41.6181],[1.1869,41.6223],[1.1879,41.6274],[1.1892,41.6325],[1.1883,41.6375],[1.1874,41.6453],[1.1857,41.6503],[1.1907,41.6526],[1.1907,41.6576],[1.191,41.6664],[1.1898,41.6746],[1.1869,41.6812],[1.1894,41.6867],[1.1947,41.6919],[1.1958,41.6971],[1.1976,41.7036],[1.2004,41.7089],[1.2045,41.7142],[1.1995,41.7193],[1.1942,41.7204],[1.1787,41.7098],[1.1737,41.7082],[1.1566,41.7125],[1.1595,41.7177],[1.1644,41.7235],[1.1677,41.7286],[1.171,41.7338],[1.1747,41.7396],[1.1777,41.7447],[1.1791,41.752],[1.1741,41.7543],[1.169,41.7558],[1.164,41.7573],[1.1691,41.7601],[1.1742,41.7618],[1.1728,41.7668],[1.1677,41.7689],[1.1662,41.7751],[1.1709,41.7808],[1.1758,41.7858],[1.1702,41.7871],[1.1754,41.7913],[1.1805,41.7952],[1.1862,41.798],[1.1906,41.8032],[1.1943,41.8082],[1.1995,41.812],[1.2046,41.8141],[1.2096,41.8127],[1.2148,41.8126],[1.2199,41.8172],[1.225,41.8198],[1.2273,41.8248],[1.2325,41.8298],[1.2365,41.8348],[1.2364,41.84],[1.2394,41.8451],[1.2445,41.8494],[1.2495,41.8516],[1.2547,41.8554],[1.2598,41.8602],[1.2657,41.8619],[1.2739,41.8677],[1.2784,41.8727],[1.2837,41.8774],[1.2894,41.8869],[1.2899,41.8919],[1.2925,41.8979],[1.2904,41.9029],[1.2906,41.9082],[1.2943,41.9134],[1.2979,41.9185],[1.3033,41.9234],[1.3083,41.9218],[1.313,41.9167],[1.3175,41.9116],[1.3188,41.9066],[1.3188,41.9015],[1.3192,41.8964],[1.3208,41.8914],[1.3259,41.8927],[1.331,41.8953],[1.3351,41.9003],[1.3401,41.8945],[1.3402,41.8895],[1.343,41.8687],[1.3426,41.8633],[1.3421,41.8582],[1.3374,41.8531],[1.3287,41.844],[1.3275,41.8385],[1.3234,41.8332],[1.3224,41.8281],[1.3276,41.8255],[1.3329,41.8229],[1.3379,41.8191],[1.343,41.8209],[1.348,41.8192],[1.3531,41.8183],[1.3581,41.8146],[1.3632,41.8146],[1.3683,41.8144],[1.3734,41.8169],[1.37,41.8059],[1.3662,41.8001],[1.3623,41.7943],[1.3627,41.7893],[1.3668,41.7842],[1.3721,41.7792],[1.3781,41.783],[1.3837,41.7841],[1.3874,41.7897],[1.3921,41.7971],[1.3977,41.8021],[1.4028,41.8041],[1.4032,41.799],[1.4027,41.794],[1.4025,41.7873],[1.4078,41.7831],[1.4105,41.7778],[1.4139,41.7765]]]}},{"type":"Feature","properties":{"id":"33","name":"Segrià","capital":"Lleida"},"geometry":{"type":"MultiPolygon","coordinates":[[[[0.8168,41.6146],[0.8128,41.6086],[0.8084,41.6034],[0.8065,41.5984],[0.805,41.5933],[0.7999,41.5899],[0.7894,41.5859],[0.7842,41.5829],[0.7792,41.5798],[0.7736,41.5848],[0.7671,41.5873],[0.7708,41.5925],[0.774,41.5976],[0.779,41.6018],[0.7821,41.6077],[0.8168,41.6146]]],[[[0.58,41.8508],[0.5788,41.8451],[0.5787,41.84],[0.5785,41.8348],[0.5782,41.8298],[0.5792,41.8247],[0.5817,41.8196],[0.5844,41.8144],[0.5871,41.8094],[0.5896,41.8042],[0.5938,41.7991],[0.5981,41.7941],[0.6031,41.7901],[0.6082,41.7868],[0.6126,41.7815],[0.6149,41.7763],[0.6178,41.7711],[0.6218,41.766],[0.6268,41.7618],[0.6328,41.7597],[0.6382,41.7557],[0.6435,41.7502],[0.6489,41.7447],[0.6542,41.7407],[0.6598,41.7357],[0.663,41.7288],[0.6678,41.7232],[0.6723,41.7181],[0.6774,41.7146],[0.6825,41.7113],[0.6866,41.7063],[0.6905,41.7011],[0.6922,41.6959],[0.6983,41.6979],[0.7033,41.6979],[0.7086,41.6955],[0.7123,41.7007],[0.7189,41.7012],[0.7239,41.6993],[0.7293,41.704],[0.7346,41.7082],[0.7397,41.7101],[0.7456,41.7104],[0.7503,41.7043],[0.7536,41.6992],[0.7584,41.694],[0.7621,41.6889],[0.7643,41.6838],[0.766,41.6775],[0.7644,41.6724],[0.7642,41.6652],[0.7582,41.6635],[0.7522,41.6622],[0.7458,41.6617],[0.7374,41.6617],[0.737,41.6565],[0.7369,41.6515],[0.7329,41.6464],[0.7291,41.6412],[0.7289,41.6359],[0.7343,41.6318],[0.7394,41.6317],[0.7444,41.63],[0.7509,41.6212],[0.7528,41.6162],[0.7547,41.6109],[0.7561,41.6033],[0.7601,41.5975],[0.7598,41.5921],[0.7547,41.5878],[0.7497,41.588],[0.7446,41.5885],[0.7416,41.5827],[0.7365,41.5807],[0.734,41.5755],[0.7324,41.5668],[0.7406,41.5656],[0.7458,41.5608],[0.751,41.5599],[0.7563,41.5591],[0.7616,41.558],[0.7641,41.553],[0.756,41.5503],[0.7552,41.5452],[0.7548,41.5402],[0.7564,41.5351],[0.7508,41.5312],[0.7455,41.5282],[0.7403,41.5286],[0.7353,41.5241],[0.7267,41.5185],[0.7217,41.52],[0.7167,41.5226],[0.7117,41.5248],[0.7055,41.5186],[0.7004,41.5051],[0.6959,41.4998],[0.696,41.4941],[0.6973,41.4884],[0.6941,41.4824],[0.693,41.4773],[0.6778,41.4772],[0.6728,41.4794],[0.6686,41.474],[0.6622,41.4653],[0.6635,41.4577],[0.6562,41.4554],[0.651,41.4554],[0.6428,41.4548],[0.6328,41.4495],[0.6278,41.4519],[0.6254,41.4469],[0.6242,41.4419],[0.621,41.4368],[0.6214,41.4316],[0.6216,41.4266],[0.6266,41.4219],[0.6297,41.4165],[0.63,41.4096],[0.627,41.4019],[0.6188,41.393],[0.6137,41.3911],[0.6061,41.3898],[0.5964,41.3852],[0.5845,41.3762],[0.5859,41.361],[0.5822,41.3532],[0.5855,41.3482],[0.5865,41.3374],[0.5809,41.3199],[0.5742,41.3181],[0.5665,41.3213],[0.5608,41.3244],[0.5545,41.3266],[0.5455,41.3227],[0.543,41.314],[0.5378,41.3061],[0.5303,41.3003],[0.5284,41.2953],[0.5262,41.2902],[0.5187,41.2917],[0.5137,41.2911],[0.5086,41.2913],[0.5036,41.2898],[0.5017,41.2948],[0.4984,41.2999],[0.4934,41.3046],[0.49,41.3096],[0.481,41.3174],[0.4805,41.3224],[0.4755,41.3244],[0.4703,41.3284],[0.4616,41.3351],[0.4558,41.3298],[0.4413,41.3256],[0.4353,41.3213],[0.4322,41.3117],[0.4359,41.2972],[0.4334,41.2877],[0.433,41.2772],[0.4279,41.2743],[0.4055,41.2764],[0.3857,41.2785],[0.3766,41.2876],[0.3696,41.2961],[0.3667,41.3012],[0.3684,41.3064],[0.3702,41.3116],[0.3691,41.3173],[0.3638,41.3215],[0.3583,41.3223],[0.3532,41.3237],[0.3486,41.3289],[0.3535,41.334],[0.3585,41.3384],[0.3635,41.3413],[0.3685,41.344],[0.3723,41.3491],[0.3726,41.3541],[0.3683,41.3592],[0.3645,41.3643],[0.3613,41.3693],[0.3559,41.3724],[0.3377,41.3833],[0.3326,41.3861],[0.3276,41.3893],[0.3225,41.3929],[0.3351,41.4065],[0.3407,41.4115],[0.3443,41.4168],[0.3468,41.4225],[0.3479,41.4279],[0.3488,41.4331],[0.3483,41.4388],[0.3505,41.4439],[0.3552,41.4489],[0.3557,41.4543],[0.3504,41.4574],[0.3454,41.4615],[0.3448,41.4671],[0.3449,41.4734],[0.342,41.4797],[0.3437,41.4849],[0.3489,41.4875],[0.361,41.4864],[0.367,41.486],[0.3796,41.4854],[0.3862,41.4864],[0.3945,41.4897],[0.3995,41.4928],[0.4037,41.4979],[0.4085,41.503],[0.4112,41.508],[0.4157,41.5131],[0.4204,41.5182],[0.4254,41.5214],[0.4297,41.5266],[0.4332,41.5317],[0.4382,41.5367],[0.4436,41.5412],[0.4449,41.5472],[0.4409,41.5535],[0.4357,41.5598],[0.4301,41.5651],[0.4322,41.5732],[0.4313,41.581],[0.4358,41.5867],[0.4338,41.5922],[0.4288,41.6022],[0.4106,41.5958],[0.4022,41.5926],[0.3922,41.5952],[0.3498,41.5996],[0.3487,41.6048],[0.3478,41.61],[0.3469,41.615],[0.3461,41.6206],[0.3506,41.6262],[0.3557,41.6306],[0.3497,41.6365],[0.3454,41.6421],[0.3408,41.6485],[0.3362,41.6546],[0.333,41.6598],[0.3263,41.6626],[0.326,41.6688],[0.3268,41.6765],[0.3283,41.6815],[0.334,41.688],[0.341,41.6943],[0.3472,41.7],[0.3523,41.703],[0.3588,41.7084],[0.3674,41.7132],[0.3689,41.7241],[0.3852,41.7396],[0.3908,41.7342],[0.3985,41.7486],[0.398,41.7543],[0.4069,41.7587],[0.4236,41.7602],[0.438,41.7613],[0.4481,41.7647],[0.4581,41.7638],[0.4645,41.7633],[0.4698,41.7654],[0.4705,41.7704],[0.472,41.7756],[0.473,41.7808],[0.4737,41.7858],[0.4765,41.791],[0.4804,41.7961],[0.4829,41.8012],[0.488,41.8043],[0.4949,41.8043],[0.4999,41.8107],[0.5069,41.8176],[0.5155,41.8221],[0.5251,41.8222],[0.5304,41.8211],[0.5358,41.821],[0.542,41.8201],[0.5467,41.8251],[0.5503,41.8301],[0.5524,41.8366],[0.5514,41.8435],[0.5531,41.8486],[0.5567,41.8536],[0.5617,41.8518],[0.5686,41.852],[0.58,41.8508]]]]}},{"type":"Feature","properties":{"id":"34","name":"Selva","capital":"Santa Coloma de Farners"},"geometry":{"type":"MultiPolygon","coordinates":[[[[2.7914,41.67],[2.7913,41.67],[2.7913,41.6701],[2.7914,41.6701],[2.7914,41.67]]],[[[2.7913,41.6702],[2.7912,41.6701],[2.7912,41.6702],[2.7913,41.6702]]],[[[2.7908230577486175,41.67026816683814],[2.7908136430059653,41.67026816683814],[2.7907995208919867,41.67027269053619],[2.7907869679017834,41.67027608330972],[2.7907540163025,41.670286261630324],[2.7907508780549493,41.670295309026415],[2.790749308931174,41.67030435642251],[2.7907524471787246,41.670312272894094],[2.790765000168928,41.67031453474311],[2.7907869679017834,41.67031679659214],[2.7908042282633128,41.67031905844116],[2.790824626872393,41.67031792751665],[2.790837179862596,41.670313403818604],[2.790848163729024,41.670303225497996],[2.790848163729024,41.670291916252886],[2.7908434563576976,41.670283999781304],[2.7908340416150454,41.67027608330972],[2.7908230577486175,41.67026816683814]]],[[[2.7907,41.6703],[2.7906,41.6703],[2.7906,41.6704],[2.7907,41.6704],[2.7907,41.6703]]],[[[2.7923,41.6705],[2.7924,41.6705],[2.7925,41.6705],[2.7925,41.6704],[2.7924,41.6704],[2.7924,41.6703],[2.7923,41.6703],[2.7922,41.6703],[2.7923,41.6702],[2.7922,41.6702],[2.7922,41.6701],[2.7922,41.67],[2.7921,41.67],[2.792,41.67],[2.7921,41.67],[2.792,41.6701],[2.7921,41.6701],[2.7921,41.6702],[2.7921,41.6703],[2.7921,41.6704],[2.7922,41.6704],[2.7922,41.6705],[2.7921,41.6705],[2.7922,41.6705],[2.7922,41.6706],[2.7923,41.6706],[2.7923,41.6707],[2.7923,41.6708],[2.7924,41.6708],[2.7924,41.6707],[2.7924,41.6706],[2.7925,41.6706],[2.7924,41.6706],[2.7923,41.6705]]],[[[2.8043,41.6731],[2.8042,41.6731],[2.8042,41.6732],[2.8043,41.6732],[2.8044,41.6732],[2.8043,41.6731]]],[[[2.8037,41.6733],[2.8037,41.6732],[2.8038,41.6732],[2.8037,41.6732],[2.8036,41.6732],[2.8036,41.6731],[2.8035,41.6731],[2.8034,41.6731],[2.8033,41.6731],[2.8033,41.673],[2.8032,41.673],[2.8032,41.6731],[2.8031,41.6731],[2.8032,41.6731],[2.8032,41.6732],[2.8031,41.6732],[2.8032,41.6732],[2.8033,41.6732],[2.8033,41.6733],[2.8034,41.6733],[2.8035,41.6733],[2.8036,41.6733],[2.8037,41.6733]]],[[[2.803,41.6733],[2.8031,41.6733],[2.8031,41.6732],[2.803,41.6732],[2.8029,41.6731],[2.803,41.6731],[2.803,41.673],[2.8029,41.673],[2.8028,41.673],[2.8028,41.6731],[2.8028,41.673],[2.8027,41.673],[2.8027,41.6731],[2.8028,41.6732],[2.8028,41.6733],[2.8029,41.6733],[2.803,41.6733]]],[[[2.802,41.6739],[2.8019,41.6739],[2.8019,41.674],[2.802,41.674],[2.802,41.6739]]],[[[2.8034,41.6741],[2.8034,41.674],[2.8033,41.674],[2.8033,41.6741],[2.8034,41.6741],[2.8034,41.6742],[2.8035,41.6742],[2.8035,41.6741],[2.8034,41.6741]]],[[[2.8038,41.674],[2.8037,41.674],[2.8036,41.674],[2.8036,41.6741],[2.8036,41.6742],[2.8037,41.6742],[2.8037,41.6743],[2.8038,41.6743],[2.8038,41.6742],[2.8038,41.6741],[2.8037,41.6741],[2.8037,41.674],[2.8038,41.674]]],[[[2.8037,41.6748],[2.8038,41.6748],[2.8038,41.6747],[2.8038,41.6746],[2.8037,41.6747],[2.8037,41.6748]]],[[[2.8037,41.6749],[2.8036,41.6749],[2.8037,41.6749],[2.8037,41.675],[2.8036,41.675],[2.8036,41.6751],[2.8037,41.6751],[2.8038,41.6751],[2.8038,41.675],[2.8037,41.675],[2.8037,41.6749]]],[[[2.8062,41.6761],[2.8062,41.676],[2.8062,41.6761],[2.8063,41.6761],[2.8063,41.676],[2.8062,41.6759],[2.8061,41.6759],[2.806,41.6759],[2.806,41.676],[2.8061,41.676],[2.8061,41.6761],[2.8062,41.6761]]],[[[2.8059,41.676],[2.8059,41.6761],[2.806,41.6761],[2.8059,41.676]]],[[[2.8061,41.6763],[2.8061,41.6762],[2.806,41.6762],[2.8059,41.6762],[2.806,41.6762],[2.806,41.6763],[2.8061,41.6763]]],[[[2.8062,41.6763],[2.8061,41.6763],[2.8061,41.6764],[2.8062,41.6764],[2.8062,41.6763]]],[[[2.8064,41.6763],[2.8064,41.6764],[2.8063,41.6764],[2.8064,41.6764],[2.8064,41.6765],[2.8065,41.6764],[2.8064,41.6764],[2.8065,41.6764],[2.8065,41.6763],[2.8064,41.6763]]],[[[2.8069,41.6764],[2.8068,41.6764],[2.8068,41.6765],[2.8069,41.6764]]],[[[2.8072941500189614,41.676567416367654],[2.8072659057910045,41.67655497619803],[2.807248645429475,41.67656063082058],[2.807232954191721,41.67656402359412],[2.8072109864588657,41.676575332839235],[2.8071952952211117,41.67659229670691],[2.8071921569735605,41.676603605952025],[2.8071937260973363,41.676612653348116],[2.8072031408399885,41.67662170074421],[2.8072266776966193,41.67663866461188],[2.807237661563047,41.676643188309924],[2.807251783677026,41.67664545015895],[2.8072753205336567,41.676642057385415],[2.8072910117714107,41.67663640276286],[2.807303564761614,41.67662622444225],[2.807312979504266,41.676612653348116],[2.807316117751817,41.67659908225397],[2.807312979504266,41.67659003485788],[2.807303564761614,41.676578725612764],[2.8072941500189614,41.676567416367654]]],[[[2.8071,41.6766],[2.8071,41.6767],[2.807,41.6767],[2.8071,41.6767],[2.8072,41.6766],[2.8071,41.6766]]],[[[2.8097,41.6766],[2.8096,41.6766],[2.8095,41.6766],[2.8095,41.6767],[2.8096,41.6767],[2.8097,41.6767],[2.8097,41.6766]]],[[[2.8073,41.6768],[2.8073,41.6767],[2.8072,41.6767],[2.8071,41.6767],[2.807,41.6768],[2.8071,41.6768],[2.8072,41.6768],[2.8073,41.6768]]],[[[2.8083,41.677],[2.8084,41.677],[2.8084,41.6769],[2.8083,41.6769],[2.8083,41.6768],[2.8083,41.6769],[2.8082,41.6769],[2.8082,41.677],[2.8082,41.6771],[2.8083,41.677]]],[[[2.8082,41.6772],[2.8082,41.6771],[2.8081,41.6771],[2.808,41.6771],[2.808,41.677],[2.8079,41.677],[2.808,41.677],[2.8079,41.6769],[2.8078,41.6769],[2.8078,41.6768],[2.8077,41.6768],[2.8076,41.6768],[2.8077,41.6768],[2.8077,41.6769],[2.8076,41.6769],[2.8076,41.6768],[2.8075,41.6768],[2.8074,41.6768],[2.8074,41.6769],[2.8073,41.6769],[2.8073,41.677],[2.8073,41.6769],[2.8073,41.677],[2.8073,41.6771],[2.8074,41.6771],[2.8075,41.6772],[2.8076,41.6773],[2.8076,41.6774],[2.8077,41.6774],[2.8078,41.6775],[2.8079,41.6775],[2.808,41.6775],[2.808,41.6774],[2.8081,41.6774],[2.8082,41.6774],[2.8082,41.6773],[2.8083,41.6773],[2.8083,41.6772],[2.8082,41.6772]]],[[[2.8113,41.6801],[2.8112,41.6801],[2.8112,41.68],[2.8111,41.68],[2.8111,41.6801],[2.8111,41.6802],[2.8112,41.6802],[2.8113,41.6801]]],[[[2.8114,41.6802],[2.8113,41.6802],[2.8114,41.6802],[2.8114,41.6803],[2.8115,41.6803],[2.8115,41.6802],[2.8114,41.6802]]],[[[2.8112797244084704,41.68027232506759],[2.811267171418267,41.680267801369546],[2.811254618428064,41.680267801369546],[2.8112342198189837,41.68027458691662],[2.811231081571433,41.680285896161735],[2.8112342198189837,41.68029720540685],[2.8112389271903098,41.68031303835001],[2.8112436345616363,41.68032887129317],[2.8112530493042884,41.68034583516085],[2.811262464046941,41.68034809700987],[2.8112687405420425,41.68034470423633],[2.8112687405420425,41.68033791868927],[2.8112797244084704,41.680323216670615],[2.811286000903572,41.68030738372745],[2.811290708274898,41.68029041985978],[2.8112891391511226,41.68028137246369],[2.8112797244084704,41.68027232506759]]],[[[2.8117269246844585,41.68091469019017],[2.8117190790655817,41.680910166492126],[2.8117018187040523,41.68091469019017],[2.8116861274662983,41.68092373758626],[2.8116672979809936,41.680937308680406],[2.811653175867015,41.68095314162357],[2.811650037619464,41.68097010549124],[2.811653175867015,41.68098706935891],[2.8116610214858917,41.68100064045305],[2.811668867104769,41.68100742600012],[2.811682989218747,41.68100742600012],[2.8117018187040523,41.68099724767952],[2.81171280257048,41.680975760113796],[2.811723786436908,41.68095427254808],[2.8117269246844585,41.68094296330296],[2.811730062932009,41.680929392208824],[2.8117269246844585,41.68091469019017]]],[[[2.8121,41.6813],[2.8121,41.6812],[2.8122,41.6812],[2.8121,41.6812],[2.8121,41.6811],[2.8121,41.681],[2.8121,41.6811],[2.812,41.6812],[2.8121,41.6812],[2.812,41.6812],[2.812,41.6813],[2.8121,41.6813]]],[[[2.8167,41.6818],[2.8166,41.6818],[2.8165,41.6818],[2.8164,41.6818],[2.8164,41.6819],[2.8163,41.6819],[2.8164,41.6819],[2.8164,41.682],[2.8165,41.682],[2.8166,41.682],[2.8166,41.6819],[2.8167,41.6819],[2.8167,41.6818]]],[[[2.81605927542833,41.68208293521064],[2.8160498606856774,41.68208067336161],[2.8160420150668006,41.68208406613515],[2.8160326003241485,41.68209198260673],[2.8160263238290466,41.6820987681538],[2.816012201715068,41.68211120832343],[2.815996510477314,41.68212477941756],[2.8159980796010897,41.682131564964635],[2.816004356096191,41.68213721958719],[2.8160137708388433,41.68213948143622],[2.816020047333945,41.682141743285236],[2.8160263238290466,41.68214287420975],[2.8160310312003727,41.68214287420975],[2.8160310312003727,41.68214287420975],[2.816034169447924,41.682141743285236],[2.816043584190576,41.68213835051171],[2.8160561371807793,41.682132695889145],[2.8160686901709826,41.682122517568544],[2.816074966666084,41.68211007739892],[2.8160781049136347,41.68210103000282],[2.8160733975423087,41.68209085168222],[2.81605927542833,41.68208293521064]]],[[[2.814,41.6821],[2.8141,41.6821],[2.8141,41.682],[2.8141,41.6819],[2.814,41.6819],[2.8139,41.6819],[2.8139,41.6818],[2.8139,41.6819],[2.8138,41.6819],[2.8138,41.682],[2.8138,41.6821],[2.8139,41.6821],[2.814,41.6821]]],[[[2.8158,41.6821],[2.8159,41.6821],[2.816,41.6821],[2.816,41.682],[2.8161,41.6819],[2.816,41.6819],[2.816,41.6818],[2.8159,41.6818],[2.8158,41.6819],[2.8157,41.6819],[2.8156,41.6819],[2.8156,41.682],[2.8155,41.682],[2.8154,41.682],[2.8155,41.682],[2.8155,41.6821],[2.8155,41.6822],[2.8156,41.6822],[2.8157,41.6822],[2.8158,41.6822],[2.8158,41.6821]]],[[[2.815916485164769,41.68215644530389],[2.815897655679464,41.68215305253035],[2.8158803953179348,41.6821575762284],[2.8158647040801807,41.68216436177547],[2.815856858461304,41.682170016398025],[2.815853720213753,41.68218019471863],[2.815866273203956,41.68219376581277],[2.8158835335654855,41.68220394413338],[2.815897655679464,41.68220959875593],[2.815916485164769,41.682215253378494],[2.8159227616598703,41.682215253378494],[2.8159306072787476,41.68221412245398],[2.8159400220213997,41.68221072968044],[2.8159541441353784,41.68220168228435],[2.8159588515067044,41.682189242114724],[2.8159510058878277,41.6821768019451],[2.8159353146500736,41.68216436177547],[2.815916485164769,41.68215644530389]]],[[[2.8161,41.6822],[2.8162,41.6822],[2.8162,41.6821],[2.8161,41.6821],[2.8161,41.6822],[2.816,41.6822],[2.8161,41.6822],[2.8161,41.6823],[2.8162,41.6823],[2.8162,41.6822],[2.8161,41.6822]]],[[[2.8159,41.6822],[2.8158,41.6822],[2.8158,41.6823],[2.8158,41.6824],[2.8159,41.6824],[2.8159,41.6823],[2.8159,41.6822]]],[[[2.8143,41.6823],[2.8142,41.6823],[2.8142,41.6824],[2.8143,41.6824],[2.8143,41.6823]]],[[[2.8161,41.6826],[2.816,41.6826],[2.816,41.6827],[2.8161,41.6827],[2.8161,41.6826]]],[[[2.8161,41.683],[2.8162,41.683],[2.8163,41.683],[2.8163,41.6829],[2.8163,41.6828],[2.8162,41.6828],[2.8161,41.6828],[2.8161,41.6829],[2.816,41.6829],[2.816,41.6828],[2.8159,41.6828],[2.8158,41.6828],[2.8158,41.6829],[2.8159,41.6829],[2.8159,41.683],[2.816,41.683],[2.8161,41.683]]],[[[2.8168,41.6857],[2.8167,41.6857],[2.8167,41.6858],[2.8168,41.6858],[2.8168,41.6857]]],[[[2.8169,41.6857],[2.8169,41.6858],[2.817,41.6859],[2.817,41.6858],[2.817,41.6857],[2.8169,41.6857]]],[[[2.8181,41.6866],[2.8181,41.6867],[2.8182,41.6867],[2.8182,41.6868],[2.8183,41.6868],[2.8183,41.6867],[2.8182,41.6866],[2.8181,41.6866]]],[[[2.8189,41.6868],[2.819,41.6868],[2.819,41.6869],[2.8191,41.6869],[2.8191,41.6868],[2.819,41.6868],[2.819,41.6867],[2.8189,41.6867],[2.8188,41.6867],[2.8189,41.6867],[2.8188,41.6867],[2.8188,41.6866],[2.8187,41.6866],[2.8186,41.6866],[2.8186,41.6865],[2.8185,41.6865],[2.8184,41.6865],[2.8184,41.6866],[2.8185,41.6866],[2.8184,41.6866],[2.8184,41.6865],[2.8183,41.6865],[2.8182,41.6865],[2.8182,41.6864],[2.8182,41.6865],[2.8182,41.6866],[2.8183,41.6866],[2.8184,41.6866],[2.8184,41.6867],[2.8185,41.6867],[2.8185,41.6868],[2.8186,41.6868],[2.8186,41.6869],[2.8187,41.6869],[2.8187,41.6868],[2.8188,41.6868],[2.8188,41.6869],[2.8189,41.6869],[2.8189,41.6868]]],[[[2.8212,41.6886],[2.8211,41.6886],[2.8211,41.6887],[2.8212,41.6887],[2.8213,41.6886],[2.8212,41.6886]]],[[[2.8223,41.6887],[2.8222,41.6887],[2.8222,41.6886],[2.8221,41.6886],[2.8221,41.6887],[2.8222,41.6887],[2.8223,41.6887],[2.8223,41.6888],[2.8224,41.6888],[2.8224,41.6887],[2.8223,41.6887]]],[[[2.8218,41.6887],[2.8218,41.6888],[2.8219,41.6888],[2.8218,41.6887]]],[[[2.8199,41.6889],[2.8199,41.6888],[2.8198,41.6888],[2.8197,41.6888],[2.8198,41.6888],[2.8198,41.6889],[2.8199,41.6889]]],[[[2.8221,41.6889],[2.822,41.6889],[2.8219,41.6889],[2.822,41.6889],[2.8221,41.6889]]],[[[2.822,41.689],[2.8219,41.689],[2.822,41.689],[2.8221,41.689],[2.822,41.689]]],[[[2.8219,41.689],[2.8219,41.6891],[2.822,41.6891],[2.8219,41.689]]],[[[2.8223,41.6894],[2.8223,41.6895],[2.8224,41.6895],[2.8224,41.6894],[2.8223,41.6894]]],[[[2.8228,41.6896],[2.8229,41.6896],[2.823,41.6896],[2.823,41.6895],[2.8229,41.6895],[2.8228,41.6895],[2.8228,41.6894],[2.8227,41.6894],[2.8227,41.6895],[2.8226,41.6895],[2.8227,41.6895],[2.8227,41.6896],[2.8228,41.6896],[2.8228,41.6897],[2.8228,41.6896]]],[[[2.8262,41.6901],[2.8261,41.6901],[2.8261,41.6902],[2.8262,41.6902],[2.8262,41.6903],[2.8263,41.6902],[2.8262,41.6901]]],[[[2.8273,41.6902],[2.8273,41.6901],[2.8272,41.6901],[2.8272,41.69],[2.8271,41.69],[2.827,41.69],[2.8269,41.69],[2.8269,41.6901],[2.827,41.6901],[2.827,41.6902],[2.8269,41.6902],[2.8269,41.6901],[2.8268,41.6901],[2.8267,41.6901],[2.8267,41.6902],[2.8267,41.6903],[2.8268,41.6903],[2.8269,41.6903],[2.827,41.6903],[2.8271,41.6903],[2.8271,41.6902],[2.8272,41.6902],[2.8273,41.6902]]],[[[2.8266,41.6902],[2.8265,41.6902],[2.8265,41.6903],[2.8266,41.6903],[2.8267,41.6903],[2.8266,41.6902]]],[[[2.8241,41.6903],[2.8241,41.6904],[2.824,41.6904],[2.8241,41.6904],[2.8241,41.6903]]],[[[2.8254,41.6903],[2.8254,41.6904],[2.8255,41.6904],[2.8255,41.6905],[2.8255,41.6904],[2.8255,41.6903],[2.8254,41.6903]]],[[[2.8274,41.6905],[2.8275,41.6905],[2.8275,41.6904],[2.8274,41.6904],[2.8274,41.6905],[2.8273,41.6905],[2.8272,41.6905],[2.8271,41.6905],[2.8272,41.6905],[2.8272,41.6906],[2.8273,41.6906],[2.8274,41.6906],[2.8274,41.6905]]],[[[2.8287,41.6906],[2.8286,41.6906],[2.8287,41.6906],[2.8287,41.6905],[2.8286,41.6905],[2.8285,41.6905],[2.8285,41.6906],[2.8286,41.6906],[2.8285,41.6906],[2.8285,41.6907],[2.8286,41.6907],[2.8287,41.6907],[2.8287,41.6906]]],[[[2.829872272023151,41.691174437359244],[2.829856580785397,41.691173306434735],[2.829836182176317,41.69117896105729],[2.829817352691012,41.691183484755335],[2.8297749863490766,41.691201579547524],[2.8297671407301994,41.691220805264216],[2.8297796937204027,41.691229852660314],[2.8297906775868307,41.69123098358482],[2.829815783567237,41.69123550728287],[2.8298455969189695,41.69123663820738],[2.8298659955280496,41.6912287217358],[2.829878548518253,41.691220805264216],[2.8298895323846804,41.691210626943615],[2.829891101508456,41.691201579547524],[2.8298848250133544,41.69118800845338],[2.829872272023151,41.691174437359244]]],[[[2.8297,41.6909],[2.8297,41.6908],[2.8296,41.6908],[2.8295,41.6908],[2.8295,41.6907],[2.8295,41.6906],[2.8294,41.6906],[2.8294,41.6907],[2.8293,41.6907],[2.8293,41.6908],[2.8292,41.6908],[2.8291,41.6908],[2.8291,41.6909],[2.8291,41.691],[2.8291,41.6911],[2.8291,41.6912],[2.829,41.6912],[2.829,41.6913],[2.8291,41.6913],[2.8292,41.6913],[2.8292,41.6912],[2.8293,41.6912],[2.8294,41.6912],[2.8295,41.6912],[2.8295,41.6911],[2.8295,41.691],[2.8294,41.691],[2.8294,41.6909],[2.8295,41.6909],[2.8296,41.6909],[2.8297,41.6909]]],[[[2.8391,41.6927],[2.839,41.6928],[2.839,41.6929],[2.8391,41.6929],[2.8391,41.6928],[2.8391,41.6927]]],[[[2.8388,41.6926],[2.8388,41.6925],[2.8387,41.6926],[2.8387,41.6925],[2.8386,41.6925],[2.8386,41.6926],[2.8387,41.6926],[2.8387,41.6927],[2.8388,41.6927],[2.8388,41.6928],[2.8389,41.6928],[2.8389,41.6929],[2.839,41.6929],[2.839,41.6928],[2.8389,41.6928],[2.8389,41.6927],[2.8389,41.6926],[2.8388,41.6926]]],[[[2.8394,41.693],[2.8393,41.693],[2.8393,41.6931],[2.8394,41.6931],[2.8394,41.693]]],[[[2.8401,41.6932],[2.84,41.6932],[2.84,41.6933],[2.84,41.6934],[2.84,41.6933],[2.8401,41.6933],[2.8401,41.6932]]],[[[2.8421,41.6933],[2.842,41.6933],[2.842,41.6934],[2.8421,41.6934],[2.8421,41.6933]]],[[[2.8415,41.6934],[2.8415,41.6935],[2.8416,41.6935],[2.8416,41.6934],[2.8415,41.6934]]],[[[2.8424,41.6934],[2.8423,41.6934],[2.8423,41.6933],[2.8422,41.6933],[2.8421,41.6934],[2.8422,41.6935],[2.8423,41.6935],[2.8424,41.6936],[2.8425,41.6936],[2.8425,41.6935],[2.8424,41.6935],[2.8424,41.6934]]],[[[2.8376,41.6933],[2.8375,41.6933],[2.8375,41.6934],[2.8376,41.6935],[2.8375,41.6935],[2.8375,41.6936],[2.8376,41.6936],[2.8377,41.6935],[2.8377,41.6934],[2.8376,41.6934],[2.8376,41.6933]]],[[[2.8374,41.6937],[2.8373,41.6937],[2.8373,41.6938],[2.8374,41.6938],[2.8375,41.6938],[2.8374,41.6938],[2.8374,41.6937]]],[[[2.8368,41.694],[2.8367,41.694],[2.8367,41.6941],[2.8368,41.6941],[2.8368,41.694]]],[[[2.8432,41.6945],[2.8432,41.6944],[2.8431,41.6944],[2.8432,41.6943],[2.8431,41.6943],[2.843,41.6943],[2.8431,41.6943],[2.843,41.6943],[2.843,41.6944],[2.8431,41.6944],[2.8431,41.6945],[2.8432,41.6945]]],[[[2.8433,41.6944],[2.8432,41.6944],[2.8432,41.6945],[2.8432,41.6946],[2.8433,41.6946],[2.8433,41.6945],[2.8433,41.6944]]],[[[2.8450708049116478,41.69475720621193],[2.845058251921445,41.69475607528742],[2.845042560683691,41.69475833713645],[2.8450300076934876,41.69476512268351],[2.845026869445937,41.69476625360803],[2.8450253003221615,41.69476851545705],[2.8450174547032843,41.694780955626676],[2.8450190238270596,41.69479565764533],[2.845022162074611,41.69480583596593],[2.8450331459410383,41.69481601428654],[2.8450504063025677,41.69481940706007],[2.8450645284165463,41.69481375243751],[2.8450645284165463,41.69481375243751],[2.8450770814067496,41.694808097814956],[2.845088065273177,41.69480357411691],[2.8450959108920544,41.69479678856984],[2.8451006182633805,41.69478774117375],[2.845102187387156,41.69477869377766],[2.8450959108920544,41.69476964638156],[2.845083357901851,41.694761729909985],[2.8450708049116478,41.69475720621193]]],[[[2.845,41.6948],[2.845,41.6949],[2.8449,41.6949],[2.845,41.6949],[2.845,41.6948]]],[[[2.8454,41.6949],[2.8453,41.695],[2.8454,41.6951],[2.8454,41.695],[2.8454,41.6949]]],[[[2.8455,41.6955],[2.8456,41.6955],[2.8456,41.6954],[2.8456,41.6953],[2.8455,41.6953],[2.8455,41.6954],[2.8454,41.6953],[2.8454,41.6954],[2.8453,41.6954],[2.8453,41.6955],[2.8454,41.6955],[2.8455,41.6955]]],[[[2.8456043069952828,41.69589491627059],[2.8455870466337534,41.69589491627059],[2.845580770138652,41.695907356440216],[2.8455744936435505,41.69592318938338],[2.8455682171484487,41.69594128417556],[2.8455682171484487,41.69596164081677],[2.8455776318911012,41.69597634283542],[2.845588615757529,41.69598652115602],[2.8456043069952828,41.695992175778585],[2.845621567356812,41.69598991392956],[2.84563255122324,41.69597860468444],[2.8456309820994647,41.69596164081677],[2.8456309820994647,41.69594806972263],[2.8456184291092614,41.6959062255157],[2.8456043069952828,41.69589491627059]]],[[[2.8455,41.696],[2.8454,41.696],[2.8455,41.696],[2.8455,41.6961],[2.8455,41.696],[2.8456,41.696],[2.8455,41.696]]],[[[2.8601,41.6986],[2.86,41.6986],[2.86,41.6987],[2.8601,41.6987],[2.8601,41.6986]]],[[[2.8669,41.6988],[2.8669,41.6989],[2.867,41.6989],[2.867,41.6988],[2.8669,41.6988]]],[[[2.8613,41.699],[2.8613,41.6989],[2.8612,41.6989],[2.8612,41.699],[2.8613,41.699]]],[[[2.8605,41.6988],[2.8604,41.6988],[2.8604,41.6989],[2.8605,41.6989],[2.8605,41.699],[2.8606,41.699],[2.8606,41.6989],[2.8606,41.6988],[2.8605,41.6988]]],[[[2.865,41.699],[2.865,41.6989],[2.8649,41.6989],[2.8648,41.6989],[2.8648,41.699],[2.8649,41.699],[2.865,41.699]]],[[[2.8629,41.699],[2.8629,41.6989],[2.8628,41.6989],[2.8628,41.699],[2.8629,41.699]]],[[[2.863032564768619,41.69906602860106],[2.863012166159539,41.69905245750692],[2.86297764543648,41.699061504903014],[2.8629666615700526,41.69908073061971],[2.8629635233225015,41.69910108726092],[2.8629980440455602,41.69912144390213],[2.8630341338923944,41.699127098524684],[2.8630576707490256,41.69911352743055],[2.863048256006373,41.69908525431776],[2.863032564768619,41.69906602860106]]],[[[2.861364586195372,41.69906489767655],[2.8613536023289443,41.69906263582753],[2.8613426184625164,41.69906376675204],[2.8613316345960884,41.699068290450086],[2.8613222198534363,41.69907281414813],[2.8613112359870083,41.699078468770686],[2.861300252120581,41.69908186154422],[2.8612876991303775,41.69908412339325],[2.8612798535115003,41.69908412339325],[2.861265731397522,41.69908638524227],[2.8612563166548695,41.69909090894031],[2.8612531784073187,41.699098825411895],[2.8612563166548695,41.69910787280799],[2.8612641622737467,41.699116920204084],[2.8612767152639496,41.699123705751155],[2.861293975625479,41.69913049129822],[2.8613112359870083,41.699133884071756],[2.861320650729661,41.699135014996266],[2.8613237889772116,41.699135014996266],[2.8613426184625164,41.699135014996266],[2.861361447947821,41.699135014996266],[2.861372431814249,41.699135014996266],[2.8613865539282277,41.699133884071756],[2.86139596867088,41.699132753147246],[2.8614053834135325,41.69913162222274],[2.861411659908634,41.699124836675665],[2.86141636727996,41.69911352743055],[2.8614100907848585,41.699096563562875],[2.8614022451659813,41.69908638524227],[2.861391261299554,41.699078468770686],[2.861380277433126,41.69907168322362],[2.8613740009380244,41.699068290450086],[2.861364586195372,41.69906489767655]]],[[[2.8635,41.6991],[2.8634,41.6991],[2.8634,41.6992],[2.8635,41.6993],[2.8636,41.6993],[2.8636,41.6992],[2.8635,41.6992],[2.8635,41.6991]]],[[[2.8691,41.6992],[2.8691,41.6993],[2.8692,41.6993],[2.8692,41.6992],[2.8691,41.6992]]],[[[2.8592,41.6992],[2.8593,41.6992],[2.8593,41.6991],[2.8592,41.6991],[2.8591,41.6991],[2.8592,41.6991],[2.8592,41.6992],[2.8592,41.6991],[2.8591,41.6991],[2.859,41.6991],[2.859,41.6992],[2.859,41.6993],[2.8591,41.6993],[2.8592,41.6993],[2.8592,41.6992]]],[[[2.8688,41.6993],[2.8688,41.6992],[2.8688,41.6993],[2.8687,41.6993],[2.8688,41.6993]]],[[[2.8609158167956084,41.69924132190036],[2.8609048329291804,41.69924132190036],[2.860893849062753,41.69924132190036],[2.860882865196325,41.699245845598405],[2.860878157824999,41.699253762069986],[2.8608765887012235,41.69926054761705],[2.8608765887012235,41.69926733316412],[2.860875019577448,41.699274118711195],[2.8608703122061216,41.69927864240924],[2.860862466587245,41.69928655888082],[2.860862466587245,41.699293344427886],[2.86086403571102,41.69929899905045],[2.8608656048347956,41.699304653673],[2.8608703122061216,41.69931483199361],[2.860878157824999,41.69932501031421],[2.8608860034438757,41.699330664936774],[2.8608922799389775,41.69933518863482],[2.8609001255578543,41.699338581408355],[2.860909540300507,41.69934197418189],[2.8609205241669344,41.699338581408355],[2.8609283697858117,41.69933292678579],[2.8609315080333624,41.69932727216324],[2.860934646280913,41.699320486616166],[2.860934646280913,41.699312570144585],[2.860934646280913,41.69930578459752],[2.8609330771571377,41.69927298778668],[2.860929938909587,41.69926167854157],[2.8609268006620363,41.69925150022096],[2.860923662414485,41.699245845598405],[2.8609158167956084,41.69924132190036]]],[[[2.8701,41.6995],[2.8702,41.6995],[2.8701,41.6994],[2.87,41.6994],[2.87,41.6995],[2.87,41.6996],[2.8701,41.6996],[2.8701,41.6995]]],[[[2.8693,41.6994],[2.8692,41.6994],[2.8693,41.6995],[2.8694,41.6995],[2.8694,41.6996],[2.8695,41.6995],[2.8694,41.6995],[2.8694,41.6994],[2.8693,41.6994]]],[[[2.8582,41.6996],[2.8582,41.6995],[2.8581,41.6995],[2.858,41.6995],[2.858,41.6996],[2.8581,41.6996],[2.8582,41.6996]]],[[[2.858,41.6997],[2.8579,41.6997],[2.8579,41.6998],[2.858,41.6998],[2.858,41.6997]]],[[[2.8699,41.6998],[2.8698,41.6998],[2.8698,41.6999],[2.8699,41.6999],[2.8699,41.6998]]],[[[2.8705,41.7001],[2.8705,41.7002],[2.8706,41.7002],[2.8706,41.7001],[2.8705,41.7001]]],[[[2.8725,41.7001],[2.8725,41.7002],[2.8724,41.7002],[2.8725,41.7002],[2.8725,41.7001]]],[[[2.872561853456606,41.70025915396078],[2.8725493004664027,41.70025915396078],[2.8725367474762,41.70026028488529],[2.8724881046391624,41.700271594130406],[2.8724724134014084,41.70027724875297],[2.8724677060300823,41.70027951060199],[2.8724645677825316,41.70028403430003],[2.8724677060300823,41.70028742707357],[2.872481828144061,41.70029647446966],[2.8725006576293657,41.7003100455638],[2.872511641495793,41.70031683111087],[2.8725289018573226,41.70032248573343],[2.872546162218852,41.700328140355985],[2.872554007837729,41.700328140355985],[2.8725634225803813,41.700325878506966],[2.872572837323034,41.700317962035385],[2.8725791138181354,41.70030778371478],[2.872582252065686,41.70030099816771],[2.8725838211894614,41.70029308169613],[2.872585390313237,41.70028290337552],[2.872586959437012,41.70027385597943],[2.872586959437012,41.700263677658825],[2.872582252065686,41.70026028488529],[2.87257754469436,41.70025915396078],[2.872569699075483,41.70025915396078],[2.872561853456606,41.70025915396078]]],[[[2.8721,41.7],[2.872,41.7001],[2.8719,41.7001],[2.8719,41.7002],[2.8719,41.7003],[2.872,41.7003],[2.8721,41.7004],[2.8722,41.7004],[2.8723,41.7004],[2.8723,41.7003],[2.8723,41.7002],[2.8724,41.7002],[2.8723,41.7002],[2.8723,41.7001],[2.8722,41.7001],[2.8722,41.7],[2.8721,41.7]]],[[[2.8747,41.7008],[2.8746,41.7008],[2.8746,41.7009],[2.8747,41.7009],[2.8747,41.7008]]],[[[2.875,41.7009],[2.8749,41.7009],[2.875,41.7009],[2.875,41.701],[2.875,41.7009],[2.8751,41.7009],[2.875,41.7009]]],[[[2.8732,41.701],[2.8732,41.7009],[2.8732,41.7008],[2.8731,41.7008],[2.873,41.7008],[2.873,41.7007],[2.8729,41.7007],[2.8729,41.7008],[2.8728,41.7008],[2.8728,41.7009],[2.8729,41.7009],[2.873,41.7009],[2.873,41.701],[2.8731,41.701],[2.8732,41.701]]],[[[2.8778,41.7008],[2.8778,41.7009],[2.8778,41.701],[2.8779,41.701],[2.8779,41.7011],[2.878,41.701],[2.878,41.7009],[2.8779,41.7009],[2.8779,41.7008],[2.8778,41.7008]]],[[[2.8879,41.7014],[2.8878,41.7014],[2.8877,41.7013],[2.8876,41.7013],[2.8876,41.7014],[2.8875,41.7014],[2.8876,41.7014],[2.8877,41.7014],[2.8878,41.7014],[2.8879,41.7015],[2.8879,41.7014]]],[[[2.8874,41.7013],[2.8873,41.7013],[2.8873,41.7014],[2.8874,41.7014],[2.8875,41.7014],[2.8875,41.7015],[2.8876,41.7015],[2.8877,41.7015],[2.8877,41.7014],[2.8876,41.7014],[2.8875,41.7014],[2.8875,41.7013],[2.8874,41.7013]]],[[[2.8868,41.7016],[2.8868,41.7015],[2.8867,41.7015],[2.8868,41.7015],[2.8869,41.7015],[2.8868,41.7015],[2.8868,41.7014],[2.8867,41.7014],[2.8866,41.7014],[2.8865,41.7014],[2.8864,41.7014],[2.8864,41.7013],[2.8863,41.7013],[2.8863,41.7014],[2.8862,41.7014],[2.8863,41.7014],[2.8863,41.7015],[2.8864,41.7015],[2.8865,41.7015],[2.8866,41.7015],[2.8866,41.7016],[2.8867,41.7016],[2.8867,41.7015],[2.8867,41.7016],[2.8868,41.7016]]],[[[2.8794,41.7016],[2.8794,41.7015],[2.8793,41.7015],[2.8793,41.7014],[2.8792,41.7014],[2.8792,41.7013],[2.8791,41.7013],[2.879,41.7013],[2.8789,41.7013],[2.8788,41.7013],[2.8787,41.7013],[2.8787,41.7014],[2.8786,41.7014],[2.8786,41.7015],[2.8787,41.7016],[2.8788,41.7016],[2.8789,41.7016],[2.879,41.7016],[2.8791,41.7016],[2.8792,41.7016],[2.8792,41.7017],[2.8793,41.7017],[2.8793,41.7016],[2.8794,41.7016]]],[[[2.8799,41.7018],[2.8798,41.7018],[2.8797,41.7018],[2.8796,41.7018],[2.8795,41.7018],[2.8796,41.7018],[2.8797,41.7018],[2.8798,41.7018],[2.8799,41.7018],[2.8799,41.7019],[2.8799,41.7018]]],[[[2.886,41.7018],[2.8859,41.7018],[2.8859,41.7019],[2.8859,41.702],[2.8859,41.7021],[2.886,41.7021],[2.8861,41.7021],[2.8861,41.702],[2.8862,41.7019],[2.8861,41.7019],[2.8861,41.7018],[2.886,41.7018]]],[[[2.8893,41.7021],[2.8892,41.7022],[2.8892,41.7023],[2.8893,41.7023],[2.8894,41.7023],[2.8894,41.7022],[2.8893,41.7022],[2.8893,41.7021]]],[[[2.8859,41.7025],[2.8859,41.7024],[2.8858,41.7023],[2.8857,41.7023],[2.8856,41.7023],[2.8856,41.7024],[2.8857,41.7024],[2.8857,41.7025],[2.8858,41.7025],[2.8858,41.7026],[2.8859,41.7026],[2.8859,41.7025]]],[[[2.8898018163768944,41.70295414707188],[2.8897892633866915,41.70295414707188],[2.8897657265300603,41.702956408920905],[2.8897547426636327,41.70296206354346],[2.8897516044160816,41.70297337278858],[2.889756311787408,41.702985812958204],[2.889768864777611,41.70299599127881],[2.8897782795202636,41.70300051497686],[2.8897892633866915,41.703002776825876],[2.889806523748221,41.7030050386749],[2.8898253532335256,41.70300390775039],[2.889841044471279,41.70299712220332],[2.8898535974614825,41.70298807480723],[2.8898598739565844,41.70297450371309],[2.8898535974614825,41.702965456316996],[2.889842613595055,41.70296093261895],[2.8898331988524024,41.702958670769924],[2.8898222149859745,41.702956408920905],[2.8898143693670977,41.702955277996395],[2.8898018163768944,41.70295414707188]]],[[[2.8912,41.7033],[2.8912,41.7034],[2.8913,41.7034],[2.8913,41.7033],[2.8912,41.7033]]],[[[2.8903,41.7034],[2.8902,41.7034],[2.8903,41.7034],[2.8903,41.7035],[2.8903,41.7034],[2.8904,41.7034],[2.8903,41.7034]]],[[[2.8852,41.7036],[2.8852,41.7037],[2.8853,41.7037],[2.8853,41.7036],[2.8852,41.7036]]],[[[2.8926,41.7035],[2.8925,41.7035],[2.8925,41.7036],[2.8926,41.7036],[2.8926,41.7037],[2.8927,41.7037],[2.8928,41.7038],[2.8929,41.7038],[2.893,41.7038],[2.893,41.7037],[2.893,41.7036],[2.8929,41.7036],[2.8929,41.7035],[2.8928,41.7035],[2.8927,41.7035],[2.8926,41.7035]]],[[[2.896,41.7036],[2.8961,41.7036],[2.896,41.7036],[2.896,41.7035],[2.8959,41.7035],[2.8958,41.7035],[2.8958,41.7036],[2.8959,41.7036],[2.8958,41.7036],[2.8958,41.7037],[2.8958,41.7038],[2.8959,41.7038],[2.896,41.7038],[2.8961,41.7038],[2.8962,41.7038],[2.8962,41.7039],[2.8963,41.7039],[2.8964,41.7039],[2.8963,41.7039],[2.8963,41.7038],[2.8963,41.7037],[2.8962,41.7037],[2.8961,41.7037],[2.896,41.7037],[2.896,41.7036]]],[[[2.8937,41.7039],[2.8936,41.7039],[2.8936,41.704],[2.8937,41.704],[2.8937,41.7039]]],[[[2.8941,41.7039],[2.8941,41.7038],[2.894,41.7038],[2.894,41.7039],[2.8939,41.7039],[2.8939,41.7038],[2.8938,41.7039],[2.8938,41.704],[2.8938,41.7041],[2.8939,41.7041],[2.894,41.7041],[2.8941,41.7041],[2.8941,41.7042],[2.8941,41.7041],[2.8941,41.704],[2.8941,41.7039]]],[[[2.8984,41.7051],[2.8984,41.705],[2.8983,41.705],[2.8982,41.705],[2.8981,41.705],[2.8982,41.705],[2.8982,41.7051],[2.8983,41.7051],[2.8984,41.7051]]],[[[2.8989105798930748,41.70526236400002],[2.8988933195315454,41.705260102150994],[2.8988744900462406,41.705261233075504],[2.8988572296847113,41.705261233075504],[2.8988384001994065,41.705261233075504],[2.8988289854567544,41.70527593509416],[2.8988462458182838,41.705287244339274],[2.8988587988084866,41.70529289896183],[2.8988650753035885,41.705297422659875],[2.898879197417567,41.705305339131456],[2.8988933195315454,41.70530647005597],[2.898902734274198,41.70530647005597],[2.8989168563881766,41.70530420820695],[2.898927840254604,41.7052996845089],[2.8989372549972567,41.70528498249025],[2.8989372549972567,41.70527480416965],[2.8989294093783795,41.705266887698066],[2.8989105798930748,41.70526236400002]]],[[[2.912,41.7077],[2.9121,41.7077],[2.9121,41.7076],[2.9122,41.7076],[2.9123,41.7076],[2.9124,41.7076],[2.9123,41.7076],[2.9122,41.7076],[2.9121,41.7076],[2.9121,41.7075],[2.9122,41.7075],[2.9123,41.7075],[2.9124,41.7075],[2.9124,41.7074],[2.9123,41.7074],[2.9123,41.7075],[2.9122,41.7075],[2.9122,41.7074],[2.9122,41.7073],[2.9121,41.7073],[2.912,41.7073],[2.912,41.7074],[2.912,41.7075],[2.912,41.7076],[2.9119,41.7076],[2.9119,41.7075],[2.9119,41.7076],[2.9118,41.7076],[2.9118,41.7077],[2.9117,41.7077],[2.9116,41.7077],[2.9115,41.7077],[2.9116,41.7077],[2.9116,41.7078],[2.9117,41.7078],[2.9118,41.7078],[2.9119,41.7078],[2.9119,41.7077],[2.912,41.7077]]],[[[2.9122,41.7079],[2.9122,41.7078],[2.9122,41.7079],[2.9121,41.7079],[2.9122,41.7079],[2.9122,41.708],[2.9123,41.708],[2.9124,41.708],[2.9124,41.7081],[2.9125,41.7081],[2.9125,41.708],[2.9126,41.708],[2.9125,41.708],[2.9125,41.7079],[2.9124,41.7079],[2.9123,41.7079],[2.9122,41.7079]]],[[[2.9135,41.7083],[2.9135,41.7084],[2.9136,41.7084],[2.9136,41.7083],[2.9135,41.7083]]],[[[2.9146,41.7088],[2.9145,41.7088],[2.9145,41.7089],[2.9146,41.7089],[2.9147,41.7089],[2.9148,41.7089],[2.9149,41.7089],[2.9148,41.7089],[2.9148,41.7088],[2.9147,41.7088],[2.9146,41.7088]]],[[[2.9148,41.709],[2.9149,41.7091],[2.9149,41.709],[2.9148,41.709]]],[[[2.916,41.7094],[2.916,41.7095],[2.9161,41.7095],[2.916,41.7094],[2.9161,41.7094],[2.916,41.7094],[2.9159,41.7094],[2.9159,41.7093],[2.9158,41.7093],[2.9157,41.7093],[2.9157,41.7094],[2.9158,41.7095],[2.9159,41.7095],[2.916,41.7095],[2.9159,41.7095],[2.916,41.7094]]],[[[2.9271,41.7136],[2.9272,41.7136],[2.9273,41.7136],[2.9274,41.7136],[2.9274,41.7135],[2.9273,41.7135],[2.9272,41.7135],[2.9272,41.7134],[2.9271,41.7134],[2.9272,41.7134],[2.9273,41.7134],[2.9273,41.7135],[2.9273,41.7134],[2.9272,41.7134],[2.9271,41.7134],[2.9271,41.7133],[2.927,41.7133],[2.927,41.7134],[2.9269,41.7135],[2.9268,41.7135],[2.9267,41.7135],[2.9267,41.7136],[2.9266,41.7136],[2.9265,41.7136],[2.9266,41.7136],[2.9266,41.7137],[2.9267,41.7137],[2.9268,41.7137],[2.9269,41.7137],[2.927,41.7137],[2.927,41.7136],[2.9271,41.7136]]],[[[2.9295132008846454,41.71478022468949],[2.929502217018218,41.714774570066936],[2.929483387532913,41.714774570066936],[2.929467696295159,41.714781355614],[2.929462988923833,41.71478474838754],[2.9294582815525065,41.71479831948168],[2.9294582815525065,41.71480849780228],[2.929462988923833,41.7148198070474],[2.929472403666485,41.71482546166995],[2.9294786801615866,41.714829985368],[2.9294880949042392,41.714833378141535],[2.929502217018218,41.714831116292515],[2.92951163176087,41.714829985368],[2.9295241847510733,41.714824330745444],[2.9295304612461748,41.71481528334935],[2.9295304612461748,41.71480623595326],[2.929527322998624,41.714796057632654],[2.9295194773797473,41.71478701023656],[2.9295132008846454,41.71478022468949]]],[[[2.929456712428731,41.714961172611346],[2.9294441594385283,41.71496004168684],[2.929431606448325,41.714963434460365],[2.9294221917056724,41.71496908908293],[2.929415915210571,41.71497926740353],[2.9294190534581217,41.714989445724136],[2.929425329953223,41.71499396942218],[2.929436313819651,41.71500301681827],[2.9294457285623037,41.715009802365344],[2.929462988923833,41.715017718836926],[2.9294786801615866,41.71502337345948],[2.929486525780464,41.71502676623302],[2.929497509646892,41.71503128993106],[2.929506924389544,41.71503242085558],[2.9295194773797473,41.71502902808204],[2.929527322998624,41.715017718836926],[2.9295257538748487,41.71500754051632],[2.9295147700084208,41.71499510034669],[2.9295037861419932,41.71498492202609],[2.9294928022755653,41.71497700555451],[2.9294802492853624,41.71496908908293],[2.9294692654189345,41.71496456538488],[2.929456712428731,41.714961172611346]]],[[[2.932,41.7151],[2.9319,41.7151],[2.932,41.7152],[2.932,41.7151]]],[[[2.935,41.7205],[2.9351,41.7205],[2.935,41.7205],[2.935,41.7204],[2.9349,41.7204],[2.9349,41.7205],[2.935,41.7205]]],[[[2.94,41.7206],[2.9399,41.7205],[2.94,41.7205],[2.94,41.7204],[2.9401,41.7204],[2.9402,41.7204],[2.9402,41.7203],[2.9403,41.7203],[2.9403,41.7202],[2.9403,41.7201],[2.9403,41.72],[2.9404,41.72],[2.9404,41.7199],[2.9403,41.7199],[2.9402,41.7199],[2.9401,41.7198],[2.94,41.7198],[2.9399,41.7199],[2.9398,41.7199],[2.9398,41.72],[2.9397,41.72],[2.9397,41.7201],[2.9396,41.7201],[2.9396,41.7202],[2.9396,41.7203],[2.9397,41.7204],[2.9398,41.7204],[2.9398,41.7205],[2.9399,41.7205],[2.9398,41.7205],[2.9398,41.7206],[2.9398,41.7205],[2.9398,41.7206],[2.9398,41.7207],[2.9398,41.7208],[2.9399,41.7208],[2.94,41.7208],[2.94,41.7207],[2.9399,41.7207],[2.94,41.7207],[2.94,41.7206]]],[[[2.9395,41.7213],[2.9395,41.7214],[2.9396,41.7214],[2.9396,41.7213],[2.9395,41.7213]]],[[[2.9398,41.7215],[2.9397,41.7215],[2.9396,41.7215],[2.9395,41.7216],[2.9396,41.7216],[2.9397,41.7216],[2.9397,41.7215],[2.9398,41.7215],[2.9399,41.7215],[2.9398,41.7215]]],[[[2.9401,41.7223],[2.94,41.7223],[2.9399,41.7223],[2.9398,41.7223],[2.9397,41.7223],[2.9398,41.7224],[2.9399,41.7224],[2.94,41.7224],[2.94,41.7223],[2.9401,41.7223]]],[[[2.9397,41.7224],[2.9397,41.7225],[2.9398,41.7225],[2.9398,41.7224],[2.9397,41.7224]]],[[[2.9401518600818384,41.72267633962936],[2.940144014462961,41.72267407778033],[2.940123615853881,41.72267860147838],[2.9401126319874535,41.722688779798986],[2.9401094937399024,41.7227000890441],[2.9401094937399024,41.722709136440194],[2.9401110628636777,41.72271592198726],[2.9401094937399024,41.72272270753433],[2.940107924616127,41.72273401677945],[2.9401173393587796,41.72274080232652],[2.9401314614727583,41.72274306417554],[2.9401455835867365,41.722745326024565],[2.9401487218342877,41.722745326024565],[2.940159705700715,41.72274080232652],[2.940165982195817,41.72273401677945],[2.940173827814694,41.72272610030787],[2.9401801043097953,41.72272157660982],[2.940189519052448,41.72271479106275],[2.9401926572999986,41.72270574366666],[2.940189519052448,41.72269669627057],[2.940184811681122,41.72269443442154],[2.940175396938469,41.722689910723496],[2.9401518600818384,41.72267633962936]]],[[[2.9398,41.7226],[2.9397,41.7226],[2.9397,41.7227],[2.9397,41.7228],[2.9398,41.7228],[2.9399,41.7228],[2.9399,41.7227],[2.94,41.7227],[2.9399,41.7227],[2.9399,41.7226],[2.9398,41.7226]]],[[[2.9399,41.7229],[2.94,41.7229],[2.94,41.7228],[2.9401,41.7228],[2.9401,41.7227],[2.94,41.7227],[2.9399,41.7228],[2.9398,41.7228],[2.9398,41.7229],[2.9399,41.7229]]],[[[2.9405,41.7229],[2.9405,41.7228],[2.9404,41.7227],[2.9403,41.7227],[2.9402,41.7228],[2.9401,41.7228],[2.9401,41.7229],[2.9402,41.7229],[2.9403,41.7229],[2.9404,41.7229],[2.9405,41.7229]]],[[[2.9396,41.7228],[2.9396,41.7229],[2.9396,41.723],[2.9397,41.723],[2.9397,41.7231],[2.9397,41.723],[2.9398,41.723],[2.9398,41.7229],[2.9397,41.7229],[2.9397,41.7228],[2.9396,41.7228]]],[[[2.9407,41.7238],[2.9406,41.7238],[2.9406,41.7239],[2.9405,41.7239],[2.9405,41.724],[2.9406,41.724],[2.9406,41.7239],[2.9407,41.7239],[2.9408,41.7239],[2.9408,41.7238],[2.9407,41.7238]]],[[[2.9404,41.7239],[2.9403,41.7239],[2.9403,41.724],[2.9404,41.724],[2.9404,41.7241],[2.9405,41.7241],[2.9405,41.724],[2.9405,41.7239],[2.9404,41.7239]]],[[[2.9409,41.724],[2.9409,41.7241],[2.9408,41.7241],[2.9409,41.7241],[2.941,41.7241],[2.941,41.7242],[2.941,41.7241],[2.9411,41.7241],[2.941,41.7241],[2.941,41.724],[2.9409,41.724]]],[[[2.9413,41.7242],[2.9412,41.7242],[2.9413,41.7242],[2.9413,41.7243],[2.9414,41.7243],[2.9414,41.7242],[2.9413,41.7242]]],[[[2.9412,41.7246],[2.9413,41.7246],[2.9414,41.7245],[2.9413,41.7244],[2.9412,41.7244],[2.9413,41.7244],[2.9413,41.7245],[2.9412,41.7245],[2.9412,41.7244],[2.9411,41.7244],[2.941,41.7244],[2.9409,41.7244],[2.941,41.7244],[2.941,41.7245],[2.9409,41.7245],[2.941,41.7245],[2.941,41.7246],[2.9411,41.7246],[2.9412,41.7246]]],[[[2.941465216681846,41.72457968558235],[2.9414495254440918,41.72457403095979],[2.941435403330113,41.72457403095979],[2.9414212812161344,41.72458081650686],[2.9414181429685837,41.72458534020491],[2.941419712092359,41.724593256676485],[2.94142285033991,41.724601173148066],[2.9414291268350117,41.72460908961965],[2.941438541577664,41.72461587516672],[2.941458940186744,41.72462605348733],[2.9414793387958245,41.72463396995891],[2.9414918917860273,41.724638493656954],[2.9415028756524553,41.72464075550597],[2.9415091521475567,41.72464075550597],[2.941513859518883,41.72463623180793],[2.941513859518883,41.72462718441184],[2.941510721271332,41.724618137015746],[2.941495030033578,41.72460343499709],[2.9414793387958245,41.72458873297844],[2.941465216681846,41.72457968558235]]],[[[2.9414,41.7247],[2.9415,41.7247],[2.9414,41.7246],[2.9413,41.7246],[2.9413,41.7247],[2.9414,41.7247]]],[[[2.9415,41.7248],[2.9414,41.7248],[2.9414,41.7247],[2.9413,41.7247],[2.9412,41.7247],[2.9412,41.7248],[2.9413,41.7248],[2.9413,41.7249],[2.9414,41.7249],[2.9414,41.725],[2.9415,41.725],[2.9415,41.7249],[2.9416,41.7249],[2.9416,41.7248],[2.9415,41.7248]]],[[[2.9429,41.725],[2.9428,41.725],[2.9428,41.7251],[2.9429,41.7251],[2.943,41.7251],[2.943,41.725],[2.9429,41.725]]],[[[2.9425,41.725],[2.9424,41.725],[2.9425,41.725],[2.9425,41.7249],[2.9424,41.7249],[2.9423,41.7249],[2.9423,41.725],[2.9422,41.725],[2.9423,41.7251],[2.9423,41.725],[2.9423,41.7251],[2.9424,41.7251],[2.9425,41.7251],[2.9425,41.725]]],[[[2.9432,41.7252],[2.9431,41.7252],[2.943,41.7252],[2.943,41.7253],[2.9431,41.7253],[2.9432,41.7254],[2.9433,41.7254],[2.9433,41.7253],[2.9433,41.7252],[2.9432,41.7252]]],[[[2.9416,41.7254],[2.9415,41.7254],[2.9414,41.7254],[2.9415,41.7254],[2.9416,41.7254]]],[[[2.9455261090125733,41.72576263262147],[2.9455072795272685,41.72576150169695],[2.9454994339083918,41.72576263262147],[2.9454931574132903,41.72576489447049],[2.945488450041964,41.72576828724402],[2.945485311794413,41.72577281094207],[2.9454790352993117,41.72579090573426],[2.9454774661755363,41.7257954294323],[2.9454790352993117,41.72580786960193],[2.945496295660841,41.72582030977156],[2.945504141279718,41.725821440696066],[2.945532385507675,41.725822571620576],[2.945540231126552,41.72582030977156],[2.9455527841167553,41.72581578607351],[2.945555922364306,41.72580900052644],[2.9455590606118567,41.72580108405486],[2.945563767983183,41.72578977480974],[2.945562198859408,41.725784120187186],[2.9455574914880813,41.72577846556462],[2.9455543532405306,41.72577394186658],[2.9455386620027766,41.72576489447049],[2.945532385507675,41.72576263262147],[2.9455261090125733,41.72576263262147]]],[[[2.9461,41.7259],[2.9462,41.7259],[2.9462,41.7258],[2.9462,41.7257],[2.9462,41.7256],[2.9461,41.7256],[2.946,41.7256],[2.9459,41.7256],[2.9459,41.7257],[2.9458,41.7257],[2.9459,41.7257],[2.9459,41.7258],[2.9458,41.7258],[2.9458,41.7259],[2.9458,41.726],[2.9459,41.726],[2.9459,41.7259],[2.946,41.7259],[2.9461,41.7259]]],[[[2.9456,41.7259],[2.9455,41.7259],[2.9455,41.726],[2.9456,41.726],[2.9457,41.726],[2.9457,41.7259],[2.9456,41.7259]]],[[[2.9455,41.726],[2.9454,41.726],[2.9454,41.7261],[2.9453,41.7261],[2.9454,41.7261],[2.9454,41.7262],[2.9455,41.7262],[2.9456,41.7262],[2.9456,41.7261],[2.9455,41.7261],[2.9455,41.726]]],[[[2.9458,41.7261],[2.9457,41.7261],[2.9456,41.7261],[2.9457,41.7262],[2.9457,41.7263],[2.9458,41.7263],[2.9459,41.7263],[2.9459,41.7262],[2.9458,41.7262],[2.9458,41.7261]]],[[[2.9483,41.7285],[2.9483,41.7286],[2.9483,41.7285],[2.9484,41.7285],[2.9483,41.7285]]],[[[2.9587,41.7403],[2.9587,41.7404],[2.9588,41.7404],[2.9589,41.7404],[2.9589,41.7403],[2.9588,41.7403],[2.9587,41.7403]]],[[[2.9592,41.7407],[2.9591,41.7407],[2.9591,41.7408],[2.9591,41.7409],[2.9592,41.7409],[2.9593,41.7409],[2.9593,41.7408],[2.9592,41.7408],[2.9592,41.7407]]],[[[2.9598851606812326,41.74128909524097],[2.959861623824602,41.74128570246744],[2.9598553473295004,41.74128570246744],[2.9598192574826663,41.74128796431646],[2.9598145501113398,41.74129022616548],[2.959791013254709,41.741304928184135],[2.959791013254709,41.74131058280669],[2.9597941515022597,41.741324153900834],[2.959798858873586,41.74132980852339],[2.9598051353686876,41.741334332221435],[2.9598082736162383,41.74133659407046],[2.9598239648539924,41.741341117768506],[2.9598490708343985,41.74134677239106],[2.9598647620721525,41.74134677239106],[2.959908697537864,41.74134790331557],[2.9599196814042914,41.74134677239106],[2.959929096146944,41.74134564146655],[2.95993380351827,41.741342248693016],[2.95993380351827,41.741335463145944],[2.959936941765821,41.74132528482534],[2.959938510889596,41.741313975580226],[2.95993380351827,41.74130945188218],[2.9599275270231686,41.741304928184135],[2.9599196814042914,41.7413015354106],[2.9599196814042914,41.7413015354106],[2.9598961445476606,41.74129361893902],[2.959889868052559,41.74129022616548],[2.9598851606812326,41.74128909524097]]],[[[2.9616,41.742],[2.9616,41.7421],[2.9617,41.7421],[2.9617,41.742],[2.9616,41.742]]],[[[2.961661408794982,41.742162168963915],[2.961644148433453,41.7421610380394],[2.9616143350817206,41.742162168963915],[2.961604920339068,41.742164430812934],[2.961600212967742,41.74216895451098],[2.9615986438439665,41.74217574005805],[2.9615939364726405,41.7421802637561],[2.961597074720191,41.74218478745414],[2.9616017820915173,41.74218931115219],[2.961675530908961,41.74222550073656],[2.961691222146715,41.74222550073656],[2.961722604622223,41.74222436981205],[2.9617288811173244,41.742220977038514],[2.961738295859977,41.74221532241596],[2.961743003231303,41.742209667793404],[2.9617445723550784,41.74220627501987],[2.9617445723550784,41.742199489472796],[2.9617414341075277,41.74219496577475],[2.9617367267362016,41.742190442076705],[2.9617288811173244,41.74218365652963],[2.9617131898795703,41.74217460913354],[2.961702206013143,41.7421700854355],[2.961683376527838,41.74216556173745],[2.961661408794982,41.742162168963915]]],[[[2.962,41.7421],[2.9619,41.7421],[2.9619,41.7422],[2.962,41.7422],[2.9621,41.7422],[2.962,41.7422],[2.962,41.7421]]],[[[2.9626,41.7434],[2.9625,41.7434],[2.9625,41.7433],[2.9625,41.7434],[2.9626,41.7434]]],[[[2.9626,41.7436],[2.9625,41.7436],[2.9625,41.7437],[2.9626,41.7437],[2.9627,41.7437],[2.9626,41.7437],[2.9626,41.7436]]],[[[2.9643,41.7446],[2.9642,41.7446],[2.9641,41.7446],[2.9641,41.7447],[2.9642,41.7447],[2.9643,41.7447],[2.9644,41.7447],[2.9645,41.7447],[2.9644,41.7447],[2.9644,41.7446],[2.9643,41.7446]]],[[[2.9652,41.7451],[2.9652,41.745],[2.9653,41.745],[2.9652,41.745],[2.9651,41.745],[2.9651,41.7451],[2.9651,41.745],[2.9651,41.7451],[2.9651,41.7452],[2.965,41.7452],[2.965,41.7453],[2.9651,41.7453],[2.9652,41.7453],[2.9653,41.7453],[2.9654,41.7453],[2.9654,41.7454],[2.9655,41.7454],[2.9655,41.7453],[2.9655,41.7452],[2.9654,41.7451],[2.9653,41.7451],[2.9652,41.7451]]],[[[2.9653,41.7454],[2.9652,41.7454],[2.9651,41.7454],[2.965,41.7454],[2.9651,41.7455],[2.9652,41.7455],[2.9653,41.7455],[2.9654,41.7455],[2.9655,41.7455],[2.9655,41.7456],[2.9656,41.7456],[2.9656,41.7455],[2.9655,41.7455],[2.9655,41.7454],[2.9654,41.7454],[2.9653,41.7454]]],[[[2.9651,41.7456],[2.9652,41.7457],[2.9652,41.7456],[2.9651,41.7456]]],[[[2.9664,41.7465],[2.9663,41.7465],[2.9663,41.7466],[2.9663,41.7467],[2.9664,41.7467],[2.9664,41.7468],[2.9665,41.7468],[2.9666,41.7468],[2.9666,41.7467],[2.9665,41.7467],[2.9665,41.7466],[2.9664,41.7465]]],[[[2.9672,41.7469],[2.9671,41.7469],[2.967,41.7469],[2.9669,41.7469],[2.9669,41.747],[2.967,41.747],[2.9671,41.747],[2.9672,41.747],[2.9673,41.747],[2.9672,41.7469]]],[[[2.9671,41.7471],[2.967,41.7471],[2.9669,41.747],[2.9668,41.747],[2.9668,41.7471],[2.9669,41.7471],[2.967,41.7471],[2.967,41.7472],[2.9671,41.7472],[2.9671,41.7471]]],[[[2.9684,41.7496],[2.9684,41.7495],[2.9683,41.7495],[2.9682,41.7495],[2.9682,41.7496],[2.9683,41.7496],[2.9684,41.7496]]],[[[2.9699,41.7514],[2.9699,41.7513],[2.9698,41.7513],[2.9698,41.7514],[2.9699,41.7514]]],[[[2.971,41.7515],[2.9709,41.7515],[2.9709,41.7516],[2.9709,41.7517],[2.971,41.7517],[2.971,41.7516],[2.9711,41.7516],[2.971,41.7516],[2.971,41.7515]]],[[[2.5043,42.0514],[2.5095,42.0486],[2.5134,42.0436],[2.5184,42.0395],[2.5235,42.0348],[2.5287,42.0315],[2.5338,42.0272],[2.5449,42.0295],[2.5464,42.0345],[2.5486,42.0396],[2.5538,42.0439],[2.5594,42.0443],[2.5645,42.0396],[2.5696,42.0381],[2.5746,42.0377],[2.5798,42.0346],[2.5849,42.0366],[2.59,42.0383],[2.5914,42.0433],[2.595,42.0484],[2.6026,42.0463],[2.6017,42.04],[2.6048,42.0331],[2.6144,42.0244],[2.6197,42.0228],[2.6262,42.0234],[2.6277,42.0184],[2.6281,42.0127],[2.6339,42.012],[2.639,42.0167],[2.644,42.0156],[2.6491,42.0138],[2.6541,42.0152],[2.6593,42.016],[2.6641,42.0088],[2.6585,42.0074],[2.6588,42.0023],[2.6603,41.9972],[2.6609,41.9921],[2.6659,41.9886],[2.6685,41.98],[2.674,41.9738],[2.6723,41.9687],[2.667,41.9654],[2.6613,41.9631],[2.6611,41.9579],[2.6656,41.952],[2.6726,41.9482],[2.6803,41.949],[2.6874,41.9429],[2.6972,41.9375],[2.7023,41.9311],[2.6987,41.9261],[2.7074,41.9232],[2.7175,41.9219],[2.7265,41.9237],[2.734,41.9232],[2.7403,41.9241],[2.7457,41.9253],[2.7559,41.9203],[2.7659,41.9094],[2.7714,41.907],[2.7765,41.9049],[2.7819,41.9039],[2.7923,41.9107],[2.7997,41.9119],[2.8085,41.9133],[2.8166,41.9123],[2.8146,41.9073],[2.8176,41.9022],[2.8176,41.8971],[2.8169,41.8921],[2.8155,41.8868],[2.8138,41.8816],[2.8102,41.8762],[2.814,41.8709],[2.8131,41.8658],[2.8126,41.8605],[2.8166,41.8554],[2.8183,41.8503],[2.8245,41.8545],[2.8298,41.8586],[2.8349,41.8613],[2.8401,41.8565],[2.8455,41.8523],[2.8508,41.8489],[2.856,41.8481],[2.8611,41.8488],[2.8589,41.8404],[2.8561,41.8294],[2.8513,41.8225],[2.8481,41.8142],[2.8608,41.8103],[2.8659,41.8102],[2.8725,41.8151],[2.8724,41.8101],[2.8652,41.809],[2.8602,41.8059],[2.854,41.8006],[2.8552,41.7956],[2.8553,41.7906],[2.8604,41.7859],[2.8671,41.7787],[2.871,41.7733],[2.8826,41.7736],[2.9024,41.7724],[2.9094,41.7704],[2.9147,41.7682],[2.924,41.7615],[2.9405,41.7606],[2.9501,41.7683],[2.9552,41.7642],[2.9598,41.7592],[2.9649,41.7555],[2.97,41.7533],[2.968,41.7483],[2.9629,41.7445],[2.9578,41.74],[2.9547,41.735],[2.9496,41.731],[2.9452,41.726],[2.9401,41.7239],[2.9351,41.7205],[2.9351,41.7155],[2.93,41.7149],[2.925,41.7126],[2.9199,41.7129],[2.9149,41.7098],[2.9098,41.7087],[2.9048,41.7104],[2.8997,41.7083],[2.8947,41.7041],[2.8896,41.7033],[2.8845,41.7039],[2.8794,41.7018],[2.8743,41.7016],[2.8692,41.6995],[2.8642,41.6992],[2.8591,41.6994],[2.8539,41.6996],[2.8484,41.6983],[2.8433,41.6948],[2.8383,41.6927],[2.8332,41.6941],[2.8282,41.6908],[2.8231,41.6901],[2.8181,41.6879],[2.8158,41.6829],[2.8107,41.6799],[2.8057,41.6761],[2.7994,41.6716],[2.7943,41.674],[2.7892,41.6702],[2.7855,41.6652],[2.7829,41.66],[2.7803,41.6549],[2.7749,41.6552],[2.771,41.6606],[2.7653,41.6661],[2.7612,41.6712],[2.7587,41.6767],[2.7702,41.6875],[2.7745,41.7002],[2.7658,41.7242],[2.771,41.7285],[2.7763,41.7305],[2.7442,41.7349],[2.724,41.7444],[2.7025,41.7281],[2.693,41.7254],[2.6837,41.7204],[2.6763,41.7182],[2.6701,41.7144],[2.6645,41.7175],[2.6594,41.7185],[2.6544,41.7216],[2.6493,41.7176],[2.6442,41.7153],[2.6333,41.6947],[2.6323,41.6895],[2.6272,41.6888],[2.6219,41.6902],[2.6169,41.6911],[2.5997,41.6838],[2.5946,41.6866],[2.5928,41.6917],[2.5891,41.6967],[2.5883,41.7017],[2.5929,41.7068],[2.5982,41.7118],[2.599,41.7168],[2.5989,41.7283],[2.5929,41.7287],[2.5879,41.7274],[2.5826,41.7255],[2.5771,41.7245],[2.5717,41.7262],[2.5665,41.7248],[2.5614,41.7231],[2.553,41.7202],[2.5478,41.719],[2.5426,41.7212],[2.5376,41.7216],[2.5345,41.7267],[2.532,41.7329],[2.5311,41.7382],[2.5258,41.7416],[2.5207,41.7442],[2.515,41.7486],[2.5181,41.7553],[2.5158,41.7603],[2.5054,41.7629],[2.4978,41.7656],[2.4925,41.7648],[2.4872,41.7672],[2.4821,41.7714],[2.4692,41.7779],[2.4725,41.7896],[2.4606,41.7859],[2.4555,41.7844],[2.4439,41.7894],[2.4428,41.7944],[2.4409,41.7995],[2.4358,41.8025],[2.4304,41.8039],[2.4254,41.8047],[2.4202,41.8043],[2.4151,41.8063],[2.4158,41.8113],[2.4107,41.8156],[2.4083,41.8207],[2.4089,41.8258],[2.4119,41.8308],[2.417,41.8349],[2.4227,41.837],[2.4227,41.8424],[2.4176,41.8458],[2.4213,41.8508],[2.4264,41.8545],[2.4316,41.8533],[2.4368,41.8547],[2.441,41.8602],[2.4462,41.8598],[2.4538,41.8697],[2.4533,41.8766],[2.45,41.8817],[2.445,41.8842],[2.4452,41.8893],[2.446,41.8944],[2.4525,41.8959],[2.4576,41.898],[2.4664,41.9035],[2.4697,41.9086],[2.4745,41.9137],[2.4796,41.9163],[2.4793,41.9213],[2.4796,41.9268],[2.4777,41.932],[2.4726,41.9369],[2.4668,41.9389],[2.4616,41.9415],[2.4565,41.9425],[2.4514,41.9434],[2.4461,41.9438],[2.441,41.9428],[2.437,41.9479],[2.4421,41.9545],[2.4414,41.9597],[2.4348,41.9641],[2.4291,41.9657],[2.4321,41.9707],[2.4376,41.9732],[2.4428,41.9717],[2.4493,41.9699],[2.4544,41.9672],[2.4617,41.9677],[2.468,41.9681],[2.4743,41.9695],[2.4727,41.9753],[2.4802,41.9787],[2.488,41.9848],[2.4805,41.9886],[2.4688,41.9937],[2.4741,41.996],[2.4797,42.0003],[2.4847,41.9993],[2.493,42.0013],[2.499,42.0015],[2.4998,42.0079],[2.4947,42.0127],[2.4944,42.0178],[2.4995,42.0217],[2.5044,42.0269],[2.506,42.0321],[2.4996,42.0337],[2.4928,42.0383],[2.4896,42.0433],[2.4845,42.0464],[2.4819,42.0514],[2.4872,42.0547],[2.4924,42.0574],[2.4976,42.0569],[2.5027,42.0518],[2.5043,42.0514]]]]}},{"type":"Feature","properties":{"id":"35","name":"Solsonès","capital":"Solsona"},"geometry":{"type":"MultiPolygon","coordinates":[[[[1.7103,41.8973],[1.7138,41.8923],[1.7189,41.8932],[1.725,41.8928],[1.7192,41.8827],[1.7112,41.8875],[1.71,41.8926],[1.7103,41.8973]]],[[[1.6138,42.201],[1.6205,42.2019],[1.6257,42.1978],[1.6307,42.1983],[1.6358,42.1982],[1.6408,42.1967],[1.6424,42.1917],[1.6507,42.1778],[1.6547,42.1726],[1.6582,42.1652],[1.6632,42.1654],[1.6684,42.1629],[1.6692,42.1682],[1.6743,42.1687],[1.6793,42.1688],[1.6845,42.1674],[1.6858,42.1724],[1.6909,42.1705],[1.701,42.1696],[1.7062,42.1656],[1.7164,42.1655],[1.7259,42.1664],[1.7274,42.1715],[1.7277,42.1769],[1.7309,42.182],[1.7366,42.1835],[1.7363,42.1785],[1.737,42.1734],[1.7368,42.1684],[1.7383,42.1632],[1.7332,42.1586],[1.7282,42.1572],[1.7231,42.1526],[1.7161,42.1546],[1.7098,42.1513],[1.7071,42.1461],[1.7039,42.1403],[1.6985,42.1346],[1.6996,42.1279],[1.7055,42.1244],[1.7108,42.1199],[1.7095,42.1097],[1.7044,42.106],[1.7116,42.1017],[1.7179,42.1015],[1.7229,42.1001],[1.7222,42.0914],[1.7177,42.0863],[1.7126,42.0849],[1.6912,42.0868],[1.6883,42.0811],[1.6905,42.0761],[1.6869,42.0684],[1.6746,42.0586],[1.6746,42.0535],[1.6731,42.0483],[1.6725,42.0427],[1.6792,42.0383],[1.6802,42.0433],[1.6827,42.0484],[1.6878,42.0468],[1.6928,42.0455],[1.6965,42.0404],[1.6956,42.0353],[1.6997,42.0289],[1.6942,42.0281],[1.6868,42.0255],[1.6783,42.0184],[1.6731,42.0173],[1.6693,42.0099],[1.6669,42.0035],[1.661,42.0061],[1.6622,42.0113],[1.6633,42.0165],[1.6644,42.0216],[1.6594,42.022],[1.6548,42.0169],[1.6513,42.0119],[1.6525,42.0068],[1.6485,42.0017],[1.6504,41.9967],[1.6555,41.9955],[1.6577,42.0029],[1.6619,41.9975],[1.6612,41.9917],[1.6663,41.9904],[1.6717,41.9918],[1.6767,41.9942],[1.6819,41.9942],[1.6898,41.9906],[1.6974,41.9857],[1.6967,41.9908],[1.6901,42.0051],[1.6947,42.0132],[1.6998,42.0125],[1.7057,42.0088],[1.707,42.0038],[1.7142,42.0016],[1.7154,41.9966],[1.7128,41.9916],[1.7163,41.9865],[1.7101,41.9798],[1.7046,41.9781],[1.6968,41.9758],[1.6824,41.9677],[1.6773,41.9691],[1.6723,41.9685],[1.6689,41.9736],[1.6722,41.9787],[1.6671,41.9851],[1.6592,41.9832],[1.6591,41.9781],[1.6488,41.9797],[1.6452,41.9711],[1.6454,41.9661],[1.6449,41.961],[1.6482,41.9559],[1.6483,41.9509],[1.6503,41.9458],[1.6453,41.9439],[1.6492,41.9338],[1.6527,41.9287],[1.6425,41.9289],[1.6375,41.9268],[1.6328,41.9218],[1.6277,41.9183],[1.6226,41.9156],[1.6176,41.9106],[1.6088,41.903],[1.6021,41.9022],[1.5969,41.8994],[1.586,41.8883],[1.5776,41.8918],[1.5736,41.8864],[1.5685,41.8798],[1.5811,41.8752],[1.5861,41.8751],[1.5912,41.8793],[1.5962,41.8816],[1.6013,41.8843],[1.6063,41.8837],[1.6115,41.8805],[1.6165,41.8808],[1.6198,41.8758],[1.6226,41.8707],[1.628,41.8604],[1.6267,41.8483],[1.6318,41.8443],[1.6267,41.842],[1.6217,41.8408],[1.6166,41.84],[1.6116,41.8368],[1.6152,41.8302],[1.6117,41.818],[1.6054,41.8148],[1.5983,41.813],[1.5929,41.8119],[1.5882,41.8045],[1.5937,41.8016],[1.5945,41.7966],[1.5969,41.7914],[1.5933,41.7812],[1.5813,41.7754],[1.5762,41.7803],[1.5695,41.7781],[1.5644,41.7771],[1.5614,41.7718],[1.5563,41.7702],[1.5513,41.7705],[1.5465,41.7653],[1.5448,41.7574],[1.534,41.7572],[1.529,41.7584],[1.5327,41.7638],[1.5276,41.764],[1.5224,41.7662],[1.5171,41.7703],[1.512,41.7704],[1.5086,41.7755],[1.5065,41.7809],[1.5048,41.7882],[1.4997,41.7896],[1.4947,41.7901],[1.489,41.7892],[1.484,41.7909],[1.4849,41.7859],[1.4876,41.7808],[1.4826,41.776],[1.4769,41.7727],[1.4719,41.7712],[1.4667,41.7732],[1.4616,41.7765],[1.4692,41.7785],[1.4726,41.7836],[1.4703,41.7891],[1.4718,41.7943],[1.4725,41.7993],[1.4673,41.7986],[1.4623,41.7979],[1.457,41.7986],[1.4519,41.7981],[1.4467,41.799],[1.4412,41.8011],[1.4358,41.8015],[1.4305,41.8019],[1.4188,41.797],[1.4203,41.79],[1.4183,41.7846],[1.4152,41.7761],[1.4102,41.7783],[1.4075,41.7846],[1.4023,41.7894],[1.4024,41.7945],[1.403,41.7995],[1.404,41.8048],[1.3989,41.8026],[1.3921,41.7971],[1.3874,41.7897],[1.3837,41.7841],[1.3781,41.783],[1.3728,41.779],[1.3678,41.7816],[1.365,41.7868],[1.3616,41.7929],[1.3675,41.798],[1.3689,41.8045],[1.3714,41.8127],[1.3663,41.815],[1.3612,41.8146],[1.3561,41.8159],[1.3511,41.819],[1.346,41.8185],[1.3409,41.8212],[1.3357,41.8225],[1.3305,41.8224],[1.3255,41.8267],[1.3203,41.8302],[1.3254,41.834],[1.3282,41.8393],[1.3354,41.8503],[1.3404,41.8552],[1.343,41.8604],[1.3433,41.8667],[1.3404,41.8887],[1.3401,41.8945],[1.3361,41.8999],[1.3311,41.8953],[1.3259,41.8927],[1.3209,41.8913],[1.3192,41.8964],[1.3188,41.9014],[1.3188,41.9065],[1.3175,41.9116],[1.3131,41.9166],[1.3084,41.9217],[1.3033,41.9234],[1.298,41.9221],[1.3013,41.9271],[1.3062,41.9322],[1.3101,41.9375],[1.3113,41.9426],[1.3135,41.9476],[1.3089,41.9527],[1.2935,41.9555],[1.2918,41.9605],[1.2934,41.9656],[1.2961,41.9707],[1.2986,41.9758],[1.2999,41.9815],[1.3059,41.9848],[1.309,41.99],[1.3141,41.9929],[1.3224,41.9917],[1.3282,41.9913],[1.3337,41.9908],[1.3391,41.9925],[1.3443,41.9934],[1.3507,41.9942],[1.3571,41.9963],[1.3626,42],[1.3612,42.005],[1.3578,42.0102],[1.3586,42.0154],[1.3548,42.0228],[1.3557,42.0281],[1.3599,42.0332],[1.3569,42.0384],[1.3619,42.0417],[1.359,42.0467],[1.3599,42.052],[1.3592,42.0575],[1.3591,42.0625],[1.357,42.0677],[1.3587,42.0728],[1.3537,42.0751],[1.3486,42.0734],[1.3436,42.076],[1.3385,42.0772],[1.331,42.08],[1.3235,42.0949],[1.3268,42.1151],[1.3318,42.1177],[1.3369,42.1197],[1.3419,42.1197],[1.347,42.1228],[1.3502,42.1278],[1.3553,42.1285],[1.3603,42.1296],[1.3637,42.1347],[1.3663,42.1398],[1.3604,42.1429],[1.3576,42.148],[1.3628,42.1498],[1.369,42.1517],[1.3785,42.1548],[1.3837,42.1534],[1.3889,42.1513],[1.3941,42.1509],[1.3992,42.1519],[1.4044,42.1554],[1.4097,42.1565],[1.4147,42.1579],[1.4202,42.1596],[1.427,42.1595],[1.4321,42.1576],[1.4408,42.1496],[1.4463,42.1477],[1.4514,42.1468],[1.4569,42.15],[1.4626,42.1523],[1.4679,42.1537],[1.4736,42.1569],[1.4787,42.1599],[1.4839,42.1629],[1.489,42.1653],[1.4942,42.1697],[1.4995,42.1715],[1.5049,42.1753],[1.51,42.1783],[1.5152,42.1819],[1.5204,42.1844],[1.5217,42.1894],[1.5268,42.1914],[1.5289,42.1965],[1.5275,42.2041],[1.5327,42.2055],[1.5378,42.2062],[1.543,42.2079],[1.548,42.2085],[1.5531,42.2099],[1.5581,42.2096],[1.5633,42.2082],[1.5683,42.2078],[1.5734,42.2059],[1.5784,42.2042],[1.5835,42.2042],[1.5885,42.2029],[1.5937,42.2012],[1.5987,42.2002],[1.6039,42.2008],[1.609,42.2014],[1.6138,42.201]],[[1.6892,42.102],[1.6891,42.102],[1.689,42.102],[1.6889,42.1019],[1.6891,42.1019],[1.6892,42.1019],[1.6892,42.102]],[[1.3194,41.9916],[1.3143,41.9895],[1.3146,41.9837],[1.3197,41.9823],[1.3204,41.9893],[1.3194,41.9916]],[[1.6592,42.1148],[1.6542,42.1134],[1.6491,42.1139],[1.6612,42.1058],[1.6664,42.1049],[1.6739,42.1042],[1.679,42.1033],[1.6841,42.1038],[1.6896,42.1047],[1.6946,42.1076],[1.6921,42.1127],[1.6868,42.1136],[1.6818,42.1142],[1.6767,42.1142],[1.6717,42.1146],[1.6592,42.1148]]]]}},{"type":"Feature","properties":{"id":"36","name":"Tarragonès","capital":"Tarragona"},"geometry":{"type":"MultiPolygon","coordinates":[[[[1.3979432648040753,41.13323282957031],[1.3979260044425459,41.133229436796775],[1.3979118823285672,41.13323282957031],[1.3978977602145886,41.13323622234385],[1.3978961910908132,41.133237353268356],[1.397899329338364,41.1332418769664],[1.39790403670969,41.13324640066445],[1.3979118823285672,41.133257709909564],[1.3979212970712194,41.133264495456636],[1.3979260044425459,41.13326336453212],[1.3979338500614227,41.133256578985055],[1.3979385574327488,41.13324640066445],[1.397940126556524,41.13323961511738],[1.3979432648040753,41.13323282957031]]],[[[1.3978648086153052,41.13318533074082],[1.3978616703677544,41.13318419981631],[1.397855393872653,41.13318533074082],[1.3978506865013265,41.13318872351436],[1.3978428408824497,41.13320342553301],[1.397844410006225,41.13321134200459],[1.3978475482537758,41.13321812755166],[1.397855393872653,41.133230567721284],[1.397860101243979,41.13323509141933],[1.3978632394915298,41.13323396049482],[1.3978679468628559,41.133227174947756],[1.3978742233579577,41.13321360385361],[1.3978695159866317,41.133200032759476],[1.3978648086153052,41.13318533074082]]],[[[1.2162,41.0971],[1.2161,41.097],[1.2161,41.0971],[1.2162,41.0971]]],[[[1.2158417432979096,41.09763358779473],[1.2158040843273001,41.09761436207804],[1.2157821165944447,41.097639242417294],[1.2158197755650542,41.09765846813399],[1.2158417432979096,41.09763358779473]]],[[[1.2147370801600301,41.098067862807184],[1.214700990313196,41.098048637090486],[1.2146774534565647,41.09807351742974],[1.2147151124271747,41.09809274314644],[1.2147370801600301,41.098067862807184]]],[[[1.216348570277363,41.09534120380976],[1.2163109113067532,41.09532197809306],[1.2162889435738977,41.095346858432315],[1.2163266025445072,41.09536608414901],[1.216348570277363,41.09534120380976]]],[[[1.215523211171504,41.097927628167746],[1.2154855522008945,41.09790840245105],[1.2154620153442637,41.0979332827903],[1.2154996743148732,41.097952508507],[1.215523211171504,41.097927628167746]]],[[[1.398,41.1332],[1.398,41.1333],[1.3981,41.1333],[1.3981,41.1332],[1.398,41.1332]]],[[[1.396979822805981,41.13289920683939],[1.396954716825575,41.132894683141345],[1.3969405947115963,41.13289807591488],[1.3969264725976176,41.13290146868842],[1.3969201961025162,41.13290486146195],[1.3969170578549654,41.132912777933534],[1.3969201961025162,41.13291843255609],[1.3969311799689441,41.1329195634806],[1.396943732959147,41.132920694405115],[1.396959424196901,41.13292521810316],[1.3969735463108797,41.132930872725716],[1.3969876684248583,41.132930872725716],[1.3969955140437351,41.1329286108767],[1.3969986522912858,41.13292634902767],[1.3970002214150616,41.13292408717865],[1.3969923757961844,41.13291503978255],[1.396986099301083,41.13290599238646],[1.396979822805981,41.13289920683939]]],[[[1.3873265733397382,41.13251016880741],[1.3872936217404548,41.13250564510936],[1.3872826378740268,41.13251016880741],[1.3872716540075989,41.13251582342997],[1.387263808388722,41.132522608977034],[1.387259101017396,41.13253504914666],[1.3872622392649467,41.13254183469373],[1.3872669466362728,41.132547489316295],[1.3872810687502515,41.132550882089824],[1.3872936217404548,41.132550882089824],[1.3873171585970856,41.132548620240804],[1.387339126329941,41.13254183469373],[1.3873485410725936,41.132529394524106],[1.3873485410725936,41.132521478052524],[1.3873422645774918,41.13251582342997],[1.387334418958615,41.13251356158094],[1.3873265733397382,41.13251016880741]]],[[[1.1651260937532983,41.05579164271523],[1.1650852965351381,41.05579051179072],[1.1650837274113628,41.05580069011132],[1.1650868656589135,41.05581086843193],[1.1650947112777903,41.05581991582802],[1.1651041260204429,41.05582896322411],[1.1651166790106458,41.05583574877118],[1.165129232000849,41.05583687969569],[1.1651433541148277,41.0558380106202],[1.165155907105031,41.055839141544716],[1.165168460095234,41.0558380106202],[1.1651778748378865,41.055831225073135],[1.1651810130854372,41.05582557045057],[1.1651731674665604,41.05581539212997],[1.1651653218476832,41.0558086065829],[1.165155907105031,41.055802951960345],[1.1651417849910524,41.05579729733778],[1.1651260937532983,41.05579164271523]]],[[[1.3235871964593304,41.12799891093071],[1.3235762125929025,41.12799891093071],[1.3235620904789238,41.12800004185522],[1.3235526757362717,41.12800569647778],[1.3235401227460684,41.128007958326805],[1.323527569755865,41.128011351100334],[1.3235134476418868,41.128017005722896],[1.3235024637754589,41.12802492219448],[1.3234993255279082,41.12803396959057],[1.3235056020230096,41.12804075513764],[1.3235165858894375,41.128044147911176],[1.3235260006320897,41.128044147911176],[1.3235511066124963,41.12804301698666],[1.3235777817166778,41.128038493288614],[1.3235966112019826,41.12803170774154],[1.3236123024397366,41.12802152942094],[1.3236154406872873,41.12801248202485],[1.3236107333159612,41.12800230370424],[1.323598180325758,41.12800004185522],[1.3235871964593304,41.12799891093071]]],[[[1.1736,41.0581],[1.1737,41.0581],[1.1736,41.058],[1.1736,41.0581],[1.1736,41.058],[1.1736,41.0581],[1.1735,41.0581],[1.1736,41.0581]]],[[[1.3268,41.1281],[1.3268,41.1282],[1.3269,41.1282],[1.3269,41.1281],[1.3268,41.1281]]],[[[1.3583,41.1283],[1.3583,41.1284],[1.3584,41.1284],[1.3584,41.1283],[1.3583,41.1283]]],[[[1.2244,41.0995],[1.2243,41.0995],[1.2243,41.0996],[1.2244,41.0996],[1.2244,41.0995]]],[[[1.3339,41.1281],[1.3338,41.1281],[1.3338,41.1282],[1.3339,41.1282],[1.334,41.1283],[1.3341,41.1283],[1.3341,41.1282],[1.334,41.1282],[1.334,41.1281],[1.3339,41.1281]]],[[[1.3711,41.1303],[1.3711,41.1302],[1.371,41.1302],[1.3709,41.1302],[1.3708,41.1302],[1.3707,41.1302],[1.3706,41.1302],[1.3705,41.1302],[1.3704,41.1302],[1.3703,41.1302],[1.3702,41.1301],[1.3701,41.1301],[1.37,41.1301],[1.37,41.1302],[1.3701,41.1302],[1.3702,41.1302],[1.3703,41.1302],[1.3705,41.1303],[1.3706,41.1303],[1.3707,41.1303],[1.3708,41.1303],[1.3709,41.1303],[1.371,41.1304],[1.3711,41.1304],[1.3712,41.1304],[1.3712,41.1303],[1.3711,41.1303]]],[[[1.4132,41.2412],[1.4059,41.2374],[1.4059,41.2316],[1.4053,41.2261],[1.3987,41.2211],[1.3904,41.2208],[1.3911,41.2155],[1.3952,41.2056],[1.4004,41.2068],[1.4082,41.2126],[1.4173,41.2116],[1.4224,41.2116],[1.4275,41.2082],[1.4357,41.2024],[1.443,41.2029],[1.4528,41.204],[1.4579,41.2035],[1.4705,41.2068],[1.4768,41.2085],[1.4787,41.2035],[1.4783,41.1984],[1.4785,41.1934],[1.4834,41.1883],[1.4859,41.1832],[1.491,41.1782],[1.4954,41.1731],[1.4904,41.171],[1.4853,41.1663],[1.4803,41.1674],[1.4752,41.167],[1.4702,41.1666],[1.465,41.1655],[1.46,41.1635],[1.4549,41.1609],[1.4498,41.1588],[1.4447,41.1571],[1.4397,41.155],[1.4346,41.1528],[1.4296,41.1508],[1.4245,41.1486],[1.4195,41.1463],[1.4144,41.1439],[1.4094,41.1418],[1.4043,41.138],[1.4023,41.1329],[1.3973,41.1332],[1.3922,41.1318],[1.3872,41.1326],[1.3821,41.1344],[1.3765,41.1336],[1.3714,41.1318],[1.3662,41.1311],[1.3612,41.1297],[1.3561,41.128],[1.3511,41.1272],[1.346,41.1275],[1.341,41.1262],[1.3359,41.1286],[1.3309,41.1281],[1.3258,41.1279],[1.3207,41.1295],[1.3156,41.1295],[1.3105,41.1293],[1.3054,41.1289],[1.3003,41.1282],[1.2953,41.127],[1.2902,41.1243],[1.2852,41.1229],[1.2801,41.1203],[1.2751,41.1181],[1.27,41.1131],[1.265,41.1141],[1.2596,41.1135],[1.2546,41.1111],[1.252,41.1061],[1.2469,41.1011],[1.2417,41.0985],[1.2366,41.0966],[1.2315,41.0942],[1.2276,41.0891],[1.2226,41.0848],[1.2171,41.0812],[1.2223,41.0851],[1.2242,41.0901],[1.2291,41.096],[1.2348,41.1002],[1.2411,41.1026],[1.2357,41.1031],[1.2301,41.101],[1.2229,41.0962],[1.2242,41.1013],[1.2187,41.1018],[1.2136,41.0997],[1.2179,41.0939],[1.2125,41.0933],[1.2073,41.0974],[1.2082,41.0919],[1.2134,41.0874],[1.2084,41.0873],[1.203,41.0911],[1.198,41.0934],[1.1993,41.0884],[1.2048,41.0844],[1.1996,41.0878],[1.1945,41.0897],[1.1934,41.0847],[1.1884,41.0829],[1.1842,41.0778],[1.1808,41.0726],[1.1795,41.0676],[1.1802,41.0625],[1.1751,41.0597],[1.1706,41.0547],[1.1656,41.056],[1.1605,41.0559],[1.1605,41.061],[1.1555,41.0651],[1.1504,41.0653],[1.1454,41.0693],[1.1403,41.0728],[1.1349,41.0735],[1.1299,41.0731],[1.1248,41.0748],[1.1197,41.0741],[1.1146,41.076],[1.1096,41.0792],[1.1029,41.0837],[1.0982,41.0893],[1.095,41.0967],[1.0942,41.1043],[1.0967,41.11],[1.1034,41.1138],[1.1101,41.1091],[1.1241,41.1022],[1.128,41.1078],[1.1257,41.1137],[1.1253,41.1196],[1.1193,41.1218],[1.1213,41.128],[1.1264,41.1307],[1.1315,41.1307],[1.1368,41.1273],[1.1421,41.1252],[1.1482,41.1223],[1.1575,41.116],[1.1649,41.1087],[1.1766,41.1084],[1.1722,41.114],[1.1743,41.1197],[1.1735,41.1248],[1.1689,41.1313],[1.1622,41.1331],[1.1651,41.1384],[1.1711,41.1384],[1.1784,41.1381],[1.1716,41.1339],[1.1766,41.1304],[1.1818,41.1293],[1.189,41.1282],[1.1857,41.1348],[1.1772,41.1441],[1.172,41.1468],[1.1669,41.1495],[1.1619,41.15],[1.1438,41.1705],[1.1496,41.1723],[1.1532,41.1774],[1.1583,41.1806],[1.1635,41.1834],[1.1686,41.1882],[1.1722,41.1934],[1.1754,41.1985],[1.1783,41.2036],[1.1797,41.2087],[1.1833,41.2137],[1.1783,41.2142],[1.1794,41.2216],[1.1733,41.224],[1.1808,41.2234],[1.1849,41.2289],[1.1901,41.2304],[1.1946,41.2253],[1.1997,41.2272],[1.2047,41.2261],[1.2098,41.222],[1.2155,41.218],[1.2206,41.2148],[1.2257,41.2146],[1.2327,41.2173],[1.2327,41.2123],[1.2336,41.2071],[1.246,41.204],[1.259,41.1996],[1.253,41.2131],[1.2423,41.2214],[1.2514,41.2245],[1.2596,41.2225],[1.2648,41.2262],[1.2675,41.2312],[1.2726,41.2345],[1.2813,41.233],[1.2865,41.2358],[1.2925,41.2367],[1.2977,41.2375],[1.3036,41.2367],[1.3087,41.2319],[1.3156,41.2291],[1.3178,41.2237],[1.3252,41.2194],[1.3346,41.2207],[1.3379,41.2157],[1.343,41.2145],[1.346,41.2196],[1.3511,41.2208],[1.3506,41.2258],[1.3496,41.2308],[1.3445,41.2317],[1.3395,41.2331],[1.3344,41.2354],[1.3395,41.238],[1.3445,41.2375],[1.3496,41.2382],[1.3486,41.2432],[1.3522,41.2483],[1.357,41.2533],[1.3636,41.2518],[1.3678,41.2465],[1.3728,41.243],[1.3781,41.2424],[1.3834,41.2417],[1.3889,41.2419],[1.394,41.2401],[1.3993,41.2391],[1.4045,41.2405],[1.4098,41.2417],[1.4132,41.2412]],[[1.2426,41.1095],[1.243,41.1088],[1.2429,41.1088],[1.2426,41.1095],[1.2421,41.1093],[1.2411,41.109],[1.2403,41.1088],[1.242,41.1083],[1.2419,41.1083],[1.2403,41.1087],[1.24,41.1081],[1.2411,41.1079],[1.2417,41.1077],[1.24,41.1081],[1.2398,41.1078],[1.2408,41.1075],[1.2398,41.1077],[1.2397,41.1075],[1.2394,41.1076],[1.2393,41.1075],[1.2397,41.1075],[1.2396,41.1073],[1.2407,41.1072],[1.2426,41.1069],[1.2425,41.1067],[1.2424,41.1066],[1.2428,41.1065],[1.2429,41.1067],[1.243,41.1067],[1.2431,41.1067],[1.2431,41.1066],[1.243,41.1065],[1.2438,41.1063],[1.2439,41.1063],[1.2439,41.1064],[1.2439,41.1065],[1.244,41.1065],[1.2441,41.1064],[1.244,41.1063],[1.244,41.1062],[1.2444,41.1061],[1.2445,41.1062],[1.2445,41.1063],[1.2447,41.1066],[1.2452,41.1074],[1.2454,41.1074],[1.2449,41.1065],[1.245,41.1065],[1.2472,41.1058],[1.2473,41.106],[1.2476,41.1059],[1.2482,41.107],[1.2491,41.1086],[1.2491,41.1087],[1.249,41.1088],[1.2489,41.1088],[1.2489,41.1089],[1.2467,41.1093],[1.2448,41.1096],[1.2443,41.1097],[1.244,41.1098],[1.2437,41.109],[1.2439,41.1098],[1.2434,41.1098],[1.2434,41.1097],[1.2432,41.1091],[1.243,41.1091],[1.2432,41.1098],[1.2432,41.1099],[1.2429,41.1099],[1.2428,41.1096],[1.2427,41.1095],[1.2426,41.1095]]]]}},{"type":"Feature","properties":{"id":"37","name":"Terra Alta","capital":"Gandesa"},"geometry":{"type":"Polygon","coordinates":[[[0.3817,41.2373],[0.3766,41.2337],[0.3716,41.2299],[0.3733,41.2249],[0.3717,41.2198],[0.3694,41.2148],[0.3668,41.2097],[0.3718,41.2092],[0.3768,41.2113],[0.3902,41.2129],[0.4022,41.2164],[0.4078,41.2193],[0.4128,41.2201],[0.4178,41.2231],[0.4229,41.2268],[0.4279,41.2278],[0.4329,41.2278],[0.4379,41.2242],[0.4429,41.2225],[0.4479,41.2196],[0.4529,41.2154],[0.4581,41.2126],[0.4575,41.2076],[0.4625,41.2041],[0.4675,41.2034],[0.4744,41.2029],[0.4794,41.2035],[0.4844,41.2011],[0.4894,41.1979],[0.4944,41.1968],[0.4961,41.1918],[0.4971,41.1868],[0.4988,41.1817],[0.5001,41.1767],[0.5016,41.1716],[0.4984,41.1664],[0.5007,41.1614],[0.5,41.1563],[0.495,41.1541],[0.4943,41.149],[0.4891,41.146],[0.4896,41.141],[0.4946,41.1367],[0.4996,41.1365],[0.5046,41.1355],[0.5096,41.1349],[0.5147,41.1338],[0.5198,41.1316],[0.5248,41.1292],[0.5298,41.125],[0.5348,41.124],[0.54,41.1217],[0.5451,41.1207],[0.5502,41.1196],[0.5505,41.1145],[0.5473,41.1095],[0.5422,41.1071],[0.5396,41.1021],[0.536,41.097],[0.5343,41.092],[0.5293,41.0877],[0.5245,41.0826],[0.5207,41.0776],[0.5171,41.0725],[0.5121,41.07],[0.507,41.0687],[0.502,41.0662],[0.5023,41.0599],[0.5073,41.0613],[0.5123,41.0618],[0.5174,41.0624],[0.5224,41.0624],[0.5274,41.0625],[0.527,41.0575],[0.5321,41.0538],[0.5371,41.0514],[0.5422,41.051],[0.5472,41.0465],[0.5472,41.0415],[0.5493,41.0365],[0.5544,41.0348],[0.5575,41.0297],[0.5625,41.0274],[0.567,41.0224],[0.5678,41.0173],[0.5628,41.0162],[0.5577,41.014],[0.5527,41.0096],[0.5476,41.0099],[0.5424,41.0074],[0.5354,41.0011],[0.5303,41.0008],[0.5251,40.9983],[0.5196,40.9975],[0.5145,40.9976],[0.5093,40.9949],[0.5044,40.9899],[0.4993,40.9877],[0.4942,40.9833],[0.489,40.9797],[0.4839,40.9768],[0.4788,40.977],[0.4737,40.9781],[0.4685,40.9801],[0.4632,40.9777],[0.4545,40.9783],[0.4517,40.9732],[0.4487,40.9681],[0.4435,40.9636],[0.4385,40.9618],[0.4335,40.9612],[0.4284,40.9611],[0.4234,40.9606],[0.4184,40.9584],[0.4134,40.958],[0.4084,40.9578],[0.4033,40.9564],[0.3982,40.9539],[0.3931,40.9551],[0.3918,40.95],[0.3874,40.9449],[0.3824,40.9434],[0.3774,40.944],[0.3723,40.942],[0.3718,40.9369],[0.3668,40.9333],[0.3674,40.9283],[0.3681,40.9233],[0.3675,40.9182],[0.3659,40.9131],[0.3635,40.9081],[0.3674,40.903],[0.3648,40.8979],[0.367,40.8929],[0.3669,40.8878],[0.3618,40.8839],[0.3602,40.8788],[0.3524,40.871],[0.3421,40.8605],[0.3371,40.8559],[0.3331,40.8508],[0.3284,40.8458],[0.3234,40.8437],[0.3184,40.8427],[0.3133,40.8407],[0.3055,40.8353],[0.2968,40.8211],[0.2922,40.8159],[0.2871,40.8182],[0.2816,40.8192],[0.276,40.8183],[0.2781,40.8233],[0.273,40.8257],[0.268,40.8303],[0.2642,40.8354],[0.2601,40.8406],[0.2589,40.8457],[0.2555,40.8507],[0.2509,40.8558],[0.2524,40.8609],[0.2544,40.866],[0.2541,40.871],[0.2514,40.8761],[0.2464,40.8799],[0.2414,40.8818],[0.2422,40.8868],[0.2456,40.8919],[0.2494,40.8969],[0.2494,40.902],[0.2523,40.9071],[0.2511,40.9121],[0.2534,40.9172],[0.2559,40.9223],[0.2598,40.9273],[0.2648,40.9282],[0.2698,40.9309],[0.2744,40.936],[0.2726,40.941],[0.2745,40.9461],[0.2795,40.9505],[0.2831,40.9556],[0.2857,40.9606],[0.2864,40.9656],[0.2915,40.9683],[0.2915,40.9733],[0.2865,40.9736],[0.2815,40.9742],[0.2812,40.9794],[0.2817,40.9844],[0.2773,40.9895],[0.2723,40.9926],[0.2688,40.9977],[0.2704,41.0028],[0.2733,41.0078],[0.2682,41.0098],[0.2632,41.0103],[0.2591,41.016],[0.2643,41.0196],[0.2698,41.0192],[0.2748,41.018],[0.2798,41.0193],[0.2747,41.0244],[0.2697,41.0262],[0.2647,41.0258],[0.2597,41.0284],[0.2544,41.0316],[0.2506,41.0369],[0.2453,41.0415],[0.2445,41.0365],[0.2394,41.0343],[0.2344,41.0343],[0.2301,41.0395],[0.2347,41.0446],[0.2295,41.0475],[0.2243,41.0442],[0.2192,41.0421],[0.2181,41.0472],[0.2234,41.0506],[0.2284,41.0518],[0.2301,41.0571],[0.2247,41.0589],[0.2195,41.0607],[0.2182,41.066],[0.2205,41.0712],[0.2167,41.0763],[0.2204,41.0817],[0.2154,41.0845],[0.2104,41.0835],[0.2054,41.0832],[0.2005,41.1022],[0.2044,41.1073],[0.2062,41.1124],[0.2085,41.1174],[0.2035,41.1213],[0.2011,41.1264],[0.2066,41.1285],[0.2117,41.1297],[0.2169,41.1307],[0.2126,41.1364],[0.2244,41.1341],[0.2369,41.1301],[0.242,41.1295],[0.2471,41.13],[0.2521,41.1346],[0.2527,41.1396],[0.2548,41.1447],[0.2529,41.1497],[0.2588,41.1498],[0.2648,41.1487],[0.2701,41.1487],[0.2753,41.1504],[0.2812,41.1542],[0.2869,41.1566],[0.2921,41.1564],[0.2979,41.161],[0.3035,41.1633],[0.303,41.1683],[0.3051,41.1734],[0.3057,41.1786],[0.3058,41.1842],[0.3083,41.1898],[0.3107,41.1948],[0.313,41.2003],[0.3138,41.2053],[0.3174,41.2104],[0.3179,41.216],[0.3212,41.224],[0.3267,41.2224],[0.3323,41.2229],[0.3367,41.2281],[0.3418,41.2305],[0.3469,41.2276],[0.353,41.2262],[0.3581,41.2251],[0.3632,41.2264],[0.3644,41.2314],[0.363,41.2364],[0.3689,41.2381],[0.3744,41.2369],[0.3798,41.2363],[0.3817,41.2373]]]}},{"type":"Feature","properties":{"id":"38","name":"Urgell","capital":"Tàrrega"},"geometry":{"type":"MultiPolygon","coordinates":[[[[0.9526,41.7471],[0.9632,41.7526],[0.9684,41.7568],[0.9717,41.7626],[0.9758,41.7704],[0.9766,41.7757],[0.9762,41.7664],[0.9739,41.7607],[0.9685,41.7549],[0.9604,41.7493],[0.9538,41.7452],[0.9526,41.7471]]],[[[1.0441,41.8585],[1.0498,41.8575],[1.0554,41.8576],[1.0573,41.8522],[1.0626,41.8449],[1.0645,41.8396],[1.0555,41.837],[1.0512,41.8299],[1.0421,41.8287],[1.0371,41.8258],[1.0323,41.8206],[1.0269,41.8202],[1.0245,41.8273],[1.0245,41.8384],[1.0202,41.8434],[1.0201,41.8486],[1.0257,41.8518],[1.0308,41.8548],[1.0369,41.8545],[1.0421,41.8568],[1.0441,41.8585]]],[[[1.1702,41.7871],[1.1756,41.7872],[1.1723,41.782],[1.1662,41.7751],[1.1677,41.7689],[1.1728,41.7668],[1.1742,41.7618],[1.1691,41.7601],[1.164,41.7594],[1.169,41.7558],[1.1741,41.7543],[1.1791,41.7532],[1.1797,41.7482],[1.1764,41.743],[1.1736,41.7377],[1.1705,41.7326],[1.1662,41.7268],[1.163,41.7216],[1.1592,41.7166],[1.1704,41.7089],[1.1755,41.7087],[1.1932,41.7202],[1.1995,41.7193],[1.2048,41.7178],[1.2028,41.7121],[1.1988,41.7069],[1.1973,41.7018],[1.1958,41.6967],[1.1943,41.6912],[1.1894,41.6859],[1.1884,41.6791],[1.1888,41.6712],[1.1912,41.6612],[1.1911,41.6562],[1.1876,41.6511],[1.1874,41.6453],[1.1883,41.6402],[1.1894,41.6352],[1.1884,41.6301],[1.1878,41.625],[1.1866,41.62],[1.1815,41.618],[1.1745,41.6147],[1.1675,41.6135],[1.1687,41.6063],[1.1699,41.6007],[1.1752,41.5983],[1.1848,41.596],[1.2064,41.5886],[1.2135,41.5847],[1.2128,41.5796],[1.2171,41.5727],[1.2157,41.5672],[1.2165,41.5622],[1.2121,41.5565],[1.2131,41.5515],[1.1977,41.5437],[1.192,41.5428],[1.1866,41.5437],[1.1809,41.5433],[1.1711,41.5405],[1.1661,41.5372],[1.1759,41.5345],[1.1672,41.533],[1.1739,41.5313],[1.1701,41.5192],[1.1636,41.5132],[1.1656,41.508],[1.1706,41.5041],[1.1757,41.5012],[1.1768,41.4961],[1.1798,41.4884],[1.1747,41.4869],[1.1618,41.4825],[1.1545,41.481],[1.1382,41.4788],[1.1309,41.4773],[1.1206,41.4712],[1.1155,41.4692],[1.1103,41.4676],[1.1066,41.4727],[1.0999,41.4763],[1.0941,41.4782],[1.0891,41.4774],[1.084,41.4793],[1.079,41.4837],[1.0739,41.4855],[1.0643,41.4874],[1.0588,41.492],[1.0535,41.4944],[1.0479,41.4977],[1.0428,41.5003],[1.0374,41.4989],[1.0367,41.5039],[1.0314,41.5061],[1.0261,41.5041],[1.0211,41.5032],[1.016,41.5078],[1.011,41.512],[1.0037,41.5129],[0.9972,41.5132],[0.9867,41.5165],[0.9817,41.5171],[0.9799,41.5221],[0.9813,41.5281],[0.986,41.5332],[0.9856,41.5405],[0.9834,41.5464],[0.9796,41.5551],[0.9746,41.5574],[0.9691,41.5651],[0.9641,41.5671],[0.9649,41.5722],[0.9682,41.5773],[0.967,41.5825],[0.9732,41.5886],[0.9741,41.5943],[0.9782,41.5995],[0.9741,41.6045],[0.977,41.6123],[0.9698,41.6149],[0.9738,41.62],[0.9683,41.6218],[0.9685,41.627],[0.9736,41.6296],[0.976,41.6348],[0.9813,41.6356],[0.9863,41.6393],[0.9865,41.6445],[0.9899,41.6495],[0.9951,41.6509],[1.0002,41.651],[1.0018,41.6562],[1.0034,41.6613],[1.0051,41.6664],[1,41.6709],[1.0034,41.6761],[1.0089,41.6777],[1.0141,41.6765],[1.0192,41.675],[1.0243,41.6717],[1.0262,41.6769],[1.0314,41.6796],[1.0366,41.6791],[1.0398,41.6845],[1.0358,41.6896],[1.0308,41.6914],[1.0198,41.6959],[1.0146,41.6945],[1.01,41.689],[1.0049,41.6901],[0.9994,41.6907],[1.0048,41.6954],[1.0101,41.6987],[1.0165,41.7033],[1.022,41.7069],[1.0273,41.7105],[1.0222,41.7117],[1.0169,41.7067],[1.0116,41.704],[1.0062,41.7019],[1.0002,41.7006],[0.9951,41.6986],[0.9901,41.6998],[0.9847,41.7031],[0.9794,41.7045],[0.9744,41.7061],[0.9795,41.71],[0.9826,41.7164],[0.9827,41.722],[0.9828,41.7274],[0.9775,41.7313],[0.9675,41.735],[0.9605,41.7324],[0.9575,41.739],[0.9573,41.744],[0.9668,41.7514],[0.9718,41.7553],[0.977,41.7605],[0.9815,41.7666],[0.9876,41.7743],[0.9926,41.7717],[0.9976,41.771],[1.0027,41.7712],[1.0077,41.771],[1.0151,41.7765],[1.0334,41.7688],[1.0426,41.778],[1.052,41.7862],[1.0607,41.793],[1.0654,41.7998],[1.0741,41.8142],[1.0776,41.8203],[1.0789,41.8278],[1.0842,41.8346],[1.088,41.8397],[1.0945,41.851],[1.0995,41.8567],[1.1045,41.8555],[1.1097,41.8538],[1.1149,41.8542],[1.1207,41.8489],[1.1239,41.8384],[1.1244,41.8333],[1.1215,41.8283],[1.1172,41.823],[1.1121,41.8222],[1.1049,41.8265],[1.1018,41.8211],[1.0984,41.816],[1.1017,41.811],[1.1068,41.8106],[1.112,41.8092],[1.1172,41.8083],[1.1222,41.8077],[1.1335,41.8044],[1.1344,41.8096],[1.1382,41.8147],[1.1434,41.8177],[1.1484,41.8207],[1.1508,41.8155],[1.1457,41.8113],[1.1406,41.8077],[1.1363,41.8012],[1.1386,41.7951],[1.1403,41.7857],[1.1473,41.7842],[1.1526,41.7823],[1.1579,41.7819],[1.1636,41.7814],[1.1686,41.7856],[1.1702,41.7871]],[[1.1001,41.7027],[1.0825,41.7005],[1.0768,41.7005],[1.0705,41.6945],[1.0597,41.6871],[1.0574,41.6821],[1.0624,41.6825],[1.0714,41.6848],[1.0774,41.6868],[1.0904,41.6966],[1.1001,41.7027]]]]}},{"type":"Feature","properties":{"id":"39","name":"Val d'Aran","capital":"Vielha"},"geometry":{"type":"Polygon","coordinates":[[[1.0372,42.7869],[1.0341,42.7805],[1.0306,42.7754],[1.0283,42.7702],[1.0293,42.765],[1.028,42.7599],[1.0323,42.7543],[1.0295,42.7489],[1.0277,42.7439],[1.0281,42.7386],[1.0296,42.7335],[1.0246,42.7286],[1.0236,42.7235],[1.0273,42.7148],[1.0122,42.709],[1.007,42.7121],[1.0007,42.7084],[0.9933,42.7006],[0.9878,42.6994],[0.9824,42.6988],[0.9766,42.692],[0.9819,42.6876],[0.9864,42.6825],[0.983,42.6774],[0.9772,42.6675],[0.9737,42.6503],[0.9724,42.6453],[0.97,42.6401],[0.9664,42.6349],[0.9614,42.6321],[0.9617,42.6268],[0.9591,42.6217],[0.9617,42.6165],[0.9668,42.6159],[0.9694,42.6108],[0.9675,42.6056],[0.9625,42.6039],[0.9575,42.6037],[0.9537,42.5987],[0.9526,42.5937],[0.9475,42.5923],[0.9425,42.5894],[0.9373,42.5896],[0.9322,42.5905],[0.9271,42.5911],[0.9219,42.5918],[0.9168,42.5961],[0.9145,42.6011],[0.9123,42.6065],[0.9072,42.6076],[0.9022,42.6091],[0.8971,42.6105],[0.8942,42.6156],[0.895,42.6206],[0.8957,42.6257],[0.8905,42.627],[0.8854,42.6271],[0.8804,42.6311],[0.8755,42.6261],[0.8704,42.6243],[0.8654,42.6224],[0.8603,42.6213],[0.8553,42.619],[0.8503,42.6172],[0.8451,42.6132],[0.8399,42.6082],[0.8349,42.6082],[0.8299,42.6062],[0.8249,42.6061],[0.822,42.6112],[0.817,42.6141],[0.813,42.6192],[0.8079,42.619],[0.8029,42.6183],[0.7978,42.6173],[0.7928,42.615],[0.7846,42.6149],[0.7795,42.6134],[0.7744,42.6127],[0.7676,42.6116],[0.745,42.6151],[0.74,42.6126],[0.7349,42.6144],[0.7299,42.6151],[0.7249,42.6167],[0.7199,42.6189],[0.7149,42.6199],[0.7099,42.6206],[0.7049,42.623],[0.6999,42.628],[0.7007,42.633],[0.7001,42.6382],[0.7011,42.6433],[0.6973,42.6485],[0.6952,42.6535],[0.6956,42.6586],[0.6905,42.6585],[0.6855,42.6589],[0.6845,42.664],[0.6794,42.6686],[0.6748,42.6736],[0.6735,42.6787],[0.6685,42.6816],[0.6635,42.6846],[0.6604,42.6897],[0.6654,42.6906],[0.6704,42.6897],[0.6754,42.6906],[0.6743,42.6957],[0.6752,42.7008],[0.6802,42.7049],[0.6815,42.71],[0.6765,42.7141],[0.6751,42.7192],[0.6802,42.7233],[0.6766,42.7284],[0.6716,42.7302],[0.6687,42.7353],[0.6666,42.7404],[0.6627,42.7455],[0.6616,42.7505],[0.6473,42.7514],[0.6393,42.7549],[0.6443,42.7551],[0.6501,42.7602],[0.6506,42.7652],[0.6557,42.7685],[0.661,42.7694],[0.6666,42.7749],[0.6604,42.7759],[0.6547,42.7769],[0.6496,42.7792],[0.6466,42.7843],[0.6516,42.7868],[0.654,42.7918],[0.6586,42.7969],[0.6636,42.7988],[0.6686,42.8016],[0.67,42.8066],[0.6662,42.8117],[0.6659,42.8168],[0.6704,42.8218],[0.6657,42.8269],[0.6608,42.832],[0.659,42.837],[0.6641,42.8421],[0.6691,42.8442],[0.6742,42.846],[0.6792,42.8502],[0.678,42.8552],[0.683,42.8547],[0.6882,42.8555],[0.6933,42.8558],[0.6983,42.857],[0.7033,42.8591],[0.7083,42.8614],[0.7133,42.8602],[0.7183,42.8594],[0.7235,42.8589],[0.7285,42.857],[0.7336,42.8547],[0.7359,42.8495],[0.741,42.848],[0.7463,42.847],[0.7513,42.8457],[0.7565,42.8443],[0.7616,42.8428],[0.7667,42.8392],[0.7717,42.8384],[0.777,42.8363],[0.782,42.8364],[0.787,42.8364],[0.792,42.8372],[0.7971,42.84],[0.8021,42.8405],[0.8071,42.839],[0.8121,42.8379],[0.8172,42.8357],[0.8223,42.8324],[0.8273,42.831],[0.8324,42.8289],[0.8414,42.8288],[0.8464,42.8287],[0.8514,42.8269],[0.8564,42.8265],[0.8609,42.8214],[0.866,42.8188],[0.871,42.8156],[0.876,42.8148],[0.8816,42.8138],[0.8866,42.8122],[0.8917,42.8085],[0.8967,42.8069],[0.9018,42.8031],[0.9068,42.7995],[0.9118,42.7966],[0.9169,42.7944],[0.9219,42.7916],[0.927,42.7894],[0.9321,42.7893],[0.9371,42.7943],[0.9421,42.7978],[0.9472,42.8016],[0.9522,42.8025],[0.9572,42.8035],[0.9623,42.8052],[0.9673,42.8013],[0.9723,42.7978],[0.9774,42.795],[0.9785,42.79],[0.9835,42.7869],[0.9885,42.7868],[0.9936,42.7873],[0.9986,42.7885],[1.0036,42.7902],[1.0087,42.7894],[1.0137,42.7886],[1.0188,42.7873],[1.0238,42.7866],[1.029,42.7861],[1.034,42.7868],[1.0372,42.7869]]]}},{"type":"Feature","properties":{"id":"40","name":"Vallès Occidental","capital":"Sabadell / Terrassa"},"geometry":{"type":"Polygon","coordinates":[[[2.133,41.7156],[2.1336,41.7095],[2.1352,41.7044],[2.1358,41.6994],[2.1392,41.6942],[2.1369,41.6892],[2.1324,41.6842],[2.1311,41.6791],[2.1346,41.6693],[2.1215,41.6702],[2.1165,41.6682],[2.1113,41.6664],[2.1062,41.6645],[2.1009,41.6608],[2.106,41.6551],[2.111,41.6511],[2.1129,41.6459],[2.118,41.6437],[2.123,41.6434],[2.1283,41.6401],[2.1333,41.6393],[2.1401,41.6364],[2.1452,41.6328],[2.1503,41.6292],[2.1541,41.6241],[2.1577,41.6186],[2.1624,41.6102],[2.1647,41.6012],[2.1705,41.6014],[2.1782,41.6016],[2.1833,41.6023],[2.1884,41.6055],[2.1884,41.6004],[2.1917,41.5953],[2.1954,41.5903],[2.198,41.5853],[2.2002,41.5802],[2.1962,41.5751],[2.1943,41.5701],[2.1876,41.5663],[2.1884,41.5612],[2.1903,41.5562],[2.1935,41.5511],[2.1966,41.5456],[2.2005,41.5406],[2.2021,41.5353],[2.2055,41.5302],[2.2045,41.5252],[2.2019,41.5197],[2.1946,41.5169],[2.1893,41.5155],[2.1918,41.5104],[2.1971,41.5051],[2.2023,41.5027],[2.2074,41.5018],[2.215,41.4978],[2.2211,41.4967],[2.2238,41.4916],[2.2181,41.4884],[2.2151,41.4832],[2.2136,41.4781],[2.215,41.473],[2.2099,41.4707],[2.2049,41.4708],[2.1998,41.4734],[2.1948,41.4724],[2.1891,41.4708],[2.1838,41.4683],[2.1787,41.4682],[2.1743,41.4632],[2.1693,41.4606],[2.1642,41.456],[2.1647,41.451],[2.1596,41.4505],[2.1545,41.4495],[2.1494,41.4472],[2.1443,41.4478],[2.1392,41.4477],[2.1342,41.4465],[2.1299,41.4412],[2.1288,41.4362],[2.1241,41.4296],[2.1189,41.4258],[2.1138,41.4283],[2.1084,41.4287],[2.1032,41.4281],[2.0977,41.4322],[2.0927,41.4303],[2.0873,41.4288],[2.0822,41.4317],[2.0771,41.4326],[2.0721,41.4364],[2.0731,41.4307],[2.0726,41.4256],[2.078,41.4249],[2.0769,41.4199],[2.0719,41.4183],[2.0694,41.4234],[2.0674,41.4284],[2.0629,41.4336],[2.0623,41.4387],[2.0636,41.4438],[2.0584,41.4451],[2.0533,41.445],[2.048,41.4447],[2.0426,41.4445],[2.0376,41.4422],[2.0324,41.442],[2.0273,41.4467],[2.0245,41.4517],[2.0239,41.457],[2.0185,41.4582],[2.0129,41.4583],[1.9997,41.4602],[2.0003,41.4552],[1.9956,41.4498],[1.9961,41.4444],[1.9958,41.439],[1.9908,41.4394],[1.9855,41.443],[1.9805,41.4473],[1.9772,41.4523],[1.9763,41.4577],[1.9739,41.4628],[1.9688,41.4639],[1.9638,41.4611],[1.9586,41.4616],[1.9531,41.4651],[1.9507,41.4718],[1.9457,41.4674],[1.9406,41.4717],[1.936,41.4768],[1.9338,41.4818],[1.9286,41.4868],[1.9236,41.4885],[1.9218,41.494],[1.9268,41.495],[1.932,41.4983],[1.933,41.5034],[1.9363,41.5084],[1.9512,41.5102],[1.9513,41.5159],[1.9513,41.5229],[1.9429,41.527],[1.9379,41.5289],[1.9336,41.5339],[1.9314,41.539],[1.9306,41.5441],[1.9287,41.5491],[1.9251,41.5542],[1.9201,41.5565],[1.9206,41.5615],[1.9217,41.5666],[1.9092,41.5705],[1.8977,41.5747],[1.8844,41.5791],[1.8912,41.5807],[1.8861,41.5849],[1.881,41.5854],[1.876,41.5899],[1.8708,41.5893],[1.8656,41.5914],[1.8639,41.5964],[1.8627,41.6017],[1.861,41.6068],[1.8618,41.6118],[1.8632,41.6169],[1.8682,41.616],[1.8733,41.6127],[1.8783,41.6141],[1.8835,41.615],[1.8885,41.6149],[1.8936,41.619],[1.8931,41.624],[1.891,41.6295],[1.892,41.6345],[1.8908,41.6396],[1.8904,41.6447],[1.8867,41.6497],[1.8918,41.6538],[1.8968,41.657],[1.9019,41.6581],[1.9053,41.6631],[1.9104,41.6647],[1.9187,41.6659],[1.9239,41.6617],[1.9289,41.6584],[1.934,41.6632],[1.9386,41.6582],[1.9407,41.6532],[1.9458,41.6488],[1.9509,41.6461],[1.956,41.6459],[1.961,41.6442],[1.9714,41.6488],[1.9829,41.6482],[1.99,41.6543],[1.995,41.6551],[2.0004,41.6547],[2.0056,41.6551],[2.0107,41.6586],[2.0109,41.6638],[2.0091,41.6689],[2.0054,41.6739],[2.0108,41.6783],[2.0112,41.6833],[2.0093,41.6886],[2.0149,41.6937],[2.0201,41.6967],[2.0216,41.7017],[2.0215,41.7069],[2.0266,41.7101],[2.0307,41.7151],[2.0358,41.717],[2.041,41.7152],[2.0461,41.7124],[2.0515,41.7111],[2.0566,41.7116],[2.0618,41.7115],[2.0668,41.7138],[2.072,41.712],[2.0771,41.71],[2.0822,41.7106],[2.0872,41.7078],[2.0923,41.7088],[2.0973,41.7093],[2.0994,41.7143],[2.1049,41.7168],[2.1101,41.7177],[2.117,41.7146],[2.1249,41.7125],[2.133,41.7156]]]}},{"type":"Feature","properties":{"id":"41","name":"Vallès Oriental","capital":"Granollers"},"geometry":{"type":"Polygon","coordinates":[[[2.4184,41.8045],[2.4236,41.8041],[2.4291,41.8041],[2.4342,41.8033],[2.4393,41.8011],[2.4427,41.796],[2.4438,41.791],[2.4555,41.7844],[2.4606,41.7859],[2.4725,41.7896],[2.4699,41.779],[2.4821,41.7717],[2.4872,41.7672],[2.4924,41.7649],[2.4975,41.7656],[2.5054,41.7629],[2.5128,41.7617],[2.5176,41.7566],[2.515,41.7486],[2.5201,41.7453],[2.5258,41.7416],[2.5309,41.7391],[2.5325,41.7341],[2.5337,41.729],[2.5352,41.724],[2.5403,41.7213],[2.5455,41.7203],[2.553,41.7202],[2.5583,41.722],[2.5638,41.7245],[2.5694,41.7261],[2.5747,41.7246],[2.5801,41.7253],[2.587,41.7273],[2.5922,41.7286],[2.5975,41.7287],[2.5957,41.7216],[2.5996,41.7166],[2.5978,41.7116],[2.5927,41.7067],[2.5883,41.7016],[2.589,41.6966],[2.5928,41.6915],[2.595,41.6864],[2.6001,41.6832],[2.6035,41.6782],[2.6086,41.6762],[2.5982,41.6701],[2.5939,41.6589],[2.5888,41.6589],[2.5715,41.661],[2.5661,41.6605],[2.5548,41.6591],[2.5498,41.6594],[2.5447,41.6559],[2.5441,41.6509],[2.5402,41.6458],[2.5358,41.6404],[2.5353,41.6354],[2.5302,41.6319],[2.5262,41.6269],[2.5211,41.6265],[2.5161,41.6266],[2.5106,41.626],[2.5052,41.6246],[2.5,41.6245],[2.4949,41.6247],[2.4896,41.6252],[2.4844,41.6287],[2.4793,41.6294],[2.4739,41.631],[2.4683,41.6299],[2.4632,41.6306],[2.458,41.6284],[2.4528,41.6271],[2.4476,41.6291],[2.4424,41.6309],[2.4371,41.6284],[2.4319,41.6309],[2.4262,41.6301],[2.4212,41.6296],[2.4161,41.6262],[2.4111,41.6219],[2.4068,41.6168],[2.4029,41.6117],[2.3942,41.6085],[2.3896,41.6035],[2.3843,41.5997],[2.3779,41.5949],[2.3685,41.5854],[2.3559,41.5739],[2.3508,41.5706],[2.3456,41.5662],[2.3419,41.5612],[2.3374,41.5562],[2.3386,41.5511],[2.3355,41.546],[2.328,41.5413],[2.316,41.5334],[2.3212,41.5298],[2.3263,41.5294],[2.3294,41.5244],[2.3257,41.5194],[2.3205,41.5171],[2.3154,41.5174],[2.3102,41.5164],[2.3044,41.5145],[2.2992,41.515],[2.294,41.5148],[2.2889,41.5142],[2.2838,41.5149],[2.2786,41.5124],[2.2735,41.5115],[2.2683,41.5093],[2.2662,41.5043],[2.2611,41.4998],[2.256,41.4961],[2.2509,41.4911],[2.2459,41.4903],[2.2408,41.4913],[2.2357,41.4919],[2.2305,41.4928],[2.2255,41.4923],[2.2192,41.4968],[2.211,41.4992],[2.2059,41.5028],[2.2009,41.5017],[2.1954,41.5063],[2.1909,41.5115],[2.1946,41.5169],[2.1996,41.5171],[2.2029,41.5223],[2.2061,41.5276],[2.2041,41.5326],[2.201,41.5377],[2.1994,41.5428],[2.1943,41.5467],[2.1929,41.5518],[2.19,41.5568],[2.1882,41.5619],[2.1909,41.5671],[2.1967,41.5717],[2.2019,41.5756],[2.2,41.5808],[2.1978,41.5859],[2.1951,41.591],[2.1915,41.5962],[2.1884,41.6013],[2.188,41.6066],[2.1829,41.6023],[2.1705,41.6014],[2.1647,41.6012],[2.1624,41.6102],[2.1577,41.6186],[2.1543,41.6236],[2.1508,41.6287],[2.1452,41.6328],[2.1401,41.6364],[2.1347,41.6395],[2.1295,41.6404],[2.1245,41.6408],[2.1188,41.6453],[2.1134,41.6455],[2.1111,41.6505],[2.106,41.6551],[2.0997,41.6586],[2.1034,41.6636],[2.1086,41.6658],[2.1138,41.6673],[2.1189,41.6695],[2.1346,41.6692],[2.1344,41.6744],[2.1309,41.6794],[2.1327,41.6845],[2.1371,41.6895],[2.1389,41.6946],[2.1353,41.6997],[2.1349,41.7047],[2.1333,41.7122],[2.1386,41.7142],[2.1437,41.7134],[2.1505,41.7152],[2.1567,41.7161],[2.1624,41.7154],[2.1677,41.7122],[2.173,41.7136],[2.1782,41.7155],[2.1836,41.7162],[2.191,41.7164],[2.1923,41.7113],[2.1954,41.7057],[2.2007,41.7071],[2.2066,41.709],[2.2121,41.708],[2.2175,41.7042],[2.2236,41.7049],[2.2294,41.7074],[2.2367,41.7092],[2.2422,41.7077],[2.24,41.7128],[2.2398,41.7179],[2.239,41.7229],[2.2413,41.728],[2.2495,41.7301],[2.2546,41.7307],[2.2598,41.7296],[2.2622,41.7346],[2.2569,41.7353],[2.2606,41.7404],[2.2604,41.7455],[2.2552,41.7484],[2.2501,41.7534],[2.2492,41.7584],[2.2518,41.7635],[2.2484,41.7685],[2.2467,41.7737],[2.2459,41.7787],[2.2486,41.7837],[2.2537,41.788],[2.2576,41.793],[2.2627,41.7959],[2.2656,41.801],[2.2705,41.7954],[2.2776,41.7924],[2.2892,41.789],[2.2929,41.7941],[2.298,41.797],[2.3037,41.7985],[2.3088,41.7963],[2.3139,41.7935],[2.3189,41.7916],[2.3282,41.7888],[2.3296,41.7787],[2.3323,41.7719],[2.3344,41.7637],[2.3396,41.764],[2.3458,41.7637],[2.3511,41.7652],[2.3562,41.7656],[2.3612,41.7676],[2.3658,41.7728],[2.3643,41.7779],[2.3674,41.783],[2.3634,41.7881],[2.3664,41.7931],[2.3715,41.7944],[2.3767,41.7985],[2.3802,41.8036],[2.3827,41.8088],[2.3877,41.8047],[2.393,41.8057],[2.3981,41.8043],[2.4033,41.8022],[2.4084,41.8018],[2.4134,41.8041],[2.4184,41.8045]]]}},{"type":"Feature","properties":{"id":"42","name":"Moianès","capital":"Moià"},"geometry":{"type":"Polygon","coordinates":[[[2.2406,41.7296],[2.2419,41.7243],[2.2403,41.7193],[2.2395,41.7142],[2.2415,41.7091],[2.2308,41.7077],[2.2254,41.7057],[2.2199,41.7048],[2.2139,41.7039],[2.2115,41.7094],[2.2054,41.7087],[2.2,41.7068],[2.195,41.7083],[2.192,41.7139],[2.1869,41.7152],[2.1816,41.716],[2.1765,41.7137],[2.1713,41.7134],[2.1661,41.713],[2.1567,41.7161],[2.1505,41.7152],[2.1453,41.7139],[2.1399,41.7142],[2.1345,41.7156],[2.1249,41.7125],[2.117,41.7146],[2.1103,41.7174],[2.1051,41.7168],[2.0997,41.7149],[2.0978,41.7099],[2.0926,41.7089],[2.0875,41.7078],[2.0822,41.7106],[2.0771,41.71],[2.072,41.7119],[2.0668,41.7138],[2.0618,41.7115],[2.0567,41.7115],[2.0515,41.7111],[2.0464,41.7123],[2.0413,41.715],[2.0362,41.717],[2.0308,41.7153],[2.0272,41.7103],[2.0221,41.7077],[2.0196,41.7131],[2.0166,41.7181],[2.0155,41.7233],[2.0128,41.7284],[2.0039,41.7289],[2.0039,41.734],[2.002,41.7391],[1.9968,41.7442],[1.9892,41.7499],[1.9792,41.7532],[1.9739,41.7527],[1.9678,41.7519],[1.9627,41.7501],[1.9575,41.7484],[1.9525,41.7468],[1.9474,41.7461],[1.9423,41.7456],[1.9372,41.7452],[1.932,41.7443],[1.9268,41.7463],[1.9238,41.7515],[1.9195,41.7565],[1.9178,41.7624],[1.9163,41.7681],[1.9129,41.7736],[1.9079,41.7743],[1.9206,41.7774],[1.9257,41.7778],[1.9344,41.7807],[1.9542,41.782],[1.9601,41.7851],[1.9651,41.7876],[1.9703,41.7886],[1.9755,41.791],[1.9874,41.7947],[1.9948,41.7955],[2.001,41.797],[2.007,41.7988],[2.0128,41.8002],[2.0185,41.8015],[2.0237,41.8026],[2.0378,41.8058],[2.0333,41.8126],[2.0275,41.8174],[2.0224,41.8207],[2.0159,41.8242],[2.0074,41.8268],[2.0044,41.8319],[1.9965,41.8351],[1.986,41.836],[1.9772,41.8371],[1.9758,41.8472],[1.981,41.8519],[1.9863,41.8546],[1.9914,41.8573],[1.9966,41.8604],[2.0018,41.8652],[2.0069,41.8693],[2.012,41.8718],[2.0113,41.8789],[2.0029,41.882],[2.008,41.8831],[2.0131,41.8843],[2.014,41.8947],[2.0146,41.9001],[2.0103,41.9065],[2.0125,41.9121],[2.0221,41.911],[2.0285,41.9053],[2.0336,41.9021],[2.0405,41.9027],[2.0466,41.8975],[2.054,41.8994],[2.0604,41.8994],[2.0739,41.9001],[2.0811,41.9059],[2.0913,41.909],[2.0957,41.9039],[2.101,41.9036],[2.1061,41.9034],[2.1112,41.9057],[2.12,41.9078],[2.1277,41.9096],[2.1328,41.9113],[2.1392,41.9103],[2.1414,41.9053],[2.1431,41.9002],[2.1399,41.8919],[2.133,41.8864],[2.123,41.8856],[2.1306,41.8796],[2.132,41.8746],[2.1293,41.8696],[2.135,41.863],[2.1401,41.8595],[2.1437,41.8544],[2.1539,41.8535],[2.159,41.8562],[2.164,41.856],[2.1691,41.8551],[2.1741,41.8539],[2.1792,41.8526],[2.1842,41.8557],[2.1898,41.8494],[2.1885,41.8441],[2.192,41.8379],[2.1944,41.8314],[2.1918,41.821],[2.1875,41.8157],[2.1874,41.8107],[2.1823,41.8057],[2.1792,41.8007],[2.1835,41.7936],[2.1856,41.7867],[2.1888,41.7753],[2.1882,41.7662],[2.1885,41.7572],[2.1874,41.7499],[2.1845,41.7427],[2.187,41.7377],[2.1895,41.7326],[2.1945,41.73],[2.1996,41.7292],[2.2047,41.729],[2.2097,41.7279],[2.2148,41.7276],[2.2198,41.7288],[2.2282,41.7295],[2.2362,41.7321],[2.2406,41.7296]]]}},{"type":"Feature","properties":{"id":"43","name":"Lluçanès","capital":"Prats de Lluçanès"},"geometry":{"type":"MultiPolygon","coordinates":[[[[2.0159,41.9429],[2.0223,41.9379],[2.0146,41.9357],[2.0131,41.9408],[2.0159,41.9429]]],[[[2.1258,42.1124],[2.1329,42.1052],[2.127,42.0998],[2.1216,42.1001],[2.116,42.1018],[2.1105,42.0944],[2.1077,42.0894],[2.1056,42.0842],[2.108,42.0789],[2.1132,42.0745],[2.1182,42.0695],[2.1232,42.0686],[2.1247,42.0636],[2.1355,42.0575],[2.1355,42.0523],[2.1273,42.0518],[2.1246,42.0467],[2.129,42.0416],[2.1291,42.0366],[2.1241,42.0329],[2.1318,42.0255],[2.1402,42.0263],[2.1463,42.0291],[2.162,42.0364],[2.1748,42.0396],[2.1805,42.0419],[2.1877,42.0331],[2.1928,42.0296],[2.1979,42.0254],[2.2002,42.0184],[2.1935,42.0146],[2.1937,42.0095],[2.1873,42.0075],[2.1807,42.0057],[2.1754,42.0029],[2.1688,42.0061],[2.1554,42.0095],[2.1467,42.0105],[2.1399,42.0036],[2.1348,42.0019],[2.1244,41.9908],[2.1291,41.985],[2.1277,41.9788],[2.1283,41.9719],[2.1215,41.9667],[2.1312,41.9644],[2.1287,41.9579],[2.1337,41.9568],[2.1361,41.9518],[2.1376,41.9467],[2.128,41.9427],[2.1229,41.9442],[2.1188,41.9392],[2.1147,41.9342],[2.1117,41.9291],[2.1066,41.9244],[2.1015,41.9208],[2.0904,41.915],[2.0913,41.909],[2.0811,41.9059],[2.0739,41.9001],[2.0653,41.9016],[2.0575,41.8993],[2.0512,41.8991],[2.0427,41.9008],[2.047,41.9058],[2.0409,41.9093],[2.0357,41.9113],[2.0341,41.9164],[2.0331,41.9215],[2.0306,41.9266],[2.0297,41.9316],[2.0268,41.9368],[2.0264,41.9419],[2.0289,41.9488],[2.0312,41.9569],[2.0289,41.9622],[2.0231,41.9642],[2.0145,41.9663],[2.0046,41.9651],[1.9982,41.9704],[1.9856,41.9696],[1.9943,41.9747],[1.9967,41.9799],[1.9952,41.985],[1.9961,41.9911],[2.002,41.9926],[2.0057,41.9979],[2.008,42.0032],[2.0077,42.0085],[2.0145,42.0174],[2.0196,42.0222],[2.0198,42.0274],[2.011,42.0296],[1.9953,42.0283],[1.9988,42.0334],[1.9996,42.0384],[2.0031,42.0436],[2.0049,42.0486],[2.0071,42.0536],[2.0088,42.0587],[2.0079,42.0638],[2.0078,42.0688],[2.0084,42.0739],[2.0102,42.079],[2.0091,42.084],[2.0136,42.0936],[2.0186,42.0951],[2.0237,42.096],[2.0306,42.0819],[2.0452,42.0809],[2.0402,42.0859],[2.0417,42.0911],[2.053,42.0945],[2.0577,42.0877],[2.0602,42.0946],[2.0569,42.101],[2.0456,42.1045],[2.0545,42.1075],[2.0507,42.1165],[2.0496,42.1216],[2.0641,42.1219],[2.0692,42.1265],[2.07,42.1315],[2.0649,42.1347],[2.0705,42.1391],[2.0757,42.1417],[2.0834,42.1414],[2.0886,42.1422],[2.0941,42.1419],[2.0992,42.1398],[2.0994,42.1348],[2.1011,42.1294],[2.1001,42.1243],[2.1051,42.1225],[2.1102,42.1195],[2.1152,42.1171],[2.1203,42.116],[2.1253,42.1124],[2.1258,42.1124]]]]}}]}