{"type":"FeatureCollection","features":[{"type":"Feature","properties":{"id":"BE31","name":"Prov. Brabant Wallon","country":"BE"},"geometry":{"type":"MultiPolygon","coordinates":[[[[5.019566500000053,50.750761999000076],[4.983341,50.642242499000076],[4.577538,50.54228599900006],[4.247219500000028,50.596118999000055],[4.100483,50.70595549900003],[4.597269,50.76353449900006],[5.019566500000053,50.750761999000076]]]]}},{"type":"Feature","properties":{"id":"BE32","name":"Prov. Hainaut","country":"BE"},"geometry":{"type":"MultiPolygon","coordinates":[[[[3.460305500000061,50.76589899900006],[3.541272500000048,50.733700499000065],[3.775676500000031,50.747892499000045],[3.815390500000035,50.750724999000056],[3.895736500000055,50.73294449900004],[4.100483,50.70595549900003],[4.247219500000028,50.596118999000055],[4.577538,50.54228599900006],[4.588662500000055,50.321315999000035],[4.474987,50.32760999900006],[4.397386651000033,50.206263844000034],[4.432494,49.94161599900008],[4.233133,49.95782849900007],[4.140853,49.97875999900003],[4.027774500000021,50.35833049900003],[3.740666119000025,50.35804457100005],[3.65551,50.46173549900004],[3.615081500000031,50.490398999000035],[3.389730291000035,50.54527837100005],[3.245294,50.713009499000066],[3.460305500000061,50.76589899900006]]],[[[2.983272,50.75717149900004],[2.972211145000074,50.75021143500004],[2.96415931000007,50.74995773100005],[2.95662197200005,50.75293834100006],[2.940103,50.74534999900004],[2.937994250000031,50.740194227000075],[2.944161434000023,50.732037020000064],[2.93715,50.73003749900005],[2.930551593000075,50.72624624600007],[2.930049451000059,50.71166088500007],[2.922303,50.70279299900005],[2.911644598000066,50.703099605000034],[2.909228494000047,50.69446625100005],[2.900403,50.69327149900005],[2.886391175000028,50.705703569000036],[2.870144,50.70289999900007],[2.863276,50.70834349900008],[2.933340189000035,50.783663759000035],[3.014893250000057,50.77357667000007],[3.011207669000044,50.770200155000055],[3.005893542000024,50.766080343000056],[2.983272,50.75717149900004]]]]}},{"type":"Feature","properties":{"id":"BE33","name":"Prov. Liège","country":"BE"},"geometry":{"type":"MultiPolygon","coordinates":[[[[5.687622,50.811923999000044],[5.819052,50.71455749900008],[6.020999,50.75429549900008],[6.315556,50.49704249900003],[6.405028500000071,50.32330849900006],[6.137662500000033,50.12995149900007],[6.02489950000006,50.18277949900005],[5.980197500000031,50.32985299900008],[5.721549500000037,50.26198949900004],[5.675838500000054,50.36851499900007],[5.393235,50.37936399900008],[5.221259500000031,50.41729749900003],[5.028495,50.58882149900006],[4.983341,50.642242499000076],[5.019566500000053,50.750761999000076],[5.103480500000046,50.70906399900008],[5.236913,50.727272999000036],[5.431686500000069,50.71980299900008],[5.687622,50.811923999000044]]]]}},{"type":"Feature","properties":{"id":"BE34","name":"Prov. Luxembourg (BE)","country":"BE"},"geometry":{"type":"MultiPolygon","coordinates":[[[[5.675838500000054,50.36851499900007],[5.721549500000037,50.26198949900004],[5.980197500000031,50.32985299900008],[6.02489950000006,50.18277949900005],[5.746319,49.85359499900005],[5.818117,49.54631049900007],[5.734556,49.545690499000045],[5.470883,49.49723799900005],[5.393511,49.61711099900003],[5.153738500000031,49.717925999000045],[4.969431,49.80182599900007],[5.263063500000044,50.10848999900003],[5.393235,50.37936399900008],[5.675838500000054,50.36851499900007]]]]}},{"type":"Feature","properties":{"id":"CH05","name":"Ostschweiz","country":"CH"},"geometry":{"type":"MultiPolygon","coordinates":[[[[9.530749,47.27058099900006],[9.47604750000005,47.05179749900003],[9.607078,47.06077449900005],[10.144974500000046,46.85100949900004],[10.469651500000055,46.85490899900003],[10.452801,46.53068299900008],[10.173912125000072,46.57977326500003],[10.050687629000038,46.33497281700005],[9.347472248000031,46.47198247800003],[9.24853150000007,46.233767999000065],[9.159377500000062,46.16960099900007],[8.955821139000022,46.56773535000008],[8.678729,46.57918949900005],[8.877168500000039,46.81312349900003],[8.935079,46.92020799900007],[9.00456550000007,47.17314549900004],[8.807784500000025,47.220559999000045],[8.943635500000028,47.375837499000056],[8.670461,47.684862499000076],[9.182192,47.655890499000066],[9.495604,47.55145499900004],[9.55872050000005,47.54189299900003],[9.530749,47.27058099900006]]],[[[8.663354,47.68589249900003],[8.51487082500006,47.627210295000054],[8.510115,47.77619049900005],[8.61383150000006,47.801078999000026],[8.663354,47.68589249900003]]]]}},{"type":"Feature","properties":{"id":"CH06","name":"Zentralschweiz","country":"CH"},"geometry":{"type":"MultiPolygon","coordinates":[[[[8.263997075000077,47.25724833700008],[8.412129500000049,47.14073749900007],[8.410716,47.24803749900008],[8.692483500000037,47.163624999000035],[8.807784500000025,47.220559999000045],[9.00456550000007,47.17314549900004],[8.935079,46.92020799900007],[8.877168500000039,46.81312349900003],[8.678729,46.57918949900005],[8.477673500000037,46.52760249900007],[8.410411500000066,46.653020499000036],[8.448959500000058,46.76451699900008],[8.049088,46.78800799900006],[7.838686,47.234413999000026],[8.263997075000077,47.25724833700008]]]]}},{"type":"Feature","properties":{"id":"CH07","name":"Ticino","country":"CH"},"geometry":{"type":"MultiPolygon","coordinates":[[[[9.159377500000062,46.16960099900007],[8.912147,45.830444999000065],[8.713936,46.09727199900004],[8.384717,46.45215849900006],[8.477673500000037,46.52760249900007],[8.678729,46.57918949900005],[8.955821139000022,46.56773535000008],[9.159377500000062,46.16960099900007]]]]}},{"type":"Feature","properties":{"id":"CY00","name":"Kýpros","country":"CY"},"geometry":{"type":"MultiPolygon","coordinates":[[[[33.62514294400006,34.851088735000076],[32.94167698100006,34.64175307800008],[32.55899801100003,34.68747713600004],[32.369396436000045,34.851088735000076],[32.44351434500004,35.077769620000026],[33.017171534000056,35.333777560000044],[34.007186328000046,35.43172470300004],[34.17077892400005,35.55765793000006],[34.543003405000036,35.68085262200003],[34.558094991000075,35.640987575000054],[34.06093903000004,35.32692824700007],[33.96281194000005,35.31958068100005],[33.92985761400007,35.06002596600007],[33.62514294400006,34.851088735000076]]]]}},{"type":"Feature","properties":{"id":"CZ01","name":"Praha","country":"CZ"},"geometry":{"type":"MultiPolygon","coordinates":[[[[14.251913265000042,50.044669396000074],[14.451721361000068,50.20839698900005],[14.659650786000043,50.13484849200006],[14.627953060000038,50.01325543000007],[14.356679682000049,49.903495933000045],[14.251913265000042,50.044669396000074]]]]}},{"type":"Feature","properties":{"id":"CZ02","name":"Střední Čechy","country":"CZ"},"geometry":{"type":"MultiPolygon","coordinates":[[[[15.437586,50.10985749900004],[15.496953,49.861184499000046],[14.932018500000027,49.549100999000075],[14.670820553000055,49.528532650000045],[13.76559050000003,49.513990499000045],[13.767695305000075,49.904308806000074],[13.407053500000075,50.08961699900004],[14.486485500000072,50.50502699900005],[14.670820553000055,50.48539453400008],[15.14677050000006,50.52294249900007],[15.437586,50.10985749900004]],[[14.251913265000042,50.044669396000074],[14.356679682000049,49.903495933000045],[14.627953060000038,50.01325543000007],[14.659650786000043,50.13484849200006],[14.451721361000068,50.20839698900005],[14.251913265000042,50.044669396000074]]]]}},{"type":"Feature","properties":{"id":"CZ03","name":"Jihozápad","country":"CZ"},"geometry":{"type":"MultiPolygon","coordinates":[[[[13.767695305000075,49.904308806000074],[13.76559050000003,49.513990499000045],[14.670820553000055,49.528532650000045],[14.932018500000027,49.549100999000075],[15.060151864000034,49.274621438000054],[15.586756500000035,48.947159499000065],[15.542449500000032,48.90769699900005],[15.040345050000042,48.96677243400006],[14.691014,48.58430199900005],[13.839507,48.77160499900003],[13.551578500000062,48.96778749900005],[13.416651500000057,48.98003549900005],[13.170908,49.17357949900003],[12.633763500000043,49.47619499900003],[12.593778500000042,49.54219149900007],[12.401524,49.75837299900007],[12.550988500000074,49.905087999000045],[13.301367,50.09964349900008],[13.407053500000075,50.08961699900004],[13.767695305000075,49.904308806000074]]]]}},{"type":"Feature","properties":{"id":"CZ04","name":"Severozápad","country":"CZ"},"geometry":{"type":"MultiPolygon","coordinates":[[[[14.486485500000072,50.50502699900005],[13.407053500000075,50.08961699900004],[13.301367,50.09964349900008],[12.550988500000074,49.905087999000045],[12.260799,50.05815649900006],[12.160679,50.21984899900008],[12.100900500000023,50.31802799900004],[12.58377850000005,50.40707899900008],[12.948144500000069,50.40431149900007],[13.501846,50.633642999000074],[13.652174,50.73035999900003],[14.151195229000052,50.851571257000046],[14.317873500000076,51.05469899900004],[14.491221,51.04353049900004],[14.6188,50.85780449900005],[14.363075492000064,50.62704463800003],[14.486485500000072,50.50502699900005]]]]}},{"type":"Feature","properties":{"id":"CZ05","name":"Severovýchod","country":"CZ"},"geometry":{"type":"MultiPolygon","coordinates":[[[[16.332549979000078,50.592461342000036],[16.58029,50.14278799900006],[16.86327,50.19812299900008],[16.8042,49.598812999000074],[16.393627500000036,49.580610499000045],[15.496953,49.861184499000046],[15.437586,50.10985749900004],[15.14677050000006,50.52294249900007],[14.670820553000055,50.48539453400008],[14.486485500000072,50.50502699900005],[14.363075492000064,50.62704463800003],[14.6188,50.85780449900005],[14.823362,50.870550499000046],[15.181559008000022,50.95741298300004],[15.535267500000032,50.77937599900008],[16.107318,50.66207299900003],[16.332549979000078,50.592461342000036]]]]}},{"type":"Feature","properties":{"id":"CZ06","name":"Jihovýchod","country":"CZ"},"geometry":{"type":"MultiPolygon","coordinates":[[[[15.496953,49.861184499000046],[16.393627500000036,49.580610499000045],[16.8042,49.598812999000074],[17.159434040000065,49.274621438000054],[17.273190038000052,49.057885663000036],[17.64693,48.85426599900006],[17.39672550000006,48.81334999900008],[16.940278,48.617245499000035],[15.753633500000035,48.85217849900005],[15.542449500000032,48.90769699900005],[15.586756500000035,48.947159499000065],[15.060151864000034,49.274621438000054],[14.932018500000027,49.549100999000075],[15.496953,49.861184499000046]]]]}},{"type":"Feature","properties":{"id":"CZ07","name":"Střední Morava","country":"CZ"},"geometry":{"type":"MultiPolygon","coordinates":[[[[17.17646936400007,49.953541563000044],[17.238448936000054,49.85063449200004],[17.45993715700007,49.87161342300004],[17.91685650000005,49.53780849900005],[18.40359550000005,49.396745499000076],[18.322436,49.31505899900003],[17.64693,48.85426599900006],[17.273190038000052,49.057885663000036],[17.159434040000065,49.274621438000054],[16.8042,49.598812999000074],[16.86327,50.19812299900008],[16.907924500000036,50.44945399900007],[17.429605,50.25451299900004],[17.17646936400007,49.953541563000044]]]]}},{"type":"Feature","properties":{"id":"CZ08","name":"Moravskoslezsko","country":"CZ"},"geometry":{"type":"MultiPolygon","coordinates":[[[[18.035061,50.06577199900005],[18.575724,49.91042299900005],[18.851551,49.51718899900004],[18.40359550000005,49.396745499000076],[17.91685650000005,49.53780849900005],[17.45993715700007,49.87161342300004],[17.238448936000054,49.85063449200004],[17.17646936400007,49.953541563000044],[17.429605,50.25451299900004],[18.035061,50.06577199900005]]]]}},{"type":"Feature","properties":{"id":"DE11","name":"Stuttgart","country":"DE"},"geometry":{"type":"MultiPolygon","coordinates":[[[[9.648736,49.79147749900005],[9.94336008700003,49.52248469800003],[10.083723500000076,49.54356099900008],[10.11832750000002,49.47316949900005],[10.111966500000051,49.38491049900006],[10.256763500000034,49.05949499900004],[10.409849500000064,48.97743549900008],[10.423689,48.74449599900004],[10.487258,48.69666199900007],[10.278248500000075,48.51610149900006],[10.23077950000004,48.510510999000076],[9.944071500000064,48.631755499000064],[9.58572392700006,48.53625181900003],[9.583825,48.53794424900008],[9.582934456000032,48.54032693100004],[9.151229500000056,48.604055499000026],[9.129176500000028,48.601266499000076],[8.768902500000024,48.52184099900006],[8.804181500000027,48.77777799900008],[8.928800500000023,48.86655699900007],[8.876031500000067,49.03516999900006],[8.87779450000005,49.058478499000046],[8.818233,49.19449699900008],[9.049126500000057,49.29286249900008],[9.44349150000005,49.364336999000045],[9.603823,49.426577999000074],[9.518816596000022,49.47381064900003],[9.507337352000036,49.63605339600008],[9.41092,49.663507999000046],[9.471497500000055,49.77972649900005],[9.648736,49.79147749900005]]]]}},{"type":"Feature","properties":{"id":"DE12","name":"Karlsruhe","country":"DE"},"geometry":{"type":"MultiPolygon","coordinates":[[[[9.518816596000022,49.47381064900003],[9.603823,49.426577999000074],[9.44349150000005,49.364336999000045],[9.049126500000057,49.29286249900008],[8.818233,49.19449699900008],[8.87779450000005,49.058478499000046],[8.876031500000067,49.03516999900006],[8.928800500000023,48.86655699900007],[8.804181500000027,48.77777799900008],[8.768902500000024,48.52184099900006],[8.75571050000002,48.504139999000074],[8.774055,48.41627849900004],[8.737186500000064,48.377976999000055],[8.303992,48.349094499000046],[8.222007,48.60322749900007],[7.95963050000006,48.71858099900004],[8.232633,48.966571499000054],[8.261284,48.980916999000044],[8.277349,48.98993899900006],[8.33997,49.08014999900007],[8.413072500000055,49.249816499000076],[8.466985500000021,49.28297549900003],[8.487268,49.29002649900008],[8.462841292000064,49.311790063000046],[8.497316,49.411346999000045],[8.472505500000068,49.44351349900006],[8.423068,49.54182099900004],[8.422700500000076,49.57419249900005],[8.422439500000053,49.58338549900003],[8.581375,49.519780499000035],[8.93188,49.47063699900008],[9.08342650000003,49.52608699900003],[9.103006,49.57745599900005],[9.41092,49.663507999000046],[9.507337352000036,49.63605339600008],[9.518816596000022,49.47381064900003]]]]}},{"type":"Feature","properties":{"id":"DE13","name":"Freiburg","country":"DE"},"geometry":{"type":"MultiPolygon","coordinates":[[[[8.222007,48.60322749900007],[8.303992,48.349094499000046],[8.737186500000064,48.377976999000055],[8.751237,48.15953999900006],[8.953761,48.10727899900007],[9.012045,47.936922999000046],[9.128582,47.84681749900005],[9.182192,47.655890499000066],[8.670461,47.684862499000076],[8.663354,47.68589249900003],[8.61383150000006,47.801078999000026],[8.510115,47.77619049900005],[8.51487082500006,47.627210295000054],[8.426434500000028,47.56754899900005],[7.894107500000075,47.58637499900004],[7.713784500000031,47.539404999000055],[7.634097,47.561113499000044],[7.589039,47.589877999000066],[7.545990500000073,47.743573999000034],[7.581396899000026,47.914534220000064],[7.577291,48.11565499900007],[7.577919500000064,48.12139199900008],[7.680713,48.25726699900008],[7.95963050000006,48.71858099900004],[8.222007,48.60322749900007]]]]}},{"type":"Feature","properties":{"id":"DE14","name":"Tübingen","country":"DE"},"geometry":{"type":"MultiPolygon","coordinates":[[[[9.944071500000064,48.631755499000064],[10.23077950000004,48.510510999000076],[10.133895500000051,48.454871499000035],[10.032694500000048,48.45719649900008],[9.997606,48.35011799900008],[10.095357500000034,48.164014999000074],[10.136457,48.10845949900005],[10.114954500000067,47.97625749900004],[10.104207,47.97435849900006],[10.110136500000067,47.93714999900004],[10.131928500000072,47.82008749900007],[10.077292500000055,47.63927449900007],[9.692151500000023,47.610423499000035],[9.55872050000005,47.54189299900003],[9.495604,47.55145499900004],[9.182192,47.655890499000066],[9.128582,47.84681749900005],[9.012045,47.936922999000046],[8.953761,48.10727899900007],[8.751237,48.15953999900006],[8.737186500000064,48.377976999000055],[8.774055,48.41627849900004],[8.75571050000002,48.504139999000074],[8.768902500000024,48.52184099900006],[9.129176500000028,48.601266499000076],[9.151229500000056,48.604055499000026],[9.582934456000032,48.54032693100004],[9.583825,48.53794424900008],[9.58572392700006,48.53625181900003],[9.944071500000064,48.631755499000064]]]]}},{"type":"Feature","properties":{"id":"DE21","name":"Oberbayern","country":"DE"},"geometry":{"type":"MultiPolygon","coordinates":[[[[12.017122500000028,48.43067599900007],[12.250551,48.321945999000036],[12.483791,48.42967549900004],[12.60729150000003,48.35363199900007],[12.94468450000005,48.20669249900004],[12.751555,48.112810499000034],[12.860181500000067,47.99663999900008],[12.875785500000063,47.962608999000054],[12.959252680000077,47.87540091900007],[13.046055500000023,47.52050249900003],[12.695795500000031,47.68222299900003],[12.575026500000035,47.63231599900007],[12.338045500000021,47.69708749900008],[12.060662,47.61874349900006],[11.85717350300007,47.602004615000055],[11.632883,47.59244599900006],[11.410219,47.49532399900005],[11.42142750000005,47.444851999000036],[11.016500500000063,47.39636799900006],[10.991202500000043,47.396130999000036],[10.886199,47.53684799900003],[10.952785500000061,47.616265499000065],[10.767090500000052,47.84379349900007],[10.801532,48.10417049900008],[10.903411,48.236676499000055],[11.03451,48.19299199900007],[11.116768500000035,48.26847799900003],[11.311675,48.45227299900006],[11.295411,48.47457399900003],[11.022986,48.62017149900004],[11.005941500000063,48.82188299900008],[10.936839500000076,48.86327599900005],[11.201364500000068,49.04655149900003],[11.385714,49.078857999000036],[11.513989662000029,49.05886456500008],[11.599306500000068,48.95149699900003],[11.719435,48.78234549900003],[11.706735,48.61664649900007],[11.910186500000066,48.58523149900003],[12.017122500000028,48.43067599900007]]]]}},{"type":"Feature","properties":{"id":"DE22","name":"Niederbayern","country":"DE"},"geometry":{"type":"MultiPolygon","coordinates":[[[[13.839507,48.77160499900003],[13.796107,48.71360049900005],[13.727090500000031,48.51301949900005],[13.509728916000029,48.58995070700007],[13.506593976000033,48.58956176400005],[13.503116567000063,48.583691962000046],[13.506267826000055,48.576509574000056],[13.504165877000048,48.57301172800004],[13.493781196000043,48.56920341500006],[13.491615651000075,48.56480773100003],[13.485506292000025,48.562386934000074],[13.476535485000056,48.56334849000007],[13.47508,48.55598649900003],[13.463268977000041,48.55444195600006],[13.456416582000031,48.55879995200007],[13.177043,48.29438999900003],[12.94468450000005,48.20669249900004],[12.60729150000003,48.35363199900007],[12.483791,48.42967549900004],[12.250551,48.321945999000036],[12.017122500000028,48.43067599900007],[11.910186500000066,48.58523149900003],[11.706735,48.61664649900007],[11.719435,48.78234549900003],[11.599306500000068,48.95149699900003],[11.659785,49.016129499000044],[12.097496,48.77199199900008],[12.135276,48.76591199900008],[12.413030892000052,48.883442941000055],[12.479026500000032,49.03198599900003],[12.768203,49.114760999000055],[13.170908,49.17357949900003],[13.416651500000057,48.98003549900005],[13.551578500000062,48.96778749900005],[13.839507,48.77160499900003]]]]}},{"type":"Feature","properties":{"id":"DE23","name":"Oberpfalz","country":"DE"},"geometry":{"type":"MultiPolygon","coordinates":[[[[12.479026500000032,49.03198599900003],[12.413030892000052,48.883442941000055],[12.135276,48.76591199900008],[12.097496,48.77199199900008],[11.659785,49.016129499000044],[11.599306500000068,48.95149699900003],[11.513989662000029,49.05886456500008],[11.385714,49.078857999000036],[11.247176,49.325352999000074],[11.557755,49.41904199900006],[11.560448500000064,49.71429099900007],[11.630662500000028,49.76057099900004],[11.854835500000036,49.847108999000056],[11.903691500000036,49.97901999900006],[12.260799,50.05815649900006],[12.550988500000074,49.905087999000045],[12.401524,49.75837299900007],[12.593778500000042,49.54219149900007],[12.633763500000043,49.47619499900003],[13.170908,49.17357949900003],[12.768203,49.114760999000055],[12.479026500000032,49.03198599900003]]]]}},{"type":"Feature","properties":{"id":"DE24","name":"Oberfranken","country":"DE"},"geometry":{"type":"MultiPolygon","coordinates":[[[[11.481568,50.43162149900007],[11.603290500000071,50.398765999000034],[11.919323,50.42472799900003],[12.100900500000023,50.31802799900004],[12.160679,50.21984899900008],[12.260799,50.05815649900006],[11.903691500000036,49.97901999900006],[11.854835500000036,49.847108999000056],[11.630662500000028,49.76057099900004],[11.560448500000064,49.71429099900007],[11.368694,49.66670799900004],[11.280304500000057,49.60430149900003],[11.101981870000031,49.61420731700008],[10.927335500000027,49.768429999000034],[10.654417500000022,49.72112349900004],[10.551436,49.755772499000045],[10.448965,49.82217699900008],[10.50524850000005,49.87668199900003],[10.86011650000006,50.09178549900008],[10.729202,50.23000549900007],[10.945718500000055,50.38646649900005],[11.189943,50.27118549900007],[11.265938,50.47942099900007],[11.481568,50.43162149900007]]]]}},{"type":"Feature","properties":{"id":"DE25","name":"Mittelfranken","country":"DE"},"geometry":{"type":"MultiPolygon","coordinates":[[[[10.927335500000027,49.768429999000034],[11.101981870000031,49.61420731700008],[11.280304500000057,49.60430149900003],[11.368694,49.66670799900004],[11.560448500000064,49.71429099900007],[11.557755,49.41904199900006],[11.247176,49.325352999000074],[11.385714,49.078857999000036],[11.201364500000068,49.04655149900003],[10.936839500000076,48.86327599900005],[10.642254500000035,49.01663149900003],[10.409849500000064,48.97743549900008],[10.256763500000034,49.05949499900004],[10.111966500000051,49.38491049900006],[10.11832750000002,49.47316949900005],[10.083723500000076,49.54356099900008],[10.110316,49.62140849900004],[10.551436,49.755772499000045],[10.654417500000022,49.72112349900004],[10.927335500000027,49.768429999000034]]]]}},{"type":"Feature","properties":{"id":"DE26","name":"Unterfranken","country":"DE"},"geometry":{"type":"MultiPolygon","coordinates":[[[[10.450532,50.40185949900007],[10.610115,50.22799499900003],[10.729202,50.23000549900007],[10.86011650000006,50.09178549900008],[10.50524850000005,49.87668199900003],[10.448965,49.82217699900008],[10.551436,49.755772499000045],[10.110316,49.62140849900004],[10.083723500000076,49.54356099900008],[9.94336008700003,49.52248469800003],[9.648736,49.79147749900005],[9.471497500000055,49.77972649900005],[9.41092,49.663507999000046],[9.103006,49.57745599900005],[9.036080500000025,49.84650399900005],[9.05008,49.86631499900005],[9.016088500000023,49.991340499000046],[8.99056,50.06711899900006],[9.260781247000068,50.14096449900006],[9.404984500000069,50.08773449900008],[9.623151,50.229039999000065],[9.73291450000005,50.356149499000026],[9.935655,50.419606499000054],[10.041338500000052,50.51646949900004],[10.450532,50.40185949900007]]]]}},{"type":"Feature","properties":{"id":"DE27","name":"Schwaben","country":"DE"},"geometry":{"type":"MultiPolygon","coordinates":[[[[11.295411,48.47457399900003],[11.311675,48.45227299900006],[11.116768500000035,48.26847799900003],[11.03451,48.19299199900007],[10.903411,48.236676499000055],[10.801532,48.10417049900008],[10.767090500000052,47.84379349900007],[10.952785500000061,47.616265499000065],[10.886199,47.53684799900003],[10.454439,47.55579699900005],[10.418974814000023,47.38813692000008],[10.178353,47.270113999000046],[9.999526,47.48301699900003],[9.967813500000034,47.54624049900008],[9.55872050000005,47.54189299900003],[9.692151500000023,47.610423499000035],[10.077292500000055,47.63927449900007],[10.131928500000072,47.82008749900007],[10.110136500000067,47.93714999900004],[10.104207,47.97435849900006],[10.114954500000067,47.97625749900004],[10.136457,48.10845949900005],[10.095357500000034,48.164014999000074],[9.997606,48.35011799900008],[10.032694500000048,48.45719649900008],[10.133895500000051,48.454871499000035],[10.23077950000004,48.510510999000076],[10.278248500000075,48.51610149900006],[10.487258,48.69666199900007],[10.423689,48.74449599900004],[10.409849500000064,48.97743549900008],[10.642254500000035,49.01663149900003],[10.936839500000076,48.86327599900005],[11.005941500000063,48.82188299900008],[11.022986,48.62017149900004],[11.295411,48.47457399900003]]]]}},{"type":"Feature","properties":{"id":"DE30","name":"Berlin","country":"DE"},"geometry":{"type":"MultiPolygon","coordinates":[[[[13.610827500000028,52.54423549900008],[13.66698,52.47416699900003],[13.699738,52.377882999000065],[13.420985,52.376246999000045],[13.311926,52.399185499000055],[13.165898,52.39427549900006],[13.153695500000026,52.50182149900007],[13.164263,52.59890049900008],[13.39854,52.648194499000056],[13.610827500000028,52.54423549900008]]]]}},{"type":"Feature","properties":{"id":"DE40","name":"Brandenburg","country":"DE"},"geometry":{"type":"MultiPolygon","coordinates":[[[[14.412157,53.32963599900006],[14.143658,52.96136849900006],[14.156692,52.895590999000035],[14.436438,52.67990049900004],[14.565063,52.62449699900003],[14.534362,52.39500799900003],[14.600891500000046,52.27205199900004],[14.755227,52.070024999000054],[14.716716,52.00118799900008],[14.729862,51.581776999000056],[14.447771,51.54206899900004],[14.163324500000044,51.54104299900007],[13.835313,51.37678999900004],[13.691250500000024,51.37401299900006],[13.21015,51.40473599900008],[13.051025,51.647676999000055],[13.150913500000058,51.85961049900004],[12.769780500000024,51.97927449900004],[12.376122500000065,52.045119499000066],[12.276724500000057,52.104017999000064],[12.31718,52.45409549900006],[12.171555,52.50633649900004],[12.249203500000021,52.79186199900005],[12.12681150000003,52.89019949900006],[11.85717350300007,52.90909054900004],[11.597784500000046,53.03592649900003],[11.265732,53.12197799900008],[12.325101500000073,53.32130149900007],[12.331751500000053,53.31801099900008],[12.984683,53.16498549900007],[13.241403500000047,53.23240099900005],[13.710065500000042,53.479062499000065],[14.412157,53.32963599900006]],[[13.153695500000026,52.50182149900007],[13.165898,52.39427549900006],[13.311926,52.399185499000055],[13.420985,52.376246999000045],[13.699738,52.377882999000065],[13.66698,52.47416699900003],[13.610827500000028,52.54423549900008],[13.39854,52.648194499000056],[13.164263,52.59890049900008],[13.153695500000026,52.50182149900007]]]]}},{"type":"Feature","properties":{"id":"DE50","name":"Bremen","country":"DE"},"geometry":{"type":"MultiPolygon","coordinates":[[[[8.984185500000024,53.126070999000035],[8.915827,53.01102149900004],[8.711424,53.04462999900005],[8.654898500000058,53.10886449900005],[8.485330500000032,53.22711999900008],[8.984185500000024,53.126070999000035]]],[[[8.616185630000075,53.543215873000065],[8.492652,53.47241999900007],[8.554898,53.525130999000055],[8.520410500000025,53.606204999000056],[8.616185630000075,53.543215873000065]]]]}},{"type":"Feature","properties":{"id":"DE60","name":"Hamburg","country":"DE"},"geometry":{"type":"MultiPolygon","coordinates":[[[[10.307954,53.433200999000064],[9.903688124000041,53.43206675300007],[9.768861,53.50527899900004],[9.730104,53.55758099900004],[9.945376,53.65292799900004],[10.075734690000047,53.71243260500006],[10.236678500000039,53.49635449900006],[10.307954,53.433200999000064]]],[[[8.707664012000066,53.94049247600003],[8.478108599000052,53.81048481000005],[8.324632955000027,53.83764173600008],[8.476317963000042,54.05270750900007],[8.707664012000066,53.94049247600003]]]]}},{"type":"Feature","properties":{"id":"DE71","name":"Darmstadt","country":"DE"},"geometry":{"type":"MultiPolygon","coordinates":[[[[9.042425500000036,50.497989999000026],[9.286735,50.437297999000066],[9.479113,50.44068549900004],[9.73291450000005,50.356149499000026],[9.623151,50.229039999000065],[9.404984500000069,50.08773449900008],[9.260781247000068,50.14096449900006],[8.99056,50.06711899900006],[9.016088500000023,49.991340499000046],[9.05008,49.86631499900005],[9.036080500000025,49.84650399900005],[9.103006,49.57745599900005],[9.08342650000003,49.52608699900003],[8.93188,49.47063699900008],[8.581375,49.519780499000035],[8.422439500000053,49.58338549900003],[8.414774,49.59505199900008],[8.445736422000039,49.73028176100007],[8.44737125000006,49.73223049900008],[8.448822147000044,49.734319791000075],[8.400055,49.803674999000066],[8.343030500000054,49.94050599900004],[8.288245,49.995133999000075],[8.190038500000071,50.03529599900003],[8.175135500000067,50.03425549900004],[7.909922040000026,49.98387483300007],[7.773997,50.06653999900004],[8.121913500000062,50.277224999000055],[8.354557,50.29422999900004],[8.467215,50.41504849900008],[8.514139500000056,50.39935149900003],[8.577542,50.41501899900004],[9.042425500000036,50.497989999000026]]]]}},{"type":"Feature","properties":{"id":"DE72","name":"Gießen","country":"DE"},"geometry":{"type":"MultiPolygon","coordinates":[[[[9.481895734000034,50.58945765100003],[9.479113,50.44068549900004],[9.286735,50.437297999000066],[9.042425500000036,50.497989999000026],[8.577542,50.41501899900004],[8.514139500000056,50.39935149900003],[8.467215,50.41504849900008],[8.354557,50.29422999900004],[8.121913500000062,50.277224999000055],[7.971559500000069,50.40622049900003],[8.151592,50.59937099900003],[8.125776500000029,50.68581399900006],[8.355496,50.86200099900003],[8.477892,50.969047499000055],[8.9746,50.93830399900003],[9.148868500000049,50.83664499900004],[9.441055,50.79564449900005],[9.611464500000068,50.73547649900007],[9.481895734000034,50.58945765100003]]]]}},{"type":"Feature","properties":{"id":"DE73","name":"Kassel","country":"DE"},"geometry":{"type":"MultiPolygon","coordinates":[[[[9.685331,51.582016499000076],[9.676755569000022,51.313154620000034],[9.928339,51.37529899900005],[10.206942,51.190648999000075],[10.210013,51.144082999000034],[10.021558500000026,50.992949499000076],[9.926176500000054,50.767389999000045],[10.077555500000074,50.63762399900003],[10.041338500000052,50.51646949900004],[9.935655,50.419606499000054],[9.73291450000005,50.356149499000026],[9.479113,50.44068549900004],[9.481895734000034,50.58945765100003],[9.611464500000068,50.73547649900007],[9.441055,50.79564449900005],[9.148868500000049,50.83664499900004],[8.9746,50.93830399900003],[8.477892,50.969047499000055],[8.549085,51.101867999000035],[8.970653500000026,51.506773499000076],[9.155410500000073,51.442674999000076],[9.440457,51.65039399900007],[9.685331,51.582016499000076]]]]}},{"type":"Feature","properties":{"id":"DE80","name":"Mecklenburg-Vorpommern","country":"DE"},"geometry":{"type":"MultiPolygon","coordinates":[[[[14.267542,53.69780649900008],[14.412157,53.32963599900006],[13.710065500000042,53.479062499000065],[13.241403500000047,53.23240099900005],[12.984683,53.16498549900007],[12.331751500000053,53.31801099900008],[12.325101500000073,53.32130149900007],[11.265732,53.12197799900008],[11.171861500000034,53.15664399900004],[11.047573868000029,53.25501734100004],[10.595047,53.363927499000056],[10.951918500000033,53.64762249900008],[10.762964500000066,53.81115299900006],[10.903661500000055,53.956821999000056],[11.56177850000006,54.028088499000035],[11.998484500000075,54.17496999900004],[12.201068,54.244695499000045],[12.28553050000005,54.27495199900005],[13.253091324000025,54.56839420700004],[13.54798631400007,54.43625385900003],[13.319396,54.19350599900008],[14.226302,53.928652999000064],[14.213077500000054,53.866479499000036],[14.098224138000035,53.765405040000076],[14.267542,53.69780649900008]]]]}},{"type":"Feature","properties":{"id":"DE91","name":"Braunschweig","country":"DE"},"geometry":{"type":"MultiPolygon","coordinates":[[[[10.561227,52.004065999000034],[10.701372,51.642187499000045],[10.677283,51.63837599900006],[10.488551,51.57477849900005],[9.928339,51.37529899900005],[9.676755569000022,51.313154620000034],[9.685331,51.582016499000076],[9.440457,51.65039399900007],[9.417317500000024,51.64726949900006],[9.894248,51.90615499900008],[10.065526,51.92735999900003],[10.204688500000032,52.00698999900004],[10.196530092000046,52.11295244200005],[10.234005,52.17019599900004],[10.257476,52.18302299900006],[10.034467500000062,52.28376599900008],[10.291911500000026,52.447902499000065],[10.273742500000026,52.510639999000034],[10.44441,52.81576349900007],[10.759314500000073,52.79583049900003],[11.008781500000055,52.49674749900004],[10.934542500000077,52.47179499900005],[10.964414500000032,52.056642999000076],[10.801489,52.04799699900008],[10.561227,52.004065999000034]]]]}},{"type":"Feature","properties":{"id":"DE92","name":"Hannover","country":"DE"},"geometry":{"type":"MultiPolygon","coordinates":[[[[10.273742500000026,52.510639999000034],[10.291911500000026,52.447902499000065],[10.034467500000062,52.28376599900008],[10.257476,52.18302299900006],[10.234005,52.17019599900004],[10.196530092000046,52.11295244200005],[10.204688500000032,52.00698999900004],[10.065526,51.92735999900003],[9.894248,51.90615499900008],[9.417317500000024,51.64726949900006],[9.323343500000021,51.855060999000045],[9.308893,51.92271949900004],[9.155604500000038,52.097829999000055],[8.98583350000007,52.19459849900005],[9.125252500000045,52.41199349900006],[8.703009,52.50043799900004],[8.297213500000055,52.45649799900008],[8.308324,52.499111999000036],[8.459277500000042,52.80105599900003],[8.656313526000076,53.00889918200005],[8.711424,53.04462999900005],[8.915827,53.01102149900004],[9.115997,52.896952499000065],[9.325602500000059,52.76771249900003],[9.534658500000035,52.66006649900004],[9.734624,52.638302499000076],[10.273742500000026,52.510639999000034]]]]}},{"type":"Feature","properties":{"id":"DE93","name":"Lüneburg","country":"DE"},"geometry":{"type":"MultiPolygon","coordinates":[[[[8.889034335000076,53.85714114500007],[9.018512500000043,53.83484099900005],[9.273634572000049,53.86742491600006],[9.48589,53.70766449900003],[9.730104,53.55758099900004],[9.768861,53.50527899900004],[9.903688124000041,53.43206675300007],[10.307954,53.433200999000064],[10.469184,53.38584399900003],[10.595047,53.363927499000056],[11.047573868000029,53.25501734100004],[11.171861500000034,53.15664399900004],[11.265732,53.12197799900008],[11.597784500000046,53.03592649900003],[11.505027,52.94103249900007],[10.841556,52.85220499900004],[10.759314500000073,52.79583049900003],[10.44441,52.81576349900007],[10.273742500000026,52.510639999000034],[9.734624,52.638302499000076],[9.534658500000035,52.66006649900004],[9.325602500000059,52.76771249900003],[9.115997,52.896952499000065],[8.915827,53.01102149900004],[8.984185500000024,53.126070999000035],[8.485330500000032,53.22711999900008],[8.499987500000032,53.36684799900007],[8.492652,53.47241999900007],[8.616185630000075,53.543215873000065],[8.520410500000025,53.606204999000056],[8.61333398100004,53.765405040000076],[8.687172500000031,53.89190799900007],[8.889034335000076,53.85714114500007]]]]}},{"type":"Feature","properties":{"id":"DE94","name":"Weser-Ems","country":"DE"},"geometry":{"type":"MultiPolygon","coordinates":[[[[8.061327,53.505956999000034],[8.195555,53.40917149900008],[8.554898,53.525130999000055],[8.492652,53.47241999900007],[8.499987500000032,53.36684799900007],[8.485330500000032,53.22711999900008],[8.654898500000058,53.10886449900005],[8.711424,53.04462999900005],[8.656313526000076,53.00889918200005],[8.459277500000042,52.80105599900003],[8.308324,52.499111999000036],[8.297213500000055,52.45649799900008],[8.466186500000049,52.26761399900005],[8.410586500000022,52.11511499900007],[8.096448,52.05714499900006],[7.885159,52.08330249900007],[7.865182324000045,52.30752689700006],[7.608038500000021,52.47401599900007],[7.317481,52.280271999000036],[7.099149,52.24305849900003],[7.065685,52.24137299900008],[7.004076894000036,52.39960571700004],[6.697865500000034,52.486285999000074],[6.70973250000003,52.627823499000044],[7.006229500000074,52.63876299900005],[7.092692,52.83820099900004],[7.202794500000039,53.11328149900004],[7.208935,53.24306449900007],[7.2643,53.325526499000034],[7.092746016000035,53.37251383800003],[7.491739052000071,53.68003486200007],[7.809895500000039,53.70766199900004],[8.091291,53.63810899900005],[8.142206153000075,53.555025228000034],[8.061327,53.505956999000034]]]]}},{"type":"Feature","properties":{"id":"DEA1","name":"Düsseldorf","country":"DE"},"geometry":{"type":"MultiPolygon","coordinates":[[[[6.833152,51.57964799900003],[6.928413,51.49795849900005],[6.998652,51.533700499000076],[7.010207,51.53272849900003],[7.104200500000047,51.48126749900007],[7.13603,51.42603799900007],[7.117675,51.38027249900006],[7.167288,51.312902499000074],[7.306693500000051,51.23887549900007],[7.295806500000026,51.20539199900003],[7.268179500000031,51.14565749900004],[7.16635,51.15394099900004],[6.997724,51.117975999000066],[6.990593500000045,51.091597999000044],[6.989158416000066,51.075551259000065],[6.973598724000055,51.06853638800004],[6.964356408000071,51.06940652800006],[6.958464215000049,51.072314145000064],[6.950097066000069,51.07037016100003],[6.940723301000048,51.07209903300003],[6.932468902000039,51.077761647000045],[6.926333,51.08197049900008],[6.918900853000025,51.08073591800007],[6.898045,51.06488549900007],[6.853487500000028,51.08425599900005],[6.773632500000076,51.06438999900007],[6.464410674000021,51.04090024900006],[6.443993500000033,51.08978549900007],[6.291135500000053,51.17555149900005],[6.174812,51.18451349900005],[6.072657,51.24258749900008],[6.224405,51.36497899900007],[5.953192,51.74784599900005],[6.167766,51.90080449900006],[6.407779500000061,51.82809199900004],[6.464410674000021,51.80495574000008],[6.910861500000067,51.74609849900003],[6.902276,51.635684499000035],[6.833152,51.57964799900003]]]]}},{"type":"Feature","properties":{"id":"DEA2","name":"Köln","country":"DE"},"geometry":{"type":"MultiPolygon","coordinates":[[[[7.433343,51.21440899900006],[7.716120500000045,51.07290849900005],[7.785898,50.939913999000055],[7.661003500000049,50.82036449900005],[7.440772,50.711437999000054],[7.21239950000006,50.62340499900006],[6.927901,50.55861849900003],[6.800711500000034,50.361781499000074],[6.425295,50.32301199900007],[6.405028500000071,50.32330849900006],[6.315556,50.49704249900003],[6.020999,50.75429549900008],[6.086947500000065,50.91313499900008],[5.877085,51.03210099900008],[6.174812,51.18451349900005],[6.291135500000053,51.17555149900005],[6.443993500000033,51.08978549900007],[6.464410674000021,51.04090024900006],[6.773632500000076,51.06438999900007],[6.853487500000028,51.08425599900005],[6.898045,51.06488549900007],[6.918900853000025,51.08073591800007],[6.926333,51.08197049900008],[6.932468902000039,51.077761647000045],[6.940723301000048,51.07209903300003],[6.950097066000069,51.07037016100003],[6.958464215000049,51.072314145000064],[6.964356408000071,51.06940652800006],[6.973598724000055,51.06853638800004],[6.989158416000066,51.075551259000065],[6.990593500000045,51.091597999000044],[6.997724,51.117975999000066],[7.16635,51.15394099900004],[7.268179500000031,51.14565749900004],[7.295806500000026,51.20539199900003],[7.306693500000051,51.23887549900007],[7.433343,51.21440899900006]]]]}},{"type":"Feature","properties":{"id":"DEA3","name":"Münster","country":"DE"},"geometry":{"type":"MultiPolygon","coordinates":[[[[8.096448,52.05714499900006],[8.320136,51.72570499900007],[7.944527500000049,51.700581999000065],[7.735788,51.737370499000065],[7.70188950000005,51.712378999000066],[7.40955,51.664580999000066],[7.417934,51.59951999900005],[7.314603,51.52231999900005],[7.293587,51.53226249900007],[7.145057,51.55224049900005],[7.132425341000044,51.55220860600008],[7.125949958000035,51.54960519900004],[7.124129134000043,51.54782901200008],[7.132425341000044,51.53383079100007],[7.138227361000077,51.524052365000045],[7.139465161000032,51.51641580900008],[7.143385151000075,51.51327387300006],[7.138586222000072,51.50984624900008],[7.13956150000007,51.50615749900004],[7.104200500000047,51.48126749900007],[7.010207,51.53272849900003],[6.998652,51.533700499000076],[6.928413,51.49795849900005],[6.833152,51.57964799900003],[6.902276,51.635684499000035],[6.910861500000067,51.74609849900003],[6.464410674000021,51.80495574000008],[6.407779500000061,51.82809199900004],[6.681671345000041,51.932420025000056],[6.760465,52.118569499000046],[7.065685,52.24137299900008],[7.099149,52.24305849900003],[7.317481,52.280271999000036],[7.608038500000021,52.47401599900007],[7.865182324000045,52.30752689700006],[7.885159,52.08330249900007],[8.096448,52.05714499900006]]]]}},{"type":"Feature","properties":{"id":"DEA4","name":"Detmold","country":"DE"},"geometry":{"type":"MultiPolygon","coordinates":[[[[9.323343500000021,51.855060999000045],[9.417317500000024,51.64726949900006],[9.440457,51.65039399900007],[9.155410500000073,51.442674999000076],[8.970653500000026,51.506773499000076],[8.905395,51.53149649900007],[8.547931,51.46781249900005],[8.403108,51.719354999000075],[8.320136,51.72570499900007],[8.096448,52.05714499900006],[8.410586500000022,52.11511499900007],[8.466186500000049,52.26761399900005],[8.297213500000055,52.45649799900008],[8.703009,52.50043799900004],[9.125252500000045,52.41199349900006],[8.98583350000007,52.19459849900005],[9.155604500000038,52.097829999000055],[9.308893,51.92271949900004],[9.323343500000021,51.855060999000045]]]]}},{"type":"Feature","properties":{"id":"DEA5","name":"Arnsberg","country":"DE"},"geometry":{"type":"MultiPolygon","coordinates":[[[[7.735788,51.737370499000065],[7.944527500000049,51.700581999000065],[8.320136,51.72570499900007],[8.403108,51.719354999000075],[8.547931,51.46781249900005],[8.905395,51.53149649900007],[8.970653500000026,51.506773499000076],[8.549085,51.101867999000035],[8.477892,50.969047499000055],[8.355496,50.86200099900003],[8.125776500000029,50.68581399900006],[8.03969,50.69737549900003],[7.851496,50.92583249900008],[7.785898,50.939913999000055],[7.716120500000045,51.07290849900005],[7.433343,51.21440899900006],[7.306693500000051,51.23887549900007],[7.167288,51.312902499000074],[7.117675,51.38027249900006],[7.13603,51.42603799900007],[7.104200500000047,51.48126749900007],[7.13956150000007,51.50615749900004],[7.138586222000072,51.50984624900008],[7.143385151000075,51.51327387300006],[7.139465161000032,51.51641580900008],[7.138227361000077,51.524052365000045],[7.132425341000044,51.53383079100007],[7.124129134000043,51.54782901200008],[7.125949958000035,51.54960519900004],[7.132425341000044,51.55220860600008],[7.145057,51.55224049900005],[7.293587,51.53226249900007],[7.314603,51.52231999900005],[7.417934,51.59951999900005],[7.40955,51.664580999000066],[7.70188950000005,51.712378999000066],[7.735788,51.737370499000065]]]]}},{"type":"Feature","properties":{"id":"FRG0","name":"Pays de la Loire","country":"FR"},"geometry":{"type":"MultiPolygon","coordinates":[[[[-0.280913799999951,48.530388008000045],[-0.054527,48.38200449900006],[0.241685795000024,48.44077084000003],[0.745306729000049,48.21764871000005],[0.797658500000068,48.19445499900007],[0.841217500000027,48.10305949900004],[0.745306729000049,47.930153252000025],[0.614432500000021,47.69421549900005],[0.230000500000074,47.608397499000034],[0.05383,47.163733499000045],[-0.102116,47.06479999900006],[-0.891964,46.975820499000065],[-0.644418658999939,46.61529404200007],[-0.750471499999946,46.30425449900008],[-1.16251516799997,46.32417761500005],[-1.785876667999958,46.52788584900003],[-1.893272127999978,46.64648137700004],[-2.015835430999971,46.781826573000046],[-1.980464499999925,47.02872199900003],[-2.458476,47.448004999000034],[-2.228888346999952,47.49952461400005],[-2.097034,47.63135649900005],[-1.893272127999978,47.67374098800008],[-1.785876667999958,47.696080308000035],[-1.238248,47.80999249900003],[-1.070164499999976,48.50849199900006],[-0.86036,48.50145849900008],[-0.280913799999951,48.530388008000045]]]]}},{"type":"Feature","properties":{"id":"FRH0","name":"Bretagne","country":"FR"},"geometry":{"type":"MultiPolygon","coordinates":[[[[-2.786280659999932,48.58492114200004],[-1.948051,48.53891949900003],[-1.5711,48.62650099900003],[-1.070164499999976,48.50849199900006],[-1.238248,47.80999249900003],[-1.785876667999958,47.696080308000035],[-1.893272127999978,47.67374098800008],[-2.097034,47.63135649900005],[-2.228888346999952,47.49952461400005],[-2.458476,47.448004999000034],[-2.786280659999932,47.56363179300007],[-3.091564905999974,47.44370816400004],[-3.373935246999963,47.70906261300007],[-3.523001499999964,47.84914599900003],[-4.325126342999965,47.88132097500005],[-4.36427729299993,48.15801133400004],[-4.659266466999952,48.39327458900004],[-4.434180996999942,48.62037902900005],[-3.659154,48.65942399900007],[-3.373935246999963,48.73068432400004],[-3.122082482999929,48.79360834300007],[-2.786280659999932,48.58492114200004]]]]}},{"type":"Feature","properties":{"id":"PL21","name":"Małopolskie","country":"PL"},"geometry":{"type":"MultiPolygon","coordinates":[[[[20.13647573000003,50.42857827500006],[20.681539,50.20587549900006],[21.20883150000003,50.35489749900006],[21.158619102000046,50.04112679600007],[21.297149500000046,49.84286399900003],[21.241772,49.77610449900004],[21.39771250000007,49.433793999000045],[20.614939500000048,49.41783299900004],[20.13647573000003,49.277989966000064],[19.883929500000022,49.204176999000026],[19.467386500000032,49.61376699900006],[19.41495150000003,49.77526499900006],[19.09321,49.95665899900007],[19.253810500000043,50.13419299900005],[19.844537500000058,50.434195499000054],[19.949966500000073,50.504782499000044],[20.13647573000003,50.42857827500006]]]]}},{"type":"Feature","properties":{"id":"PL22","name":"Śląskie","country":"PL"},"geometry":{"type":"MultiPolygon","coordinates":[[[[19.467386500000032,49.61376699900006],[19.123691262000023,49.42007847100007],[18.851551,49.51718899900004],[18.575724,49.91042299900005],[18.035061,50.06577199900005],[18.059780500000045,50.17465249900005],[18.42586650000004,50.248965499000064],[18.607473500000026,50.55001099900005],[18.516183612000077,50.62704463800003],[18.615877500000067,50.85358749900007],[18.67295450000006,51.056902499000046],[19.243142500000033,51.03684449900004],[19.74706,50.86596999900007],[19.712949500000036,50.72915599900006],[19.826116542000022,50.70241260300003],[19.90899219000005,50.62704463800003],[19.949966500000073,50.504782499000044],[19.844537500000058,50.434195499000054],[19.253810500000043,50.13419299900005],[19.09321,49.95665899900007],[19.41495150000003,49.77526499900006],[19.467386500000032,49.61376699900006]]]]}},{"type":"Feature","properties":{"id":"PL41","name":"Wielkopolskie","country":"PL"},"geometry":{"type":"MultiPolygon","coordinates":[[[[18.471965500000067,51.85100549900005],[18.163681500000052,51.17251699900004],[17.939456,51.10886499900005],[17.795269500000074,51.19414599900006],[17.45993715700007,51.626908643000036],[17.257433,51.64284299900004],[16.828372,51.57218799900005],[16.416191,51.784864999000035],[16.01477535600003,51.98907114500008],[15.880810500000052,52.29042949900003],[15.946907,52.75489599900004],[15.96249750000004,53.04138099900007],[16.641130188000034,53.25501734100004],[16.585439372000053,53.46238233400004],[16.892248,53.65586899900006],[17.390653,53.49096399900003],[17.43879350000003,53.26751449900007],[17.45993715700007,52.738700934000065],[18.377150500000027,52.53746349900007],[19.04712,52.33280399900008],[18.827809,52.06418799900007],[18.683278588000064,51.86013863900007],[18.471965500000067,51.85100549900005]]]]}},{"type":"Feature","properties":{"id":"PL42","name":"Zachodniopomorskie","country":"PL"},"geometry":{"type":"MultiPolygon","coordinates":[[[[15.96249750000004,53.04138099900007],[14.565063,52.62449699900003],[14.436438,52.67990049900004],[14.156692,52.895590999000035],[14.143658,52.96136849900006],[14.412157,53.32963599900006],[14.267542,53.69780649900008],[15.388074500000073,54.15890699900007],[16.699085,54.56924699900003],[16.792764500000033,53.985550499000055],[16.982053500000063,53.90490949900004],[16.931747354000038,53.765405040000076],[16.892248,53.65586899900006],[16.585439372000053,53.46238233400004],[16.641130188000034,53.25501734100004],[15.96249750000004,53.04138099900007]]]]}},{"type":"Feature","properties":{"id":"PL43","name":"Lubuskie","country":"PL"},"geometry":{"type":"MultiPolygon","coordinates":[[[[15.71403250000003,51.51739699900003],[14.974183,51.363949999000056],[14.729862,51.581776999000056],[14.716716,52.00118799900008],[14.755227,52.070024999000054],[14.600891500000046,52.27205199900004],[14.534362,52.39500799900003],[14.565063,52.62449699900003],[15.96249750000004,53.04138099900007],[15.946907,52.75489599900004],[15.880810500000052,52.29042949900003],[16.01477535600003,51.98907114500008],[16.416191,51.784864999000035],[15.968420628000047,51.74659684100004],[15.71403250000003,51.51739699900003]]]]}},{"type":"Feature","properties":{"id":"PL51","name":"Dolnośląskie","country":"PL"},"geometry":{"type":"MultiPolygon","coordinates":[[[[16.416191,51.784864999000035],[16.828372,51.57218799900005],[17.257433,51.64284299900004],[17.45993715700007,51.626908643000036],[17.795269500000074,51.19414599900006],[17.164896,50.613462999000035],[16.907924500000036,50.44945399900007],[16.86327,50.19812299900008],[16.58029,50.14278799900006],[16.332549979000078,50.592461342000036],[16.107318,50.66207299900003],[15.535267500000032,50.77937599900008],[15.181559008000022,50.95741298300004],[14.823362,50.870550499000046],[14.974183,51.363949999000056],[15.71403250000003,51.51739699900003],[15.968420628000047,51.74659684100004],[16.416191,51.784864999000035]]]]}},{"type":"Feature","properties":{"id":"PL52","name":"Opolskie","country":"PL"},"geometry":{"type":"MultiPolygon","coordinates":[[[[17.795269500000074,51.19414599900006],[17.939456,51.10886499900005],[18.163681500000052,51.17251699900004],[18.67295450000006,51.056902499000046],[18.615877500000067,50.85358749900007],[18.516183612000077,50.62704463800003],[18.607473500000026,50.55001099900005],[18.42586650000004,50.248965499000064],[18.059780500000045,50.17465249900005],[18.035061,50.06577199900005],[17.429605,50.25451299900004],[16.907924500000036,50.44945399900007],[17.164896,50.613462999000035],[17.795269500000074,51.19414599900006]]]]}},{"type":"Feature","properties":{"id":"PL61","name":"Kujawsko-pomorskie","country":"PL"},"geometry":{"type":"MultiPolygon","coordinates":[[[[19.289184500000033,52.39271249900003],[19.04712,52.33280399900008],[18.377150500000027,52.53746349900007],[17.45993715700007,52.738700934000065],[17.43879350000003,53.26751449900007],[17.390653,53.49096399900003],[18.072036500000024,53.781074999000055],[18.761577500000044,53.60488199900004],[19.12927650000006,53.58826049900006],[19.686873497000022,53.25501734100004],[19.761595500000055,53.151796499000056],[19.684806,52.96303899900005],[19.444664,52.93904249900004],[19.289184500000033,52.39271249900003]]]]}},{"type":"Feature","properties":{"id":"PL62","name":"Warmińsko-mazurskie","country":"PL"},"geometry":{"type":"MultiPolygon","coordinates":[[[[20.313503,54.402201999000056],[21.559322,54.32250399900005],[22.792095500000073,54.36335899900007],[22.610639422000077,54.183585926000035],[22.701606385000048,53.81308192400007],[22.60114044100004,53.765405040000076],[22.135728,53.54453999900005],[21.612953,53.48083349900003],[21.55169,53.47812799900004],[20.675954,53.26952949900004],[20.411137,53.21416499900005],[20.13647573000003,53.18779222500007],[19.761595500000055,53.151796499000056],[19.686873497000022,53.25501734100004],[19.12927650000006,53.58826049900006],[19.300142454000024,53.765405040000076],[19.431927605000055,53.90203272800005],[19.217688500000065,54.11612149900003],[19.256953,54.27846049900006],[19.803768500000047,54.44241049900006],[20.13647573000003,54.41616613300005],[20.313503,54.402201999000056]]]]}},{"type":"Feature","properties":{"id":"AT11","name":"Burgenland","country":"AT"},"geometry":{"type":"MultiPolygon","coordinates":[[[[16.113849,46.86906799900004],[15.996236,46.835398499000064],[16.171081,47.42133749900006],[16.279839500000037,47.45483199900008],[16.372543500000063,47.64213549900006],[16.422423311000045,47.914534220000064],[16.63495272800003,47.928937725000026],[17.066741,48.11868149900005],[17.160797500000058,48.00665649900003],[16.99140403000007,47.720036450000066],[16.421542500000044,47.665297999000074],[16.64622,47.446596999000064],[16.43376150000006,47.352918499000054],[16.459442042000035,47.04411389400008],[16.113849,46.86906799900004]]]]}},{"type":"Feature","properties":{"id":"AT12","name":"Niederösterreich","country":"AT"},"geometry":{"type":"MultiPolygon","coordinates":[[[[16.851106,48.438634999000044],[16.976203,48.172244499000044],[17.066741,48.11868149900005],[16.63495272800003,47.928937725000026],[16.422423311000045,47.914534220000064],[16.372543500000063,47.64213549900006],[16.279839500000037,47.45483199900008],[16.171081,47.42133749900006],[15.847909500000071,47.56846849900006],[15.218029500000057,47.794099999000025],[15.088096500000063,47.74081799900006],[14.738545,47.74742649900003],[14.482755,48.10563699900007],[14.520807500000046,48.237351499000056],[14.670820553000055,48.16337069300005],[14.960269500000038,48.376482499000076],[14.691014,48.58430199900005],[15.040345050000042,48.96677243400006],[15.542449500000032,48.90769699900005],[15.753633500000035,48.85217849900005],[16.940278,48.617245499000035],[16.949778,48.535791999000025],[16.851106,48.438634999000044]],[[16.18577274200004,48.17239670500004],[16.289634655000043,48.125144387000034],[16.578036,48.14331199900005],[16.424189284000022,48.28926191700003],[16.18577274200004,48.17239670500004]]]]}},{"type":"Feature","properties":{"id":"AT13","name":"Wien","country":"AT"},"geometry":{"type":"MultiPolygon","coordinates":[[[[16.578036,48.14331199900005],[16.289634655000043,48.125144387000034],[16.18577274200004,48.17239670500004],[16.424189284000022,48.28926191700003],[16.578036,48.14331199900005]]]]}},{"type":"Feature","properties":{"id":"AT21","name":"Kärnten","country":"AT"},"geometry":{"type":"MultiPolygon","coordinates":[[[[13.785132500000032,46.94404799900008],[13.946626,46.94161949900007],[14.84205650000007,47.048613499000055],[15.065120500000035,46.652112499000054],[14.674580500000047,46.450687499000026],[14.565175500000066,46.37245349900007],[14.43450050000007,46.44294349900008],[13.714185,46.522703499000045],[13.504249500000071,46.56630399900007],[12.731393,46.63428799900004],[12.690635,46.65697199900006],[12.824333298000056,46.82085245300004],[12.656083,47.09970099900005],[13.354584,47.09730349900008],[13.785132500000032,46.94404799900008]]]]}},{"type":"Feature","properties":{"id":"AT22","name":"Steiermark","country":"AT"},"geometry":{"type":"MultiPolygon","coordinates":[[[[15.218029500000057,47.794099999000025],[15.847909500000071,47.56846849900006],[16.171081,47.42133749900006],[15.996236,46.835398499000064],[15.786422,46.70746949900007],[15.649988,46.70575699900007],[15.401979500000039,46.65354849900007],[15.065120500000035,46.652112499000054],[14.84205650000007,47.048613499000055],[13.946626,46.94161949900007],[13.785132500000032,46.94404799900008],[13.864372500000059,47.251693499000055],[13.606840500000033,47.283295499000076],[13.585584500000039,47.473992999000075],[14.010663,47.70051099900007],[14.274269050000044,47.61480153900004],[14.738545,47.74742649900003],[15.088096500000063,47.74081799900006],[15.218029500000057,47.794099999000025]]]]}},{"type":"Feature","properties":{"id":"AT31","name":"Oberösterreich","country":"AT"},"geometry":{"type":"MultiPolygon","coordinates":[[[[14.691014,48.58430199900005],[14.960269500000038,48.376482499000076],[14.670820553000055,48.16337069300005],[14.520807500000046,48.237351499000056],[14.482755,48.10563699900007],[14.738545,47.74742649900003],[14.274269050000044,47.61480153900004],[14.010663,47.70051099900007],[13.585584500000039,47.473992999000075],[13.516362,47.49677599900008],[13.482814924000024,47.72736983800007],[13.303821,48.00782449900004],[12.860181500000067,47.99663999900008],[12.751555,48.112810499000034],[12.94468450000005,48.20669249900004],[13.177043,48.29438999900003],[13.456416582000031,48.55879995200007],[13.463268977000041,48.55444195600006],[13.47508,48.55598649900003],[13.476535485000056,48.56334849000007],[13.485506292000025,48.562386934000074],[13.491615651000075,48.56480773100003],[13.493781196000043,48.56920341500006],[13.504165877000048,48.57301172800004],[13.506267826000055,48.576509574000056],[13.503116567000063,48.583691962000046],[13.506593976000033,48.58956176400005],[13.509728916000029,48.58995070700007],[13.727090500000031,48.51301949900005],[13.796107,48.71360049900005],[13.839507,48.77160499900003],[14.691014,48.58430199900005]]]]}},{"type":"Feature","properties":{"id":"AT32","name":"Salzburg","country":"AT"},"geometry":{"type":"MultiPolygon","coordinates":[[[[13.482814924000024,47.72736983800007],[13.516362,47.49677599900008],[13.585584500000039,47.473992999000075],[13.606840500000033,47.283295499000076],[13.864372500000059,47.251693499000055],[13.785132500000032,46.94404799900008],[13.354584,47.09730349900008],[12.656083,47.09970099900005],[12.24074550000006,47.06916849900006],[12.136014,47.08066749900007],[12.148613371000067,47.251630513000066],[12.619121405000044,47.46052215600008],[12.575026500000035,47.63231599900007],[12.695795500000031,47.68222299900003],[13.046055500000023,47.52050249900003],[12.959252680000077,47.87540091900007],[12.875785500000063,47.962608999000054],[12.860181500000067,47.99663999900008],[13.303821,48.00782449900004],[13.482814924000024,47.72736983800007]]]]}},{"type":"Feature","properties":{"id":"AT33","name":"Tirol","country":"AT"},"geometry":{"type":"MultiPolygon","coordinates":[[[[12.619121405000044,47.46052215600008],[12.148613371000067,47.251630513000066],[12.136014,47.08066749900007],[11.85717350300007,47.00382740400005],[11.627199500000074,47.01329899900003],[11.164281500000072,46.96572249900004],[10.981675044000042,46.80738071500008],[10.469651500000055,46.85490899900003],[10.144974500000046,46.85100949900004],[10.212787,47.15728099900008],[10.178353,47.270113999000046],[10.418974814000023,47.38813692000008],[10.454439,47.55579699900005],[10.886199,47.53684799900003],[10.991202500000043,47.396130999000036],[11.016500500000063,47.39636799900006],[11.42142750000005,47.444851999000036],[11.410219,47.49532399900005],[11.632883,47.59244599900006],[11.85717350300007,47.602004615000055],[12.060662,47.61874349900006],[12.338045500000021,47.69708749900008],[12.575026500000035,47.63231599900007],[12.619121405000044,47.46052215600008]]],[[[12.824333298000056,46.82085245300004],[12.690635,46.65697199900006],[12.477924,46.679835499000035],[12.211668725000038,46.89676780100007],[12.24074550000006,47.06916849900006],[12.656083,47.09970099900005],[12.824333298000056,46.82085245300004]]]]}},{"type":"Feature","properties":{"id":"AT34","name":"Vorarlberg","country":"AT"},"geometry":{"type":"MultiPolygon","coordinates":[[[[10.212787,47.15728099900008],[10.144974500000046,46.85100949900004],[9.607078,47.06077449900005],[9.620580500000074,47.15164549900004],[9.530749,47.27058099900006],[9.55872050000005,47.54189299900003],[9.967813500000034,47.54624049900008],[9.999526,47.48301699900003],[10.178353,47.270113999000046],[10.212787,47.15728099900008]]]]}},{"type":"Feature","properties":{"id":"BE10","name":"Région de Bruxelles-Capitale/ Brussels Hoofdstedelijk Gewest","country":"BE"},"geometry":{"type":"MultiPolygon","coordinates":[[[[4.232882794000034,50.817707245000065],[4.288155842000037,50.89422577700003],[4.44201451400005,50.90175224800004],[4.388720782000064,50.75522158100006],[4.232882794000034,50.817707245000065]]]]}},{"type":"Feature","properties":{"id":"BE21","name":"Prov. Antwerpen","country":"BE"},"geometry":{"type":"MultiPolygon","coordinates":[[[[5.261073500000066,51.14696499900003],[4.981574500000022,51.03488549900004],[4.789319,51.03892899900006],[4.528663,50.99226449900004],[4.240999,51.036868999000035],[4.175792,51.101211499000044],[4.307828500000028,51.12503449900004],[4.242049,51.35396699900008],[4.243669500000067,51.37472949900007],[4.279565,51.376017499000056],[4.669544,51.42638399900005],[4.759926,51.50246449900004],[5.10218,51.42900499900003],[5.237716500000033,51.26160049900005],[5.261073500000066,51.14696499900003]]]]}},{"type":"Feature","properties":{"id":"BE22","name":"Prov. Limburg (BE)","country":"BE"},"geometry":{"type":"MultiPolygon","coordinates":[[[[5.687622,50.811923999000044],[5.431686500000069,50.71980299900008],[5.236913,50.727272999000036],[5.103480500000046,50.70906399900008],[5.140618284000027,50.90031542200006],[4.981574500000022,51.03488549900004],[5.261073500000066,51.14696499900003],[5.237716500000033,51.26160049900005],[5.566283500000054,51.22083649900003],[5.798274,51.05985349900004],[5.766125500000044,51.00871549900006],[5.687622,50.811923999000044]]]]}},{"type":"Feature","properties":{"id":"BE23","name":"Prov. Oost-Vlaanderen","country":"BE"},"geometry":{"type":"MultiPolygon","coordinates":[[[[4.242049,51.35396699900008],[4.307828500000028,51.12503449900004],[4.175792,51.101211499000044],[4.240999,51.036868999000035],[4.147153,50.96939849900008],[3.895736500000055,50.73294449900004],[3.815390500000035,50.750724999000056],[3.775676500000031,50.747892499000045],[3.541272500000048,50.733700499000065],[3.460305500000061,50.76589899900006],[3.466746500000056,50.90209649900004],[3.419824,50.91093499900006],[3.331306,51.09887299900004],[3.41093,51.15988899900003],[3.380661,51.27429949900005],[3.856339500000047,51.21105599900005],[3.977666500000055,51.22513199900004],[4.234817500000077,51.348253999000065],[4.242049,51.35396699900008]]]]}},{"type":"Feature","properties":{"id":"BE24","name":"Prov. Vlaams-Brabant","country":"BE"},"geometry":{"type":"MultiPolygon","coordinates":[[[[4.981574500000022,51.03488549900004],[5.140618284000027,50.90031542200006],[5.103480500000046,50.70906399900008],[5.019566500000053,50.750761999000076],[4.597269,50.76353449900006],[4.100483,50.70595549900003],[3.895736500000055,50.73294449900004],[4.147153,50.96939849900008],[4.240999,51.036868999000035],[4.528663,50.99226449900004],[4.789319,51.03892899900006],[4.981574500000022,51.03488549900004]],[[4.232882794000034,50.817707245000065],[4.388720782000064,50.75522158100006],[4.44201451400005,50.90175224800004],[4.288155842000037,50.89422577700003],[4.232882794000034,50.817707245000065]]]]}},{"type":"Feature","properties":{"id":"BE25","name":"Prov. West-Vlaanderen","country":"BE"},"geometry":{"type":"MultiPolygon","coordinates":[[[[3.466746500000056,50.90209649900004],[3.460305500000061,50.76589899900006],[3.245294,50.713009499000066],[3.098481,50.77901899900007],[3.018708500000059,50.773532999000054],[3.014893250000057,50.77357667000007],[2.933340189000035,50.783663759000035],[2.863276,50.70834349900008],[2.607036,50.91268949900007],[2.546011,51.08938199900007],[2.749051500000064,51.16176999900006],[3.110688500000037,51.31225949900005],[3.365787500000067,51.36983549900003],[3.380661,51.27429949900005],[3.41093,51.15988899900003],[3.331306,51.09887299900004],[3.419824,50.91093499900006],[3.466746500000056,50.90209649900004]]]]}},{"type":"Feature","properties":{"id":"ITH4","name":"Friuli-Venezia Giulia","country":"IT"},"geometry":{"type":"MultiPolygon","coordinates":[[[[13.496939,46.05133499900006],[13.597145,45.81952249900007],[13.596243,45.80793749900005],[13.784653225000056,45.74277965500005],[13.903210664000028,45.63576203100007],[13.835956643000031,45.58751506100003],[13.722140357000058,45.59496424900004],[13.579783,45.786951499000054],[13.450255538000022,45.70403216900007],[13.352477088000057,45.73543730800003],[13.098785500000076,45.644532999000035],[12.979058,45.83404899900006],[12.661673,45.792440999000064],[12.400534500000049,46.04199649900005],[12.498703,46.41222249900005],[12.731393,46.63428799900004],[13.504249500000071,46.56630399900007],[13.714185,46.522703499000045],[13.684032,46.43747249900008],[13.511025224000036,46.34837122500005],[13.496939,46.05133499900006]]]]}},{"type":"Feature","properties":{"id":"ITH5","name":"Emilia-Romagna","country":"IT"},"geometry":{"type":"MultiPolygon","coordinates":[[[[10.504344,44.92241799900006],[10.887909500000035,44.914265999000065],[11.246231500000022,44.95142799900003],[11.426765500000045,44.950075999000035],[11.85717350300007,44.973790972000074],[12.399056500000029,44.79261549900008],[12.269892,44.630007499000044],[12.384282,44.22472649900004],[12.450349,44.16218949900008],[12.750684840000076,43.96966888000003],[12.493068692000065,43.90686270000003],[12.470004063000033,43.97302341300008],[12.45035729600005,43.89718562500008],[12.283797500000048,43.764898999000025],[12.107464,43.75375349900003],[11.85717350300007,43.81521438400006],[11.710189,43.87743049900007],[11.715906500000074,44.12254049900008],[11.524959500000023,44.157639999000025],[11.202439500000025,44.10072099900003],[11.049449,44.09022999900003],[10.814787,44.11617449900007],[10.624078,44.12035149900004],[10.470149,44.22604099900008],[10.253875,44.26856699900003],[10.142054500000029,44.353852999000026],[9.914459246000035,44.45374173500005],[9.686725500000023,44.36592199900008],[9.479059500000062,44.40924049900008],[9.493363,44.555858999000066],[9.202995500000043,44.61347649900006],[9.200074,44.68609949900008],[9.548684500000036,45.13264849900003],[9.891101500000048,45.13089799900007],[10.083503,45.04395849900004],[10.464030500000035,44.937171499000044],[10.504344,44.92241799900006]]]]}},{"type":"Feature","properties":{"id":"ITI1","name":"Toscana","country":"IT"},"geometry":{"type":"MultiPolygon","coordinates":[[[[10.814787,44.11617449900007],[11.049449,44.09022999900003],[11.202439500000025,44.10072099900003],[11.524959500000023,44.157639999000025],[11.715906500000074,44.12254049900008],[11.710189,43.87743049900007],[11.85717350300007,43.81521438400006],[12.107464,43.75375349900003],[12.283797500000048,43.764898999000025],[12.213856,43.610824499000046],[11.96126350000003,43.16689049900003],[11.933317,42.86932999900006],[11.89498750000007,42.83465349900007],[11.746037,42.78574249900004],[11.44993850000003,42.37767049900003],[10.705672500000048,42.941864499000076],[10.299847,43.58192899900007],[10.258118,43.815146999000035],[10.143476,43.97542049900005],[10.018769500000076,44.04453599900006],[9.686725500000023,44.36592199900008],[9.914459246000035,44.45374173500005],[10.142054500000029,44.353852999000026],[10.253875,44.26856699900003],[10.470149,44.22604099900008],[10.624078,44.12035149900004],[10.814787,44.11617449900007]]]]}},{"type":"Feature","properties":{"id":"ITI2","name":"Umbria","country":"IT"},"geometry":{"type":"MultiPolygon","coordinates":[[[[12.601428868000028,42.41383827000004],[12.444709,42.39879949900006],[11.89498750000007,42.83465349900007],[11.933317,42.86932999900006],[11.96126350000003,43.16689049900003],[12.213856,43.610824499000046],[12.767457,43.45982999900008],[12.862358,43.21123249900006],[12.949343011000053,42.97921507400008],[13.235287500000027,42.86766299900006],[13.189226,42.733565499000065],[12.896352,42.61641799900008],[12.601428868000028,42.41383827000004]]]]}},{"type":"Feature","properties":{"id":"BE35","name":"Prov. Namur","country":"BE"},"geometry":{"type":"MultiPolygon","coordinates":[[[[5.393235,50.37936399900008],[5.263063500000044,50.10848999900003],[4.969431,49.80182599900007],[4.792791636000061,50.14700057600004],[4.432494,49.94161599900008],[4.397386651000033,50.206263844000034],[4.474987,50.32760999900006],[4.588662500000055,50.321315999000035],[4.577538,50.54228599900006],[4.983341,50.642242499000076],[5.028495,50.58882149900006],[5.221259500000031,50.41729749900003],[5.393235,50.37936399900008]]]]}},{"type":"Feature","properties":{"id":"BG31","name":"Severozapaden","country":"BG"},"geometry":{"type":"MultiPolygon","coordinates":[[[[22.966369,44.098288499000034],[22.997171,43.807867499000054],[23.15540158600004,43.81228186900006],[23.630393,43.79104999900005],[24.112043500000027,43.69994599900008],[24.323522500000024,43.69768599900004],[24.654779500000075,43.72358649900008],[25.296372500000075,43.65541899900006],[25.14043,43.26683049900004],[25.076597,43.17778049900005],[24.95803453900004,43.16367432900006],[24.892203422000023,42.98586526200006],[25.014535,42.748023999000054],[25.014263758000027,42.71580928800006],[24.385927,42.74995349900007],[23.97150350000004,43.06225149900007],[23.412767,43.160521999000025],[23.15540158600004,43.11131256300007],[23.00621,43.192878499000074],[22.747454,43.38661299900008],[22.666975500000035,43.40274749900004],[22.406865148000065,43.75165390700005],[22.536145,44.04551149900004],[22.67516150000006,44.215662999000074],[22.966369,44.098288499000034]]]]}},{"type":"Feature","properties":{"id":"BG32","name":"Severen tsentralen","country":"BG"},"geometry":{"type":"MultiPolygon","coordinates":[[[[27.69541,43.98734299900008],[27.21953650000006,43.66462049900008],[27.001888500000064,43.696867499000064],[26.730439500000045,43.41010349900006],[26.556003420000025,43.345521731000076],[26.188978,43.517393499000036],[26.004585,43.31875449900008],[26.167414500000064,42.95215549900007],[25.837491,42.77722749900005],[25.61496150000005,42.786808499000074],[25.014535,42.748023999000054],[24.892203422000023,42.98586526200006],[24.95803453900004,43.16367432900006],[25.076597,43.17778049900005],[25.14043,43.26683049900004],[25.296372500000075,43.65541899900006],[25.54453950000004,43.64284549900003],[25.672201,43.68814849900008],[26.358182,44.03716049900004],[26.381823,44.03861199900007],[27.271340500000065,44.12633549900005],[27.69541,43.98734299900008]]]]}},{"type":"Feature","properties":{"id":"BG33","name":"Severoiztochen","country":"BG"},"geometry":{"type":"MultiPolygon","coordinates":[[[[28.578884,43.73873899900008],[28.497984577000068,43.43410308800003],[28.060180500000058,43.316444999000055],[27.88262,42.83841349900007],[27.094433500000036,42.953910499000074],[26.58998850000006,42.92011849900007],[26.577725500000042,42.98569699900003],[26.167414500000064,42.95215549900007],[26.004585,43.31875449900008],[26.188978,43.517393499000036],[26.556003420000025,43.345521731000076],[26.730439500000045,43.41010349900006],[27.001888500000064,43.696867499000064],[27.21953650000006,43.66462049900008],[27.69541,43.98734299900008],[28.578884,43.73873899900008]]]]}},{"type":"Feature","properties":{"id":"BG34","name":"Yugoiztochen","country":"BG"},"geometry":{"type":"MultiPolygon","coordinates":[[[[26.577725500000042,42.98569699900003],[26.58998850000006,42.92011849900007],[27.094433500000036,42.953910499000074],[27.88262,42.83841349900007],[27.720450319000065,42.39292650400006],[27.941068272000052,42.10593678300006],[28.03551250000004,41.98307949900004],[27.059650500000032,42.088336999000035],[26.94922850000006,42.00021349900004],[26.561544500000025,41.92627349900005],[26.19273350000003,42.20812999900005],[25.954451582000047,42.080011366000065],[25.343052614000044,42.10593678300006],[25.188333355000054,42.39292650400006],[25.014263758000027,42.71580928800006],[25.014535,42.748023999000054],[25.61496150000005,42.786808499000074],[25.837491,42.77722749900005],[26.167414500000064,42.95215549900007],[26.577725500000042,42.98569699900003]]]]}},{"type":"Feature","properties":{"id":"BG41","name":"Yugozapaden","country":"BG"},"geometry":{"type":"MultiPolygon","coordinates":[[[[23.00621,43.192878499000074],[23.15540158600004,43.11131256300007],[23.412767,43.160521999000025],[23.97150350000004,43.06225149900007],[24.385927,42.74995349900007],[24.421009500000025,42.553063999000074],[24.14810056700003,42.54250373000008],[23.97574832500004,42.39292650400006],[23.77226,42.18118549900004],[23.841762971000037,41.87257929900005],[24.07454750000005,41.67270399900008],[24.059744,41.52211199900006],[23.624223,41.37572749900005],[23.460443663000035,41.40248849300008],[22.927591500000062,41.338539499000035],[22.968327500000044,41.51983549900007],[22.92539639900008,41.73313085400008],[22.867214,42.02219949900007],[22.642500889000075,42.10593678300006],[22.510412,42.15515849900004],[22.36020650000006,42.31115699900005],[22.461472,42.64849049900005],[22.442821500000036,42.82545649900004],[22.51551050000006,42.86853849900007],[22.748399500000062,42.88978749900008],[23.00621,43.192878499000074]]]]}},{"type":"Feature","properties":{"id":"BG42","name":"Yuzhen tsentralen","country":"BG"},"geometry":{"type":"MultiPolygon","coordinates":[[[[25.343052614000044,42.10593678300006],[25.954451582000047,42.080011366000065],[26.19273350000003,42.20812999900005],[26.561544500000025,41.92627349900005],[26.357879,41.711104499000044],[25.948626,41.32034199900005],[25.906437500000038,41.30757499900005],[25.224698500000045,41.264630999000076],[25.17937550000005,41.31018799900005],[24.783956,41.36018899900006],[24.49168271600007,41.54361542600003],[24.059744,41.52211199900006],[24.07454750000005,41.67270399900008],[23.841762971000037,41.87257929900005],[23.77226,42.18118549900004],[23.97574832500004,42.39292650400006],[24.14810056700003,42.54250373000008],[24.421009500000025,42.553063999000074],[24.385927,42.74995349900007],[25.014263758000027,42.71580928800006],[25.188333355000054,42.39292650400006],[25.343052614000044,42.10593678300006]]]]}},{"type":"Feature","properties":{"id":"CH01","name":"Région lémanique","country":"CH"},"geometry":{"type":"MultiPolygon","coordinates":[[[[6.780046,46.85264299900007],[6.937385982000023,46.51821990500008],[7.237020500000028,46.553799999000034],[7.221457,46.32921249900005],[8.410411500000066,46.653020499000036],[8.477673500000037,46.52760249900007],[8.384717,46.45215849900006],[7.87713750000006,45.92695499900003],[7.864076500000067,45.916750499000045],[7.044886,45.92241299900007],[6.821064,46.42715449900004],[6.462968871000044,46.432012333000046],[6.24136,46.343582499000036],[6.177574940000056,46.18160657900006],[5.956067,46.13209549900006],[6.125608,46.31722999900006],[6.064003,46.416228999000055],[6.138106,46.55766699900005],[6.462968871000044,46.851131113000065],[6.780046,46.85264299900007]]],[[[7.039971500000036,46.979880999000045],[7.083309500000041,46.89608899900003],[6.866233500000021,46.90929349900006],[6.895089876000043,46.92491307000006],[6.927902,46.953174499000056],[7.002286500000025,46.98672349900005],[7.039971500000036,46.979880999000045]]]]}},{"type":"Feature","properties":{"id":"CH02","name":"Espace Mittelland","country":"CH"},"geometry":{"type":"MultiPolygon","coordinates":[[[[7.130353,47.503040499000065],[7.380894,47.43189249900007],[7.510905500000035,47.50258249900003],[7.732735286000036,47.38553477200003],[7.956853,47.45520049900006],[7.824728,47.265637499000036],[7.838686,47.234413999000026],[8.049088,46.78800799900006],[8.448959500000058,46.76451699900008],[8.410411500000066,46.653020499000036],[7.221457,46.32921249900005],[7.237020500000028,46.553799999000034],[6.937385982000023,46.51821990500008],[6.780046,46.85264299900007],[6.462968871000044,46.851131113000065],[6.860184,47.16545999900006],[6.858361992000027,47.167234972000074],[6.939186,47.433704499000044],[7.130353,47.503040499000065]],[[6.866233500000021,46.90929349900006],[7.083309500000041,46.89608899900003],[7.039971500000036,46.979880999000045],[7.002286500000025,46.98672349900005],[6.927902,46.953174499000056],[6.895089876000043,46.92491307000006],[6.866233500000021,46.90929349900006]]]]}},{"type":"Feature","properties":{"id":"CH03","name":"Nordwestschweiz","country":"CH"},"geometry":{"type":"MultiPolygon","coordinates":[[[[7.634097,47.561113499000044],[7.713784500000031,47.539404999000055],[7.894107500000075,47.58637499900004],[8.426434500000028,47.56754899900005],[8.410716,47.24803749900008],[8.412129500000049,47.14073749900007],[8.263997075000077,47.25724833700008],[7.838686,47.234413999000026],[7.824728,47.265637499000036],[7.956853,47.45520049900006],[7.732735286000036,47.38553477200003],[7.510905500000035,47.50258249900003],[7.555159500000059,47.56456399900003],[7.589039,47.589877999000066],[7.634097,47.561113499000044]]]]}},{"type":"Feature","properties":{"id":"CH04","name":"Zürich","country":"CH"},"geometry":{"type":"MultiPolygon","coordinates":[[[[8.670461,47.684862499000076],[8.943635500000028,47.375837499000056],[8.807784500000025,47.220559999000045],[8.692483500000037,47.163624999000035],[8.410716,47.24803749900008],[8.426434500000028,47.56754899900005],[8.51487082500006,47.627210295000054],[8.663354,47.68589249900003],[8.670461,47.684862499000076]]]]}},{"type":"Feature","properties":{"id":"PL81","name":"Lubelskie","country":"PL"},"geometry":{"type":"MultiPolygon","coordinates":[[[[24.096009139000046,50.61227767500003],[23.547642,50.25160199900006],[23.15540158600004,50.37632077900008],[22.638222,50.30307749900004],[22.519738,50.58323349900007],[22.246322364000036,50.62704463800003],[22.11193036800006,50.78718221400004],[21.864303500000062,50.80270649900007],[21.802998,51.07207899900004],[21.773884508000037,51.506272556000056],[21.61554250000006,51.61756199900003],[21.985809330000052,51.99142677300006],[22.62290150000007,52.018744499000036],[23.128409,52.28784149900008],[23.178338,52.28314099900007],[23.645522732000074,52.055267049000065],[23.54767705100005,51.69138008600004],[23.617443,51.509536999000034],[23.709221,51.277648499000065],[24.096009139000046,50.61227767500003]]]]}},{"type":"Feature","properties":{"id":"PL82","name":"Podkarpackie","country":"PL"},"geometry":{"type":"MultiPolygon","coordinates":[[[[22.519738,50.58323349900007],[22.638222,50.30307749900004],[23.15540158600004,50.37632077900008],[23.547642,50.25160199900006],[22.686149500000056,49.57316549900003],[22.708766756000045,49.20222834700007],[22.56684,49.088377499000046],[21.39771250000007,49.433793999000045],[21.241772,49.77610449900004],[21.297149500000046,49.84286399900003],[21.158619102000046,50.04112679600007],[21.20883150000003,50.35489749900006],[21.70651569100005,50.62704463800003],[21.864303500000062,50.80270649900007],[22.11193036800006,50.78718221400004],[22.246322364000036,50.62704463800003],[22.519738,50.58323349900007]]]]}},{"type":"Feature","properties":{"id":"PL84","name":"Podlaskie","country":"PL"},"geometry":{"type":"MultiPolygon","coordinates":[[[[23.861594181000044,52.707330987000034],[23.178338,52.28314099900007],[23.128409,52.28784149900008],[22.408589,52.60968999900007],[22.36672968000005,52.81508949700003],[21.638007480000056,53.25501734100004],[21.612953,53.48083349900003],[22.135728,53.54453999900005],[22.60114044100004,53.765405040000076],[22.701606385000048,53.81308192400007],[22.610639422000077,54.183585926000035],[22.792095500000073,54.36335899900007],[23.321498500000075,54.253325999000026],[23.51465,53.956559999000035],[23.588702,53.69592849900005],[23.811610419000033,53.25501734100004],[23.916239,52.90481199900006],[23.861594181000044,52.707330987000034]]]]}},{"type":"Feature","properties":{"id":"PL91","name":"Warszawski stołeczny","country":"PL"},"geometry":{"type":"MultiPolygon","coordinates":[[[[21.908681588000036,52.089943608000056],[21.27580450000005,51.876791999000034],[21.23911,51.901630999000076],[20.586617425000043,52.00176429700008],[20.404814,52.38434249900007],[20.930469500000072,52.558939999000074],[21.121797,52.55358799900006],[21.596811500000058,52.55323149900005],[21.908681588000036,52.089943608000056]]]]}},{"type":"Feature","properties":{"id":"PL92","name":"Mazowiecki regionalny","country":"PL"},"geometry":{"type":"MultiPolygon","coordinates":[[[[22.408589,52.60968999900007],[23.128409,52.28784149900008],[22.62290150000007,52.018744499000036],[21.985809330000052,51.99142677300006],[21.61554250000006,51.61756199900003],[21.773884508000037,51.506272556000056],[21.802998,51.07207899900004],[21.630164500000035,51.06338899900004],[20.432815,51.33940499900007],[20.42489050000006,51.61161949900003],[20.385006,51.64160999900008],[20.52713641200006,51.85487471600004],[20.13647573000003,52.148916041000064],[19.936101,52.29973349900007],[19.289184500000033,52.39271249900003],[19.444664,52.93904249900004],[19.684806,52.96303899900005],[19.761595500000055,53.151796499000056],[20.13647573000003,53.18779222500007],[20.411137,53.21416499900005],[20.675954,53.26952949900004],[21.55169,53.47812799900004],[21.612953,53.48083349900003],[21.638007480000056,53.25501734100004],[22.36672968000005,52.81508949700003],[22.408589,52.60968999900007]],[[21.23911,51.901630999000076],[21.27580450000005,51.876791999000034],[21.908681588000036,52.089943608000056],[21.596811500000058,52.55323149900005],[21.121797,52.55358799900006],[20.930469500000072,52.558939999000074],[20.404814,52.38434249900007],[20.586617425000043,52.00176429700008],[21.23911,51.901630999000076]]]]}},{"type":"Feature","properties":{"id":"PT11","name":"Norte","country":"PT"},"geometry":{"type":"MultiPolygon","coordinates":[[[[-8.199000499999954,42.15441899900003],[-8.165075499999944,41.81830199900003],[-8.05186249999997,41.820613999000045],[-7.200464499999953,41.87974949900007],[-6.985800499999925,41.97144699900008],[-6.637460935999968,41.89837996800003],[-6.300772837999943,41.59238494900006],[-6.479713,41.29437999900006],[-6.689786,41.20524149900007],[-6.929903499999966,41.02946649900008],[-7.311112745999935,40.99486521600005],[-7.454204,40.81260799900008],[-7.915681,41.01997399900006],[-8.089172,40.98755549900005],[-8.273369,40.76317349900006],[-8.653119499999946,40.96477849900003],[-8.776428,41.47197149900006],[-8.81157449999995,41.611567499000046],[-8.863186,41.87206649900003],[-8.199000499999954,42.15441899900003]]]]}},{"type":"Feature","properties":{"id":"PT15","name":"Algarve","country":"PT"},"geometry":{"type":"MultiPolygon","coordinates":[[[[-7.40191649999997,37.17482749900006],[-8.074127630999953,37.05298349200007],[-8.857930923999959,37.14154945200005],[-8.796321499999976,37.44294799900007],[-8.377926499999944,37.427264999000045],[-8.074127630999953,37.324053520000064],[-7.51269149999996,37.526256499000056],[-7.40191649999997,37.17482749900006]]]]}},{"type":"Feature","properties":{"id":"PT16","name":"Centro (PT)","country":"PT"},"geometry":{"type":"MultiPolygon","coordinates":[[[[-6.929903499999966,41.02946649900008],[-6.802239095999937,40.528793036000025],[-6.865144,40.27069449900006],[-6.95129849999995,40.257445999000026],[-7.010638565999955,39.73634547700004],[-7.542929,39.662814999000034],[-7.825104,39.53736499900003],[-7.959928925999975,39.524063040000044],[-8.074127630999953,39.29282392500005],[-8.172599499999933,39.233313499000076],[-8.75938149999996,39.47574149900004],[-8.903421,39.46600749900006],[-8.930277,39.01802499900003],[-9.416455,39.05469699900004],[-9.040260499999931,39.741422999000065],[-8.894933,40.045502999000064],[-8.774888499999975,40.51448649900004],[-8.653119499999946,40.96477849900003],[-8.273369,40.76317349900006],[-8.089172,40.98755549900005],[-7.915681,41.01997399900006],[-7.454204,40.81260799900008],[-7.311112745999935,40.99486521600005],[-6.929903499999966,41.02946649900008]]]]}},{"type":"Feature","properties":{"id":"PT17","name":"Área Metropolitana de Lisboa","country":"PT"},"geometry":{"type":"MultiPolygon","coordinates":[[[[-8.930277,39.01802499900003],[-8.870038326999975,38.79782617400008],[-8.546797499999968,38.76343599900008],[-8.639114,38.54949099900006],[-8.735063,38.51567249900006],[-9.17469608999994,38.46649497900006],[-9.445223491999968,38.76320960100003],[-9.416455,39.05469699900004],[-8.930277,39.01802499900003]]]]}},{"type":"Feature","properties":{"id":"PT18","name":"Alentejo","country":"PT"},"geometry":{"type":"MultiPolygon","coordinates":[[[[-7.231467,39.27843099900008],[-7.020894824999971,39.01271171500008],[-7.203135,38.751017499000056],[-7.275830141999961,38.45387634900004],[-7.107952499999953,38.18812149900003],[-6.931738499999938,38.20837799900005],[-7.445669996999925,37.69404028300005],[-7.51269149999996,37.526256499000056],[-8.074127630999953,37.324053520000064],[-8.377926499999944,37.427264999000045],[-8.796321499999976,37.44294799900007],[-8.792428701999938,37.69404028300005],[-8.735063,38.51567249900006],[-8.639114,38.54949099900006],[-8.546797499999968,38.76343599900008],[-8.870038326999975,38.79782617400008],[-8.930277,39.01802499900003],[-8.903421,39.46600749900006],[-8.75938149999996,39.47574149900004],[-8.172599499999933,39.233313499000076],[-8.074127630999953,39.29282392500005],[-7.959928925999975,39.524063040000044],[-7.825104,39.53736499900003],[-7.542929,39.662814999000034],[-7.231467,39.27843099900008]]]]}},{"type":"Feature","properties":{"id":"EL65","name":"Peloponnisos","country":"EL"},"geometry":{"type":"MultiPolygon","coordinates":[[[[23.179699500000027,37.95158999900008],[23.12003150000004,37.72998499900007],[23.193535731000054,37.591220957000075],[23.416228295000053,37.45576051300003],[22.817127768000034,37.445805894000046],[22.98080250000004,37.04790349900003],[22.973544826000023,36.731207134000044],[22.398742945000038,36.71628424200003],[22.086662385000068,36.92790728600005],[21.813003380000055,36.805564325000034],[21.680233,37.37743399900006],[21.96559250000007,37.483448499000076],[21.88974150000007,37.865894499000035],[22.05505254600007,37.781695279000076],[22.264305,37.83915599900007],[22.37297250000006,38.14222349900007],[23.117532,38.06064599900003],[23.179699500000027,37.95158999900008]]]]}},{"type":"Feature","properties":{"id":"ES11","name":"Galicia","country":"ES"},"geometry":{"type":"MultiPolygon","coordinates":[[[[-6.824167,42.915012499000056],[-7.076834,42.50812399900008],[-6.876735632999953,42.33402618900004],[-6.784308,42.25360849900005],[-6.985800499999925,41.97144699900008],[-7.200464499999953,41.87974949900007],[-8.05186249999997,41.820613999000045],[-8.165075499999944,41.81830199900003],[-8.199000499999954,42.15441899900003],[-8.863186,41.87206649900003],[-8.785963110999944,42.33402618900004],[-8.726749499999926,42.688251499000046],[-8.962065724999945,42.63026505900007],[-9.209262635999949,42.97897168500003],[-9.133560572999954,43.08073981800004],[-8.990482725999925,43.27308286400006],[-8.62889041699998,43.33467722900008],[-8.323930220999955,43.38662476600007],[-7.699736499999972,43.735114999000075],[-7.601385854999933,43.67310873400004],[-7.031837,43.54447149900005],[-7.059957266999959,43.33467722900008],[-6.824167,42.915012499000056]]]]}},{"type":"Feature","properties":{"id":"ES12","name":"Principado de Asturias","country":"ES"},"geometry":{"type":"MultiPolygon","coordinates":[[[[-4.512301,43.393203999000036],[-4.602844256999958,43.33467722900008],[-4.698133205999966,43.27308286400006],[-4.841038499999968,43.180709499000045],[-5.587199437999971,43.08073981800004],[-6.824167,42.915012499000056],[-7.059957266999959,43.33467722900008],[-7.031837,43.54447149900005],[-5.853529024999943,43.61201763200006],[-4.512301,43.393203999000036]]]]}},{"type":"Feature","properties":{"id":"ES13","name":"Cantabria","country":"ES"},"geometry":{"type":"MultiPolygon","coordinates":[[[[-3.153338,43.35322199900003],[-3.175635628999942,43.33467722900008],[-3.417681499999958,43.133369499000025],[-3.642127023999933,43.096799668000074],[-3.99967,42.76893249900007],[-4.737023,43.02092349900005],[-4.841038499999968,43.180709499000045],[-4.698133205999966,43.27308286400006],[-4.602844256999958,43.33467722900008],[-4.512301,43.393203999000036],[-3.373935246999963,43.40818096700008],[-3.153338,43.35322199900003]]]]}},{"type":"Feature","properties":{"id":"ES21","name":"País Vasco","country":"ES"},"geometry":{"type":"MultiPolygon","coordinates":[[[[-2.786280659999932,43.430533223000054],[-2.459229208999943,43.33467722900008],[-2.12295036699993,43.33467722900008],[-1.893272127999978,43.34544761600006],[-1.785978,43.350478999000075],[-1.769396164999932,43.33467722900008],[-1.728903,43.29608899900006],[-1.893272127999978,43.16998712900005],[-2.250807,42.89569099900007],[-2.337108814999965,42.68926112200006],[-2.420719,42.489269499000045],[-2.786280659999932,42.613713835000055],[-2.644819730999927,42.75525027200007],[-3.106176538999932,42.814604264000025],[-3.141396,43.16148349900004],[-3.417681499999958,43.133369499000025],[-3.175635628999942,43.33467722900008],[-3.153338,43.35322199900003],[-2.786280659999932,43.430533223000054]]]]}},{"type":"Feature","properties":{"id":"ES22","name":"Comunidad Foral de Navarra","country":"ES"},"geometry":{"type":"MultiPolygon","coordinates":[[[[-0.724501,42.92015849900008],[-0.816798733999974,42.85854758500005],[-0.901080499999978,42.74269099900005],[-1.517238121999981,42.10446714300008],[-1.847183499999971,42.00798799900008],[-1.893272127999978,42.13370400500003],[-1.959806285999946,42.315189306000036],[-2.165631327999961,42.39292650400006],[-2.420719,42.489269499000045],[-2.337108814999965,42.68926112200006],[-2.250807,42.89569099900007],[-1.893272127999978,43.16998712900005],[-1.728903,43.29608899900006],[-1.438879990999965,43.257941233000054],[-0.724501,42.92015849900008]]]]}},{"type":"Feature","properties":{"id":"ES23","name":"La Rioja","country":"ES"},"geometry":{"type":"MultiPolygon","coordinates":[[[[-2.420719,42.489269499000045],[-2.165631327999961,42.39292650400006],[-1.959806285999946,42.315189306000036],[-1.893272127999978,42.13370400500003],[-1.847183499999971,42.00798799900008],[-1.85653949999994,41.96638849900006],[-2.913637499999936,42.022838499000045],[-3.019294663999972,42.28663010500003],[-2.971951034999961,42.39292650400006],[-2.786280659999932,42.613713835000055],[-2.420719,42.489269499000045]]]]}},{"type":"Feature","properties":{"id":"ES24","name":"Aragón","country":"ES"},"geometry":{"type":"MultiPolygon","coordinates":[[[[0.220409500000073,41.07142999900003],[0.170789500000069,40.73283699900003],[-0.16207245499993,40.74218162500006],[-0.298090035999962,40.528793036000025],[-0.797643,39.88107649900007],[-1.448831499999926,40.145358499000054],[-1.806344,40.39824699900004],[-1.617433499999947,40.943740999000056],[-1.785876667999958,41.02252777800004],[-1.893272127999978,41.072760403000075],[-2.05169,41.146857999000076],[-1.893272127999978,41.812130584000045],[-1.85653949999994,41.96638849900006],[-1.847183499999971,42.00798799900008],[-1.517238121999981,42.10446714300008],[-0.901080499999978,42.74269099900005],[-0.816798733999974,42.85854758500005],[-0.724501,42.92015849900008],[-0.313342,42.849364999000045],[0.477755500000058,42.70001999900006],[0.660127,42.69095249900005],[0.622790384000041,42.39292650400006],[0.335948500000029,41.40743249900004],[0.385724,41.27883949900007],[0.220409500000073,41.07142999900003]]]]}},{"type":"Feature","properties":{"id":"ES30","name":"Comunidad de Madrid","country":"ES"},"geometry":{"type":"MultiPolygon","coordinates":[[[[-3.067689,40.15788499900003],[-3.161419499999965,40.06489699900004],[-3.373935246999963,40.03378186100008],[-3.595750789999954,40.00130510900004],[-4.231024025999943,40.27533793200007],[-4.579076,40.21719599900007],[-4.320957150999959,40.528793036000025],[-4.319344,40.64759949900008],[-3.539573,41.16499349900005],[-3.373935246999963,40.83126327600007],[-3.223812520999957,40.528793036000025],[-3.067689,40.15788499900003]]]]}},{"type":"Feature","properties":{"id":"ES41","name":"Castilla y León","country":"ES"},"geometry":{"type":"MultiPolygon","coordinates":[[[[-4.737023,43.02092349900005],[-3.99967,42.76893249900007],[-3.642127023999933,43.096799668000074],[-3.417681499999958,43.133369499000025],[-3.141396,43.16148349900004],[-3.106176538999932,42.814604264000025],[-2.644819730999927,42.75525027200007],[-2.786280659999932,42.613713835000055],[-2.971951034999961,42.39292650400006],[-3.019294663999972,42.28663010500003],[-2.913637499999936,42.022838499000045],[-1.85653949999994,41.96638849900006],[-1.893272127999978,41.812130584000045],[-2.05169,41.146857999000076],[-2.786280659999932,41.24689842600003],[-3.207373,41.30424499900005],[-3.373935246999963,41.23442548400004],[-3.539573,41.16499349900005],[-4.319344,40.64759949900008],[-4.320957150999959,40.528793036000025],[-4.579076,40.21719599900007],[-5.336016499999971,40.115855999000075],[-5.73760249999998,40.29416299900004],[-6.220957942999974,40.44066182500006],[-6.865144,40.27069449900006],[-6.802239095999937,40.528793036000025],[-6.929903499999966,41.02946649900008],[-6.689786,41.20524149900007],[-6.479713,41.29437999900006],[-6.300772837999943,41.59238494900006],[-6.637460935999968,41.89837996800003],[-6.985800499999925,41.97144699900008],[-6.784308,42.25360849900005],[-6.876735632999953,42.33402618900004],[-7.076834,42.50812399900008],[-6.824167,42.915012499000056],[-5.587199437999971,43.08073981800004],[-4.841038499999968,43.180709499000045],[-4.737023,43.02092349900005]]]]}},{"type":"Feature","properties":{"id":"ES42","name":"Castilla-La Mancha","country":"ES"},"geometry":{"type":"MultiPolygon","coordinates":[[[[-1.448831499999926,40.145358499000054],[-1.240454632999956,39.859555115000035],[-1.505146499999967,39.41801449900004],[-1.234002467999971,39.30073576500007],[-1.200993034999954,39.029227121000076],[-0.928884499999924,38.783839999000065],[-1.02687,38.65550949900006],[-1.337975473999961,38.68321343400004],[-1.544766440999979,38.391778360000046],[-1.785876667999958,38.28110548600006],[-1.893272127999978,38.23180950900007],[-2.341602,38.02601999900003],[-2.551274,38.08411799900006],[-2.527101431999938,38.37090862900004],[-2.762069,38.53277949900007],[-3.373935246999963,38.45742781400003],[-4.268895,38.34721299900008],[-5.046996,38.729133499000056],[-4.780980107999937,39.25762886800004],[-4.940783499999952,39.39516449900003],[-4.952554499999962,39.395038499000066],[-5.343262126999946,39.86880531500003],[-5.336016499999971,40.115855999000075],[-4.579076,40.21719599900007],[-4.231024025999943,40.27533793200007],[-3.595750789999954,40.00130510900004],[-3.373935246999963,40.03378186100008],[-3.161419499999965,40.06489699900004],[-3.067689,40.15788499900003],[-3.223812520999957,40.528793036000025],[-3.373935246999963,40.83126327600007],[-3.539573,41.16499349900005],[-3.373935246999963,41.23442548400004],[-3.207373,41.30424499900005],[-2.786280659999932,41.24689842600003],[-2.05169,41.146857999000076],[-1.893272127999978,41.072760403000075],[-1.785876667999958,41.02252777800004],[-1.617433499999947,40.943740999000056],[-1.806344,40.39824699900004],[-1.448831499999926,40.145358499000054]]]]}},{"type":"Feature","properties":{"id":"ES43","name":"Extremadura","country":"ES"},"geometry":{"type":"MultiPolygon","coordinates":[[[[-5.343262126999946,39.86880531500003],[-4.952554499999962,39.395038499000066],[-4.940783499999952,39.39516449900003],[-4.780980107999937,39.25762886800004],[-5.046996,38.729133499000056],[-5.501717274999976,38.450871204000066],[-5.584845499999972,38.13175199900007],[-6.180307499999969,37.94107799900007],[-6.931738499999938,38.20837799900005],[-7.107952499999953,38.18812149900003],[-7.275830141999961,38.45387634900004],[-7.203135,38.751017499000056],[-7.020894824999971,39.01271171500008],[-7.231467,39.27843099900008],[-7.542929,39.662814999000034],[-7.010638565999955,39.73634547700004],[-6.95129849999995,40.257445999000026],[-6.865144,40.27069449900006],[-6.220957942999974,40.44066182500006],[-5.73760249999998,40.29416299900004],[-5.336016499999971,40.115855999000075],[-5.343262126999946,39.86880531500003]]]]}},{"type":"Feature","properties":{"id":"ES51","name":"Cataluña","country":"ES"},"geometry":{"type":"MultiPolygon","coordinates":[[[[1.442566,42.60366799900004],[1.495604398000069,42.47356773100006],[1.725801,42.50440199900004],[1.731011,42.49240099900004],[3.174804,42.43537499900003],[3.075814301000037,41.949633479000056],[2.778513,41.64880749900004],[1.645323500000075,41.195621499000026],[0.929956010000069,40.97730117800006],[0.745306729000049,40.77499133400005],[0.515238500000066,40.52291849900007],[0.170789500000069,40.73283699900003],[0.220409500000073,41.07142999900003],[0.385724,41.27883949900007],[0.335948500000029,41.40743249900004],[0.622790384000041,42.39292650400006],[0.660127,42.69095249900005],[0.745306729000049,42.74891283900007],[0.858215,42.82574099900006],[1.329800956000042,42.69991677400003],[1.442566,42.60366799900004]]]]}},{"type":"Feature","properties":{"id":"ES52","name":"Comunitat Valenciana","country":"ES"},"geometry":{"type":"MultiPolygon","coordinates":[[[[0.515238500000066,40.52291849900007],[-0.188467,39.72195449900005],[-0.296027788999936,39.37739380800008],[-0.037616,38.88641349900007],[0.144215616000054,38.706098703000066],[-0.431933883999932,38.37806051900003],[-0.762135499999943,37.84700799900003],[-1.039894645999937,38.20230091800005],[-1.02687,38.65550949900006],[-0.928884499999924,38.783839999000065],[-1.200993034999954,39.029227121000076],[-1.234002467999971,39.30073576500007],[-1.505146499999967,39.41801449900004],[-1.240454632999956,39.859555115000035],[-1.448831499999926,40.145358499000054],[-0.797643,39.88107649900007],[-0.298090035999962,40.528793036000025],[-0.16207245499993,40.74218162500006],[0.170789500000069,40.73283699900003],[0.515238500000066,40.52291849900007]]]]}},{"type":"Feature","properties":{"id":"ES53","name":"Illes Balears","country":"ES"},"geometry":{"type":"MultiPolygon","coordinates":[[[[3.027163615000063,39.92856292000005],[3.141349798000022,39.77098049500006],[3.340218028000038,39.78506627100006],[3.446893921000026,39.656558723000046],[3.224491096000065,39.36428422900008],[3.048574662000021,39.27176477100005],[2.790114774000074,39.36747948200008],[2.635417456000027,39.56780912600004],[2.525866436000058,39.46089129200004],[2.409424484000056,39.59095630200005],[2.781592955000065,39.85109522600004],[3.027163615000063,39.92856292000005]]],[[[1.574731469000028,39.04045756100004],[1.384618172000046,38.80218688100007],[1.132750634000047,38.87456719000005],[1.246271599000067,39.07890543700006],[1.574731469000028,39.04045756100004]]],[[[4.391037526000048,39.86172718100005],[4.190661611000053,39.798069001000044],[3.906763520000027,39.99861969700004],[4.158595090000063,40.10707656200003],[4.391037526000048,39.86172718100005]]]]}},{"type":"Feature","properties":{"id":"ES61","name":"Andalucía","country":"ES"},"geometry":{"type":"MultiPolygon","coordinates":[[[[-5.046996,38.729133499000056],[-4.268895,38.34721299900008],[-3.373935246999963,38.45742781400003],[-2.762069,38.53277949900007],[-2.527101431999938,38.37090862900004],[-2.551274,38.08411799900006],[-2.341602,38.02601999900003],[-2.207631499999934,37.91658799900006],[-2.025855693999972,37.85440545200004],[-2.011617378999972,37.69404028300005],[-1.893272127999978,37.59514932400003],[-1.785876667999958,37.50540816400007],[-1.630033,37.37518299900006],[-1.785876667999958,37.18053376900008],[-1.893272127999978,37.04639650200005],[-2.097876002999953,36.790845621000074],[-2.786280659999932,36.76416089700007],[-3.128691,36.75088799900004],[-3.373935246999963,36.74598834200003],[-3.777457499999969,36.737926499000025],[-4.379822459999957,36.69865733000006],[-5.252405,36.31127549900003],[-5.339225,36.15203499900008],[-5.35152249999993,36.15256899900004],[-5.369366684999932,36.15537332700006],[-5.42346491099994,36.16746009800005],[-5.44557175999995,36.07137363800007],[-5.595122019999963,36.01485989200006],[-5.792573302999926,36.08172580100006],[-5.906845720999968,36.17603543100006],[-6.035531916999958,36.19202304700008],[-6.408662540999956,36.67053961400006],[-6.430010601999925,36.73747992400007],[-6.345561,36.798766999000065],[-6.945123199999955,37.159345803000065],[-7.40191649999997,37.17482749900006],[-7.51269149999996,37.526256499000056],[-7.445669996999925,37.69404028300005],[-6.931738499999938,38.20837799900005],[-6.180307499999969,37.94107799900007],[-5.584845499999972,38.13175199900007],[-5.501717274999976,38.450871204000066],[-5.046996,38.729133499000056]]]]}},{"type":"Feature","properties":{"id":"ES62","name":"Región de Murcia","country":"ES"},"geometry":{"type":"MultiPolygon","coordinates":[[[[-1.02687,38.65550949900006],[-1.039894645999937,38.20230091800005],[-0.762135499999943,37.84700799900003],[-1.630033,37.37518299900006],[-1.785876667999958,37.50540816400007],[-1.893272127999978,37.59514932400003],[-2.011617378999972,37.69404028300005],[-2.025855693999972,37.85440545200004],[-2.207631499999934,37.91658799900006],[-2.341602,38.02601999900003],[-1.893272127999978,38.23180950900007],[-1.785876667999958,38.28110548600006],[-1.544766440999979,38.391778360000046],[-1.337975473999961,38.68321343400004],[-1.02687,38.65550949900006]]]]}},{"type":"Feature","properties":{"id":"ES63","name":"Ciudad de Ceuta","country":"ES"},"geometry":{"type":"MultiPolygon","coordinates":[[[[-5.348897416999932,35.90782137900004],[-5.336303568999938,35.89517679000005],[-5.325161550999951,35.899918281000055],[-5.314558487999932,35.88989190700005],[-5.301913040999978,35.893705805000025],[-5.297826258999976,35.900970338000036],[-5.287883316999967,35.90591327300007],[-5.279202745999953,35.899905010000055],[-5.280131362999953,35.895482816000026],[-5.287982190999969,35.89096035000006],[-5.306182553999975,35.88489862700004],[-5.319587742999943,35.88635671700007],[-5.32807405899996,35.87932889600006],[-5.337814623999975,35.87812495800006],[-5.34337063199996,35.87087626600004],[-5.38193549999994,35.913023499000076],[-5.377675090999958,35.915968974000066],[-5.364974637999978,35.91667742800007],[-5.348897416999932,35.90782137900004]]]]}},{"type":"Feature","properties":{"id":"ES64","name":"Ciudad de Melilla","country":"ES"},"geometry":{"type":"MultiPolygon","coordinates":[[[[-2.937043998999968,35.28260840100006],[-2.932300496999972,35.27757106000007],[-2.969832895999957,35.29327423600006],[-2.952486499999964,35.319768999000075],[-2.945857558999933,35.31408960400006],[-2.945698369999945,35.307708895000076],[-2.931993169999942,35.29341300100003],[-2.935947673999976,35.29136544100004],[-2.937043998999968,35.28260840100006]]]]}},{"type":"Feature","properties":{"id":"FI19","name":"Länsi-Suomi","country":"FI"},"geometry":{"type":"MultiPolygon","coordinates":[[[[23.69698950000003,63.38032699900003],[24.359008,63.116434499000036],[25.03632250000004,63.45807799900007],[25.311126888000047,63.58021033800003],[26.138652,63.457591999000044],[26.216342432000033,62.86984287900003],[26.709129500000074,62.45294899900006],[26.301068651000037,62.12587695800005],[26.459079560000077,61.70278170100005],[26.315036,61.608448499000076],[25.842345889000057,61.74085948000004],[24.97047150000003,61.45070549900004],[24.91393350000004,61.32488299900007],[24.357843297000045,61.24252280600007],[23.67822836000005,61.00755978900003],[23.195350500000075,61.00122299900005],[22.968488500000035,61.04325799900005],[22.08611155600005,60.91933409300003],[21.805076695000025,61.03389084600008],[21.420671953000067,61.045492153000055],[21.59369577800004,61.538598842000056],[21.32957,61.95388599900008],[21.115954441000042,62.712726134000036],[21.17993567600007,63.07659754100007],[23.023379354000042,63.850870592000035],[23.50258811200007,63.68411181400006],[23.69698950000003,63.38032699900003]]]]}},{"type":"Feature","properties":{"id":"FI1B","name":"Helsinki-Uusimaa","country":"FI"},"geometry":{"type":"MultiPolygon","coordinates":[[[[26.20835950000003,60.75799249900007],[26.53801601600003,60.59441578800005],[26.453932,60.487652499000035],[23.46992199400006,59.87567657900007],[23.003372958000057,59.88673793400005],[22.989619795000067,60.082590752000044],[23.598147770000026,60.282559441000046],[23.90049250000004,60.64975849900003],[24.671285366000063,60.616922902000056],[25.110966,60.81858449900005],[26.01528036700006,60.71521288400004],[26.20835950000003,60.75799249900007]]]]}},{"type":"Feature","properties":{"id":"FI1C","name":"Etelä-Suomi","country":"FI"},"geometry":{"type":"MultiPolygon","coordinates":[[[[30.143966500000033,61.85223799900007],[27.991279500000076,60.668978999000046],[27.803568,60.54862399900003],[27.45417125700004,60.42360540400006],[26.73042384100006,60.40754979900004],[26.453932,60.487652499000035],[26.53801601600003,60.59441578800005],[26.20835950000003,60.75799249900007],[26.01528036700006,60.71521288400004],[25.110966,60.81858449900005],[24.671285366000063,60.616922902000056],[23.90049250000004,60.64975849900003],[23.598147770000026,60.282559441000046],[22.989619795000067,60.082590752000044],[22.526019990000066,59.95116151000008],[22.214097005000042,60.22348340000008],[21.37269537700007,60.11119632100008],[21.17871604100003,60.78552303300006],[21.420671953000067,61.045492153000055],[21.805076695000025,61.03389084600008],[22.08611155600005,60.91933409300003],[22.968488500000035,61.04325799900005],[23.195350500000075,61.00122299900005],[23.67822836000005,61.00755978900003],[24.357843297000045,61.24252280600007],[24.91393350000004,61.32488299900007],[24.97047150000003,61.45070549900004],[25.842345889000057,61.74085948000004],[26.315036,61.608448499000076],[26.513659500000074,61.274323999000046],[27.205819500000075,61.16246799900006],[29.559279,61.722067999000046],[30.143966500000033,61.85223799900007]]],[[[22.156175102000077,59.79489577500004],[21.943653838000046,59.68855885900007],[21.847044104000076,59.841927257000066],[21.764877659000035,59.97236686700006],[22.074478382000052,60.00043692200006],[22.156175102000077,59.79489577500004]]]]}},{"type":"Feature","properties":{"id":"FI1D","name":"Pohjois- ja Itä-Suomi","country":"FI"},"geometry":{"type":"MultiPolygon","coordinates":[[[[28.896657488000073,69.04263701800005],[28.47817572200006,68.51091885400007],[28.638753154000028,68.23752164400008],[28.896657488000073,68.15151073700008],[29.956007844000055,67.64523340600005],[29.127258355000038,66.99082800100007],[29.46430717900006,66.54915926300004],[29.572938500000078,66.43285599900008],[30.07845142700006,65.77040252100005],[29.754731500000048,65.49736949900006],[29.70090298100007,64.90854483400005],[30.044343112000035,64.73877666600004],[30.05980918100005,64.54695307100008],[30.06863565900005,64.43747943100004],[30.48844286900004,64.15735537300003],[30.280462580000062,63.850870592000035],[29.971917,63.75716549900005],[31.127968588000044,63.25778072800006],[31.521815857000036,62.89422790100008],[31.186292107000043,62.487204887000075],[30.143966500000033,61.85223799900007],[29.559279,61.722067999000046],[27.205819500000075,61.16246799900006],[26.513659500000074,61.274323999000046],[26.315036,61.608448499000076],[26.459079560000077,61.70278170100005],[26.301068651000037,62.12587695800005],[26.709129500000074,62.45294899900006],[26.216342432000033,62.86984287900003],[26.138652,63.457591999000044],[25.311126888000047,63.58021033800003],[25.03632250000004,63.45807799900007],[24.359008,63.116434499000036],[23.69698950000003,63.38032699900003],[23.50258811200007,63.68411181400006],[23.023379354000042,63.850870592000035],[23.617333,64.04877199900005],[24.298167401000057,64.54695307100008],[24.562044797000055,64.77699715700004],[24.541176260000043,65.07916806000003],[24.816265481000073,65.09809557300008],[24.908548849000056,64.86449112500003],[25.260802953000052,64.94323258700007],[25.08460750000006,65.58894949900008],[24.660249185000055,65.66764055300007],[24.155129,65.81602699900003],[23.765562130000035,66.27389239800004],[23.845309275000034,66.83698800200006],[23.40780632600007,68.02300861700007],[20.548636500000043,69.05996849900004],[21.03324826900007,69.23480532600007],[21.310315850000052,69.30653751100004],[21.588840693000066,69.27858431300007],[21.69185318800004,69.23480532600007],[21.983611500000052,69.07289349900003],[23.075685084000042,68.67564241600007],[24.028901794000035,68.78015797500007],[25.01195971900006,68.64287037700007],[25.63800956600005,68.96323131700007],[26.076315848000036,69.72561131500004],[27.747210623000058,70.06018756900005],[29.153650447000075,69.58802403300007],[28.896657488000073,69.04263701800005]]]]}},{"type":"Feature","properties":{"id":"FI20","name":"Åland","country":"FI"},"geometry":{"type":"MultiPolygon","coordinates":[[[[20.550044352000043,60.09613029800005],[20.13647573000003,60.035488343000054],[19.548032742000032,60.22368577300006],[19.63239387400006,60.320015786000056],[20.13647573000003,60.337274412000056],[20.40088986300003,60.31362786400007],[20.550044352000043,60.09613029800005]]],[[[21.10616484600007,60.46518109300007],[21.059481283000025,60.26933112800003],[20.709228550000034,60.29829274100007],[20.879106636000074,60.55943368700008],[21.10616484600007,60.46518109300007]]]]}},{"type":"Feature","properties":{"id":"FR10","name":"Ile-de-France","country":"FR"},"geometry":{"type":"MultiPolygon","coordinates":[[[[1.704359,49.23219699900005],[2.590528500000062,49.07965399900007],[3.07188,49.11755349900005],[3.485183500000062,48.85191049900004],[3.555614,48.62028549900003],[3.414789,48.39026849900006],[2.936316,48.163391499000056],[2.402663,48.32071749900007],[1.99409,48.28658399900007],[1.922146500000053,48.457599499000025],[1.501526500000068,48.94105199900008],[1.608799,49.077893999000025],[1.704359,49.23219699900005]]]]}},{"type":"Feature","properties":{"id":"FRB0","name":"Centre — Val de Loire","country":"FR"},"geometry":{"type":"MultiPolygon","coordinates":[[[[1.922146500000053,48.457599499000025],[1.99409,48.28658399900007],[2.402663,48.32071749900007],[2.936316,48.163391499000056],[3.050178836000043,47.914534220000064],[2.976535500000068,47.569424499000036],[2.874630500000023,47.520424999000056],[3.032063,46.79490949900003],[2.281043500000067,46.42040349900003],[2.167784500000039,46.42406899900004],[1.415185500000064,46.34721499900007],[1.177279,46.38394799900004],[0.867469,46.74821649900008],[0.745306729000049,46.81060350400003],[0.05383,47.163733499000045],[0.230000500000074,47.608397499000034],[0.614432500000021,47.69421549900005],[0.745306729000049,47.930153252000025],[0.841217500000027,48.10305949900004],[0.797658500000068,48.19445499900007],[0.929853047000051,48.46941965800005],[0.814824500000043,48.67016349900007],[0.946309087000031,48.71430731600003],[1.501526500000068,48.94105199900008],[1.922146500000053,48.457599499000025]]]]}},{"type":"Feature","properties":{"id":"FRC1","name":"Bourgogne","country":"FR"},"geometry":{"type":"MultiPolygon","coordinates":[[[[3.919758486000035,47.96471357900003],[4.293421500000022,47.92567349900003],[4.704233,48.02023499900008],[5.37408,47.60453799900006],[5.518537500000036,47.30418399900003],[5.255232500000034,46.97988749900003],[5.310563500000058,46.446769999000026],[4.951602303000072,46.46260342800008],[4.780208500000072,46.176675999000054],[4.584320951000052,46.29645454800004],[4.388074500000073,46.219790499000055],[3.899538500000062,46.275907999000026],[3.924643383000046,46.45962633000005],[3.629422500000032,46.749456499000075],[3.407007876000023,46.76637999600007],[3.032063,46.79490949900003],[2.874630500000023,47.520424999000056],[2.976535500000068,47.569424499000036],[3.050178836000043,47.914534220000064],[2.936316,48.163391499000056],[3.414789,48.39026849900006],[3.563086626000029,48.265293057000065],[3.919758486000035,47.96471357900003]]]]}},{"type":"Feature","properties":{"id":"FRC2","name":"Franche-Comté","country":"FR"},"geometry":{"type":"MultiPolygon","coordinates":[[[[5.884723500000064,47.92604649900005],[6.823533500000053,47.81305099900004],[6.846175500000072,47.82294249900008],[7.130353,47.503040499000065],[6.939186,47.433704499000044],[6.858361992000027,47.167234972000074],[6.860184,47.16545999900006],[6.462968871000044,46.851131113000065],[6.138106,46.55766699900005],[6.064003,46.416228999000055],[5.685138062000021,46.270507906000034],[5.310563500000058,46.446769999000026],[5.255232500000034,46.97988749900003],[5.518537500000036,47.30418399900003],[5.37408,47.60453799900006],[5.884723500000064,47.92604649900005]]]]}},{"type":"Feature","properties":{"id":"FRD1","name":"Basse-Normandie","country":"FR"},"geometry":{"type":"MultiPolygon","coordinates":[[[[-1.410084403999974,49.60937026700003],[-1.119587499999966,49.32226699900008],[0.297221500000035,49.429903499000034],[0.412810500000035,48.950626499000066],[0.745306729000049,48.71866221400006],[0.814824500000043,48.67016349900007],[0.929853047000051,48.46941965800005],[0.797658500000068,48.19445499900007],[0.745306729000049,48.21764871000005],[0.241685795000024,48.44077084000003],[-0.054527,48.38200449900006],[-0.280913799999951,48.530388008000045],[-0.86036,48.50145849900008],[-1.070164499999976,48.50849199900006],[-1.5711,48.62650099900003],[-1.761348991999967,49.51601051100005],[-1.410084403999974,49.60937026700003]]]]}},{"type":"Feature","properties":{"id":"FRD2","name":"Haute-Normandie","country":"FR"},"geometry":{"type":"MultiPolygon","coordinates":[[[[0.946309087000031,48.71430731600003],[0.814824500000043,48.67016349900007],[0.745306729000049,48.71866221400006],[0.412810500000035,48.950626499000066],[0.297221500000035,49.429903499000034],[0.644300500000043,49.44309349900004],[0.691081581000049,49.50731422000007],[0.745306729000049,49.51833522600003],[0.745306729000049,49.52087889300003],[0.745306729000049,49.52342256000003],[0.116714108000053,49.539058012000055],[0.271748979000051,49.730704194000054],[0.745306729000049,49.870850707000045],[1.37964,50.065120499000045],[1.783834,49.75830949900006],[1.71393050000006,49.40922499900006],[1.704359,49.23219699900005],[1.608799,49.077893999000025],[1.501526500000068,48.94105199900008],[0.946309087000031,48.71430731600003]]]]}},{"type":"Feature","properties":{"id":"FRE1","name":"Nord-Pas de Calais","country":"FR"},"geometry":{"type":"MultiPolygon","coordinates":[[[[2.863276,50.70834349900008],[2.870144,50.70289999900007],[2.886391175000028,50.705703569000036],[2.900403,50.69327149900005],[2.909228494000047,50.69446625100005],[2.911644598000066,50.703099605000034],[2.922303,50.70279299900005],[2.930049451000059,50.71166088500007],[2.930551593000075,50.72624624600007],[2.93715,50.73003749900005],[2.944161434000023,50.732037020000064],[2.937994250000031,50.740194227000075],[2.940103,50.74534999900004],[2.95662197200005,50.75293834100006],[2.96415931000007,50.74995773100005],[2.972211145000074,50.75021143500004],[2.983272,50.75717149900004],[3.005893542000024,50.766080343000056],[3.011207669000044,50.770200155000055],[3.014893250000057,50.77357667000007],[3.018708500000059,50.773532999000054],[3.098481,50.77901899900007],[3.245294,50.713009499000066],[3.389730291000035,50.54527837100005],[3.615081500000031,50.490398999000035],[3.65551,50.46173549900004],[3.740666119000025,50.35804457100005],[4.027774500000021,50.35833049900003],[4.140853,49.97875999900003],[3.563086626000029,49.99819136200006],[3.407007876000023,50.00344058200005],[3.172961500000042,50.01131199900004],[3.090252,50.05374049900007],[1.644737,50.35041299900007],[1.578478379000046,50.58945765100003],[1.647184465000066,50.86308939300005],[2.067691500000024,51.00662649900005],[2.546011,51.08938199900007],[2.607036,50.91268949900007],[2.863276,50.70834349900008]]]]}},{"type":"Feature","properties":{"id":"FRE2","name":"Picardie","country":"FR"},"geometry":{"type":"MultiPolygon","coordinates":[[[[3.675521296000056,49.275977830000045],[3.563086626000029,49.02547650400004],[3.485183500000062,48.85191049900004],[3.07188,49.11755349900005],[2.590528500000062,49.07965399900007],[1.704359,49.23219699900005],[1.71393050000006,49.40922499900006],[1.783834,49.75830949900006],[1.37964,50.065120499000045],[1.644737,50.35041299900007],[3.090252,50.05374049900007],[3.172961500000042,50.01131199900004],[3.407007876000023,50.00344058200005],[3.563086626000029,49.99819136200006],[4.140853,49.97875999900003],[4.233133,49.95782849900007],[4.047974500000066,49.40564399900006],[3.675521296000056,49.275977830000045]]]]}},{"type":"Feature","properties":{"id":"FRF1","name":"Alsace","country":"FR"},"geometry":{"type":"MultiPolygon","coordinates":[[[[7.510905500000035,47.50258249900003],[7.380894,47.43189249900007],[7.130353,47.503040499000065],[6.846175500000072,47.82294249900008],[6.926199932000031,47.914534220000064],[7.198287,48.31047149900007],[7.123163500000032,48.51358799900004],[7.079356,48.536418499000035],[7.251775006000059,48.697942107000074],[7.101073992000067,48.95802157400004],[7.635651,49.05395049900005],[7.910654500000021,49.04516349900007],[8.068407500000035,48.99931649900003],[8.232633,48.966571499000054],[7.95963050000006,48.71858099900004],[7.680713,48.25726699900008],[7.577919500000064,48.12139199900008],[7.577291,48.11565499900007],[7.581396899000026,47.914534220000064],[7.545990500000073,47.743573999000034],[7.589039,47.589877999000066],[7.555159500000059,47.56456399900003],[7.510905500000035,47.50258249900003]]]]}},{"type":"Feature","properties":{"id":"FRF2","name":"Champagne-Ardenne","country":"FR"},"geometry":{"type":"MultiPolygon","coordinates":[[[[4.792791636000061,50.14700057600004],[4.969431,49.80182599900007],[5.153738500000031,49.717925999000045],[5.393511,49.61711099900003],[4.950990500000046,49.23686749900003],[4.98843050000005,48.68442199900005],[5.470055,48.420926499000075],[5.884723500000064,47.92604649900005],[5.37408,47.60453799900006],[4.704233,48.02023499900008],[4.293421500000022,47.92567349900003],[3.919758486000035,47.96471357900003],[3.563086626000029,48.265293057000065],[3.414789,48.39026849900006],[3.555614,48.62028549900003],[3.485183500000062,48.85191049900004],[3.563086626000029,49.02547650400004],[3.675521296000056,49.275977830000045],[4.047974500000066,49.40564399900006],[4.233133,49.95782849900007],[4.432494,49.94161599900008],[4.792791636000061,50.14700057600004]]]]}},{"type":"Feature","properties":{"id":"FRF3","name":"Lorraine","country":"FR"},"geometry":{"type":"MultiPolygon","coordinates":[[[[5.393511,49.61711099900003],[5.470883,49.49723799900005],[5.734556,49.545690499000045],[5.818117,49.54631049900007],[5.893386,49.49694449900005],[6.367107500000031,49.46950699900003],[6.556986,49.419208499000035],[6.723465500000032,49.21882899900004],[7.101069,49.15599799900008],[7.264279993000059,49.133797568000034],[7.36875550000002,49.16145799900005],[7.635651,49.05395049900005],[7.101073992000067,48.95802157400004],[7.251775006000059,48.697942107000074],[7.079356,48.536418499000035],[7.123163500000032,48.51358799900004],[7.198287,48.31047149900007],[6.926199932000031,47.914534220000064],[6.846175500000072,47.82294249900008],[6.823533500000053,47.81305099900004],[5.884723500000064,47.92604649900005],[5.470055,48.420926499000075],[4.98843050000005,48.68442199900005],[4.950990500000046,49.23686749900003],[5.393511,49.61711099900003]]]]}},{"type":"Feature","properties":{"id":"UKK2","name":"Dorset and Somerset","country":"UK"},"geometry":{"type":"MultiPolygon","coordinates":[[[[-2.289077,51.32527549900004],[-2.325841499999967,51.07967749900007],[-1.956807,50.98982999900005],[-1.692049499999939,50.73662549900007],[-1.74072549999994,50.721538499000076],[-1.785876667999958,50.72033264800007],[-1.893272127999978,50.71746444000007],[-1.964210432999948,50.715569893000065],[-2.786280659999932,50.71785791000008],[-2.947815,50.71830749900005],[-2.954316,50.82117449900005],[-3.373935246999963,51.00932809600005],[-3.634974458999977,51.075555301000065],[-3.720778499999938,51.23309349900006],[-3.373935246999963,51.208334136000076],[-3.236741079999945,51.19854054700005],[-2.992948,51.32031999900005],[-2.786280659999932,51.32177501000007],[-2.289077,51.32527549900004]]]]}},{"type":"Feature","properties":{"id":"UKK3","name":"Cornwall and Isles of Scilly","country":"UK"},"geometry":{"type":"MultiPolygon","coordinates":[[[[-4.218628499999966,50.47520449900003],[-5.134254534999968,50.06244357000003],[-5.456878299999971,50.143135709000035],[-4.545959499999981,50.92835249900003],[-4.218628499999966,50.47520449900003]]]]}},{"type":"Feature","properties":{"id":"UKK4","name":"Devon","country":"UK"},"geometry":{"type":"MultiPolygon","coordinates":[[[[-3.56031687199993,50.38557360800007],[-3.785278328999937,50.258000957000036],[-4.069258291999972,50.354061612000066],[-4.162205211999947,50.37621938400008],[-4.157572439999967,50.43290643900008],[-4.218628499999966,50.47520449900003],[-4.545959499999981,50.92835249900003],[-3.720778499999938,51.23309349900006],[-3.634974458999977,51.075555301000065],[-3.373935246999963,51.00932809600005],[-2.954316,50.82117449900005],[-2.947815,50.71830749900005],[-3.373935246999963,50.61499787100007],[-3.509030499999938,50.51651399900004],[-3.495252166999933,50.432374621000065],[-3.56031687199993,50.38557360800007]]]]}},{"type":"Feature","properties":{"id":"UKL1","name":"West Wales and The Valleys","country":"UK"},"geometry":{"type":"MultiPolygon","coordinates":[[[[-3.80665,51.78792949900003],[-3.591288499999962,51.75461949900006],[-3.334463,51.79040899900008],[-3.157343499999968,51.81605899900006],[-3.019356897999955,51.64120475100003],[-3.118871499999955,51.54570749900006],[-3.237515,51.55262749900004],[-3.373935246999963,51.53164852700007],[-3.497506499999929,51.51264549900003],[-3.637855499999944,51.46984099900004],[-3.88623,51.61738599900008],[-4.05255,51.70328149900007],[-4.971376663999933,51.63582672800004],[-5.201029172999938,51.797316038000076],[-3.931013499999949,52.553611999000054],[-4.364353853999944,52.983518192000076],[-4.007376,53.24692899900003],[-3.373935246999963,53.339181851000035],[-3.259859965999965,53.09285623200003],[-3.375009499999976,52.89247499900006],[-3.48307,52.86553949900008],[-3.926611,52.56078349900008],[-3.71627061199996,52.34188983300004],[-3.80665,51.78792949900003]]],[[[-4.150563791999957,53.244955907000076],[-4.354235001999939,53.102135403000034],[-4.622793801999933,53.339750335000076],[-4.279788885999949,53.437856999000076],[-4.150563791999957,53.244955907000076]]]]}},{"type":"Feature","properties":{"id":"FRI1","name":"Aquitaine","country":"FR"},"geometry":{"type":"MultiPolygon","coordinates":[[[[1.239871897000057,45.26707165000005],[1.44826,45.019313999000076],[1.075142,44.57732549900004],[1.064081500000043,44.37850849900008],[0.745306729000049,44.068526348000034],[0.741885,44.065198999000074],[0.076043500000026,43.98313849900006],[-0.19421545199998,43.86037091000003],[-0.242833,43.58497899900004],[-0.096788,43.58240499900006],[-0.131090704999963,43.33467722900008],[-0.313342,42.849364999000045],[-0.724501,42.92015849900008],[-1.438879990999965,43.257941233000054],[-1.728903,43.29608899900006],[-1.769396164999932,43.33467722900008],[-1.785978,43.350478999000075],[-1.524757499999964,43.52959499900004],[-1.254086,44.46763849900003],[-1.139331532999961,45.41314198900005],[-0.714825499999961,45.328369999000074],[-0.040197499999977,45.10237999900005],[0.004336,45.19162799900005],[0.629741,45.71456999900005],[0.745306729000049,45.677436295000064],[0.946309087000031,45.61285000100003],[1.253154500000051,45.44421999900004],[1.239871897000057,45.26707165000005]]]]}},{"type":"Feature","properties":{"id":"FRI2","name":"Limousin","country":"FR"},"geometry":{"type":"MultiPolygon","coordinates":[[[[2.281043500000067,46.42040349900003],[2.565372500000024,46.14303599900006],[2.492129500000033,45.73766999900005],[2.50841250000002,45.47850149900006],[2.246562069000049,45.26707165000005],[2.062908,44.97650449900004],[1.44826,45.019313999000076],[1.239871897000057,45.26707165000005],[1.253154500000051,45.44421999900004],[0.946309087000031,45.61285000100003],[0.745306729000049,45.677436295000064],[0.629741,45.71456999900005],[0.745306729000049,45.81345500500004],[0.824277708000068,45.881027337000035],[0.823432500000024,46.128584499000056],[1.177279,46.38394799900004],[1.415185500000064,46.34721499900007],[2.167784500000039,46.42406899900004],[2.281043500000067,46.42040349900003]]]]}},{"type":"Feature","properties":{"id":"FRI3","name":"Poitou-Charentes","country":"FR"},"geometry":{"type":"MultiPolygon","coordinates":[[[[1.177279,46.38394799900004],[0.823432500000024,46.128584499000056],[0.824277708000068,45.881027337000035],[0.745306729000049,45.81345500500004],[0.629741,45.71456999900005],[0.004336,45.19162799900005],[-0.040197499999977,45.10237999900005],[-0.714825499999961,45.328369999000074],[-1.143827026999929,45.79546971800005],[-1.16251516799997,46.32417761500005],[-0.750471499999946,46.30425449900008],[-0.644418658999939,46.61529404200007],[-0.891964,46.975820499000065],[-0.102116,47.06479999900006],[0.05383,47.163733499000045],[0.745306729000049,46.81060350400003],[0.867469,46.74821649900008],[1.177279,46.38394799900004]]]]}},{"type":"Feature","properties":{"id":"FRJ1","name":"Languedoc-Roussillon","country":"FR"},"geometry":{"type":"MultiPolygon","coordinates":[[[[4.739059500000053,43.92406199900006],[4.230280500000049,43.46018349900004],[4.101083500000072,43.55470549900008],[3.563086626000029,43.34100026900006],[3.407007876000023,43.279002055000035],[3.240516,43.212867499000026],[3.04340650000006,42.83817249900005],[3.052319864000026,42.68926112200006],[3.174804,42.43537499900003],[1.731011,42.49240099900004],[1.725801,42.50440199900004],[1.786098500000037,42.573657999000034],[2.166049,42.663917499000036],[1.688423500000056,43.273554499000056],[2.029134,43.43689549900006],[2.565782500000068,43.42295799900006],[2.935457,43.694664999000054],[3.358362,43.91382949900003],[3.373648,44.17075949900004],[2.981675500000051,44.64467299900008],[3.361347500000022,44.971407999000064],[3.862531,44.743865999000036],[3.998161500000037,44.459798499000044],[4.649227500000052,44.27035999900005],[4.739059500000053,43.92406199900006]]]]}},{"type":"Feature","properties":{"id":"FRJ2","name":"Midi-Pyrénées","country":"FR"},"geometry":{"type":"MultiPolygon","coordinates":[[[[2.062908,44.97650449900004],[2.207473,44.61552899900005],[2.729715343000066,44.87516835100007],[2.981675500000051,44.64467299900008],[3.373648,44.17075949900004],[3.358362,43.91382949900003],[2.935457,43.694664999000054],[2.565782500000068,43.42295799900006],[2.029134,43.43689549900006],[1.688423500000056,43.273554499000056],[2.166049,42.663917499000036],[1.786098500000037,42.573657999000034],[1.442566,42.60366799900004],[1.329800956000042,42.69991677400003],[0.858215,42.82574099900006],[0.745306729000049,42.74891283900007],[0.660127,42.69095249900005],[0.477755500000058,42.70001999900006],[-0.313342,42.849364999000045],[-0.131090704999963,43.33467722900008],[-0.096788,43.58240499900006],[-0.242833,43.58497899900004],[-0.19421545199998,43.86037091000003],[0.076043500000026,43.98313849900006],[0.741885,44.065198999000074],[0.745306729000049,44.068526348000034],[1.064081500000043,44.37850849900008],[1.075142,44.57732549900004],[1.44826,45.019313999000076],[2.062908,44.97650449900004]]]]}},{"type":"Feature","properties":{"id":"FRK1","name":"Auvergne","country":"FR"},"geometry":{"type":"MultiPolygon","coordinates":[[[[4.483132,45.23644549900007],[3.862531,44.743865999000036],[3.361347500000022,44.971407999000064],[2.981675500000051,44.64467299900008],[2.729715343000066,44.87516835100007],[2.207473,44.61552899900005],[2.062908,44.97650449900004],[2.246562069000049,45.26707165000005],[2.50841250000002,45.47850149900006],[2.492129500000033,45.73766999900005],[2.565372500000024,46.14303599900006],[2.281043500000067,46.42040349900003],[3.032063,46.79490949900003],[3.407007876000023,46.76637999600007],[3.629422500000032,46.749456499000075],[3.924643383000046,46.45962633000005],[3.899538500000062,46.275907999000026],[3.694015,45.930727999000055],[3.89740850000004,45.357079999000064],[4.483132,45.23644549900007]]]]}},{"type":"Feature","properties":{"id":"FRK2","name":"Rhône-Alpes","country":"FR"},"geometry":{"type":"MultiPolygon","coordinates":[[[[5.310563500000058,46.446769999000026],[5.685138062000021,46.270507906000034],[6.064003,46.416228999000055],[6.125608,46.31722999900006],[5.956067,46.13209549900006],[6.177574940000056,46.18160657900006],[6.24136,46.343582499000036],[6.462968871000044,46.432012333000046],[6.821064,46.42715449900004],[7.044886,45.92241299900007],[6.802368500000057,45.77856199900003],[7.104723,45.468454499000075],[7.131083476000072,45.26707165000005],[6.630051,45.109856499000045],[6.462968871000044,45.05367942400005],[6.26057,45.12684399900007],[6.249749870000073,44.89713805400004],[5.80147,44.706777499000054],[5.521708010000054,44.45812067500003],[5.676036,44.19142849900004],[5.498786500000051,44.11571649900003],[4.988863686000059,44.369615417000034],[4.650611,44.32980299900004],[4.649227500000052,44.27035999900005],[3.998161500000037,44.459798499000044],[3.862531,44.743865999000036],[4.483132,45.23644549900007],[3.89740850000004,45.357079999000064],[3.694015,45.930727999000055],[3.899538500000062,46.275907999000026],[4.388074500000073,46.219790499000055],[4.584320951000052,46.29645454800004],[4.780208500000072,46.176675999000054],[4.951602303000072,46.46260342800008],[5.310563500000058,46.446769999000026]]]]}},{"type":"Feature","properties":{"id":"FRL0","name":"Provence-Alpes-Côte d’Azur","country":"FR"},"geometry":{"type":"MultiPolygon","coordinates":[[[[6.26057,45.12684399900007],[6.462968871000044,45.05367942400005],[6.630051,45.109856499000045],[7.065755,44.713464499000054],[6.948443,44.654741999000066],[6.887428,44.36128699900007],[7.714236500000027,44.06151349900006],[7.529827,43.78400799900004],[7.439249,43.74901949900004],[7.437358,43.75163249900004],[7.412929674000054,43.732782273000055],[7.410282962000053,43.72934965800005],[7.414657701000067,43.72657069300004],[6.931325500000071,43.48025799900006],[6.462968871000044,43.156684057000064],[5.671879500000045,43.179268999000044],[4.230280500000049,43.46018349900004],[4.739059500000053,43.92406199900006],[4.649227500000052,44.27035999900005],[4.650611,44.32980299900004],[4.988863686000059,44.369615417000034],[5.498786500000051,44.11571649900003],[5.676036,44.19142849900004],[5.521708010000054,44.45812067500003],[5.80147,44.706777499000054],[6.249749870000073,44.89713805400004],[6.26057,45.12684399900007]]]]}},{"type":"Feature","properties":{"id":"FRM0","name":"Corse","country":"FR"},"geometry":{"type":"MultiPolygon","coordinates":[[[[9.34966924500003,41.73313085400008],[9.241020637000076,41.47347595700006],[8.987180871000021,41.513647639000055],[8.893410673000062,41.73313085400008],[8.734136143000057,42.10593678300006],[8.61996431700004,42.37317306800003],[9.411850805000029,42.797035306000055],[9.402197500000057,41.85866599900004],[9.34966924500003,41.73313085400008]]]]}},{"type":"Feature","properties":{"id":"HR03","name":"Jadranska Hrvatska","country":"HR"},"geometry":{"type":"MultiPolygon","coordinates":[[[[14.570012500000075,45.67294449900004],[15.226437500000031,45.42708799900004],[15.016629500000022,45.123034999000026],[15.736722,44.93563099900007],[16.132175,44.454533999000034],[16.172449047000043,44.20921792000007],[16.438383613000042,44.042466277000074],[16.544348,43.97417849900006],[17.45084550000007,43.17686849900008],[18.153923263000024,42.68926112200006],[18.438104,42.555704999000056],[18.525213,42.42046299900005],[17.936362716000076,42.68776071000008],[17.64915650000006,42.88892349900004],[17.581335,42.93842299900007],[17.35605350000003,43.08416099900006],[16.938919756000075,43.333422391000056],[16.016526,43.50190999900008],[15.53919271600006,43.85784638000007],[15.324405303000049,43.94734322900007],[15.324405303000049,43.913561849000075],[15.324405303000049,43.90942100900003],[15.324405303000049,43.87622356400004],[15.324405303000049,43.87201059100005],[15.324405303000049,43.86651550600004],[15.324405303000049,43.84879667300004],[15.324405303000049,43.81848959100006],[15.324405303000049,43.79126976800006],[15.222384558000044,43.87138152000006],[15.038770438000029,44.13567205100003],[15.27862428700007,44.36606234200008],[14.953977919000067,44.54950237700007],[14.902514241000063,44.690154445000076],[14.881276,45.03114699900004],[14.526115048000065,44.92654015000005],[14.226404,45.15378049900005],[13.845343886000023,44.888340079000045],[13.542985952000038,45.34049466700003],[13.651296,45.45405499900005],[14.111284500000068,45.482335499000044],[14.118196500000067,45.48123899900003],[14.390910012000063,45.503422053000065],[14.570012500000075,45.67294449900004]]],[[[15.88543372600003,42.96766863700003],[15.658199338000031,42.908042256000044],[15.456493690000059,42.992020610000054],[15.55227870400006,43.05116695100003],[15.874764442000071,43.14998150200006],[16.023566353000035,43.099935576000064],[15.88543372600003,42.96766863700003]]],[[[16.630787632000022,42.29349502900004],[16.33049711900003,42.27159992800006],[16.123312227000042,42.39385833700004],[16.257483060000027,42.49146069300008],[16.512489664000043,42.46608225500006],[16.630787632000022,42.29349502900004]]],[[[17.329428278000023,42.967203710000035],[17.281339624000054,42.85793547800006],[16.981831414000055,42.86449649300005],[16.924776060000056,42.95631496300007],[17.034399477000022,43.08436708000005],[17.214540483000064,43.09354507300003],[17.329428278000023,42.967203710000035]]]]}},{"type":"Feature","properties":{"id":"HR02","name":"Panonska Hrvatska","country":"HR"},"geometry":{"type":"MultiPolygon","coordinates":[[[[17.294325,45.98854449900006],[17.443305887000065,45.94959190700007],[17.651499,45.84783549900004],[17.912089500000036,45.79078049900005],[18.821306,45.914382999000054],[18.889734,45.92118049900006],[19.033942,45.48682149900003],[19.005262,45.434630499000036],[19.07709045400003,45.34049466700003],[19.425167500000043,45.167692499000054],[19.137281039000072,45.11871904100008],[19.022069500000043,44.855353999000044],[18.83366219000004,44.87012004500008],[18.740760523000063,45.02065020900005],[18.529673,45.08750899900008],[18.018983909000042,45.12936343800004],[17.833910527000057,45.06152968400005],[17.443305887000065,45.15970145000006],[17.141193,45.16328799900003],[16.253725941000027,45.06755523700008],[15.840023,45.22447199900006],[15.736722,44.93563099900007],[15.016629500000022,45.123034999000026],[15.226437500000031,45.42708799900004],[15.331290500000023,45.76285499900007],[15.922112,45.47858749900007],[16.609920500000044,45.67035599900004],[16.702198,45.92312099900005],[16.82156999500006,46.04784968300004],[17.122053,45.88336399900004],[17.294325,45.98854449900006]]]]}},{"type":"Feature","properties":{"id":"HU11","name":"Budapest","country":"HU"},"geometry":{"type":"MultiPolygon","coordinates":[[[[18.905846290000056,47.52809563500006],[19.099462637000045,47.63000514600003],[19.29430595300005,47.45424800300003],[19.146310061000065,47.33232078300006],[18.945203691000074,47.35850228600003],[18.905846290000056,47.52809563500006]]]]}},{"type":"Feature","properties":{"id":"HU12","name":"Pest","country":"HU"},"geometry":{"type":"MultiPolygon","coordinates":[[[[19.570937,47.73489949900005],[19.666329500000074,47.58854949900007],[20.094687,47.00740749900007],[18.96590750000007,47.02896449900004],[18.68843350000003,47.577067499000066],[18.848478,47.818227999000044],[18.760178861000043,47.914534220000064],[18.928392,48.05683249900005],[19.049049470000057,47.90002609100003],[19.570937,47.73489949900005]],[[18.905846290000056,47.52809563500006],[18.945203691000074,47.35850228600003],[19.146310061000065,47.33232078300006],[19.29430595300005,47.45424800300003],[19.099462637000045,47.63000514600003],[18.905846290000056,47.52809563500006]]]]}},{"type":"Feature","properties":{"id":"HU21","name":"Közép-Dunántúl","country":"HU"},"geometry":{"type":"MultiPolygon","coordinates":[[[[18.68843350000003,47.577067499000066],[18.96590750000007,47.02896449900004],[18.925097,46.85716849900007],[18.210897500000044,46.77816099900008],[18.20524850000004,46.971632499000066],[17.41906750000004,46.75065649900006],[17.074528500000042,47.04871349900003],[17.172392,47.432483999000056],[17.443305887000065,47.45069594800003],[17.883888,47.389586499000075],[17.893923,47.739456999000026],[18.848478,47.818227999000044],[18.68843350000003,47.577067499000066]]]]}},{"type":"Feature","properties":{"id":"HU22","name":"Nyugat-Dunántúl","country":"HU"},"geometry":{"type":"MultiPolygon","coordinates":[[[[17.893923,47.739456999000026],[17.883888,47.389586499000075],[17.443305887000065,47.45069594800003],[17.172392,47.432483999000056],[17.074528500000042,47.04871349900003],[17.41906750000004,46.75065649900006],[16.876043500000037,46.320602499000074],[16.854755,46.35044099900006],[16.596805,46.47590249900003],[16.370793500000048,46.72224349900006],[16.113849,46.86906799900004],[16.459442042000035,47.04411389400008],[16.43376150000006,47.352918499000054],[16.64622,47.446596999000064],[16.421542500000044,47.665297999000074],[16.99140403000007,47.720036450000066],[17.160797500000058,48.00665649900003],[17.24742750000007,48.012008999000045],[17.705436500000076,47.758992499000044],[17.893923,47.739456999000026]]]]}},{"type":"Feature","properties":{"id":"HU23","name":"Dél-Dunántúl","country":"HU"},"geometry":{"type":"MultiPolygon","coordinates":[[[[18.20524850000004,46.971632499000066],[18.210897500000044,46.77816099900008],[18.925097,46.85716849900007],[18.802291,46.10876499900007],[18.821306,45.914382999000054],[17.912089500000036,45.79078049900005],[17.651499,45.84783549900004],[17.443305887000065,45.94959190700007],[17.294325,45.98854449900006],[16.876043500000037,46.320602499000074],[17.41906750000004,46.75065649900006],[18.20524850000004,46.971632499000066]]]]}},{"type":"Feature","properties":{"id":"HU31","name":"Észak-Magyarország","country":"HU"},"geometry":{"type":"MultiPolygon","coordinates":[[[[20.77169850000007,47.654475999000056],[20.438383393000038,47.47495895000003],[20.13647573000003,47.60537845500005],[20.028899097000078,47.639798075000044],[19.666329500000074,47.58854949900007],[19.570937,47.73489949900005],[19.049049470000057,47.90002609100003],[18.928392,48.05683249900005],[19.01432250000005,48.077736499000025],[20.051879,48.167703999000025],[20.463937,48.463966999000036],[21.410606333000032,48.54970043600008],[22.12107750000007,48.37831149900006],[21.122181,47.96182699900004],[20.827972,47.65901749900007],[20.77169850000007,47.654475999000056]]]]}},{"type":"Feature","properties":{"id":"HU32","name":"Észak-Alföld","country":"HU"},"geometry":{"type":"MultiPolygon","coordinates":[[[[22.12832,47.598089499000025],[21.658955,47.02213149900007],[21.369282858000076,46.987419326000065],[20.992097500000057,47.23228749900005],[20.424265500000047,46.80347049900007],[20.061162500000023,46.80639049900003],[20.094687,47.00740749900007],[19.666329500000074,47.58854949900007],[20.028899097000078,47.639798075000044],[20.13647573000003,47.60537845500005],[20.438383393000038,47.47495895000003],[20.77169850000007,47.654475999000056],[20.827972,47.65901749900007],[21.122181,47.96182699900004],[22.12107750000007,48.37831149900006],[22.155306,48.40339649900005],[22.89627050000007,47.954120499000055],[22.180837500000052,47.60009449900008],[22.12832,47.598089499000025]]]]}},{"type":"Feature","properties":{"id":"HU33","name":"Dél-Alföld","country":"HU"},"geometry":{"type":"MultiPolygon","coordinates":[[[[20.992097500000057,47.23228749900005],[21.369282858000076,46.987419326000065],[21.658955,47.02213149900007],[21.441398,46.651466999000036],[21.14747118200006,46.33588539600004],[20.7756,46.27590999900008],[20.70530350000007,46.160937499000056],[20.264296,46.12637349900007],[20.13647573000003,46.13405125100007],[19.86539,46.15033449900005],[19.698099,46.18793099900006],[19.30270950000005,45.99155049900003],[18.889734,45.92118049900006],[18.821306,45.914382999000054],[18.802291,46.10876499900007],[18.925097,46.85716849900007],[18.96590750000007,47.02896449900004],[20.094687,47.00740749900007],[20.061162500000023,46.80639049900003],[20.424265500000047,46.80347049900007],[20.992097500000057,47.23228749900005]]]]}},{"type":"Feature","properties":{"id":"IE04","name":"Northern and Western","country":"IE"},"geometry":{"type":"MultiPolygon","coordinates":[[[[-7.841137676999949,54.334889211000075],[-7.42910780099993,54.18289061100006],[-7.18851049999995,54.33768099900004],[-6.864229499999965,54.33016549900003],[-6.643909,54.18001949900008],[-6.594991,54.044673999000054],[-7.343828499999972,53.79906249900006],[-7.601385854999933,53.931447311000056],[-7.918767,53.82148599900006],[-8.081456499999945,53.16688449900005],[-8.41472338799997,53.007764286000054],[-9.009308499999975,53.140817499000036],[-9.873386847999939,53.33292946500006],[-10.157242613999927,53.575088547000064],[-10.036813300999938,53.77827293400003],[-10.169734364999954,54.01522399800007],[-9.907282222999982,54.26431928400007],[-9.132258499999978,54.162360499000044],[-8.400369373999979,54.47972078500004],[-8.642284280999945,54.682402023000066],[-8.251290518999951,55.13174212900003],[-7.313814863999937,55.311004257000036],[-7.256068499999969,55.06703499900004],[-7.655125649999945,54.772940067000036],[-7.570156014999952,54.64264636900003],[-7.841137676999949,54.334889211000075]]]]}},{"type":"Feature","properties":{"id":"IE05","name":"Southern","country":"IE"},"geometry":{"type":"MultiPolygon","coordinates":[[[[-8.081456499999945,53.16688449900005],[-7.674081,52.78129399900007],[-6.939413,52.88005449900004],[-6.144516499999952,52.73769649900004],[-6.48423792899996,52.22184711300008],[-7.842156,51.954218499000035],[-9.611633777999941,51.509566336000034],[-10.219265353999958,51.76774707700008],[-10.149746436999976,52.247651907000034],[-9.375538042999949,52.58776593300007],[-9.404355067999973,52.96867051500004],[-9.009308499999975,53.140817499000036],[-8.41472338799997,53.007764286000054],[-8.081456499999945,53.16688449900005]]]]}},{"type":"Feature","properties":{"id":"IE06","name":"Eastern and Midland","country":"IE"},"geometry":{"type":"MultiPolygon","coordinates":[[[[-6.268015499999933,54.102336999000045],[-6.214899499999945,53.633406999000044],[-6.084344380999937,53.48417601700004],[-6.102773,53.21077299900003],[-6.144516499999952,52.73769649900004],[-6.939413,52.88005449900004],[-7.674081,52.78129399900007],[-8.081456499999945,53.16688449900005],[-7.918767,53.82148599900006],[-7.601385854999933,53.931447311000056],[-7.343828499999972,53.79906249900006],[-6.594991,54.044673999000054],[-6.268015499999933,54.102336999000045]]]]}},{"type":"Feature","properties":{"id":"DK03","name":"Syddanmark","country":"DK"},"geometry":{"type":"MultiPolygon","coordinates":[[[[9.422194997000076,54.83203333800003],[9.273634572000049,54.81168988700006],[9.113097,54.873601499000074],[8.889034335000076,54.89148322800003],[8.635926,54.91168299900005],[8.189706003000026,55.562912710000035],[8.183677060000036,55.82234364700008],[8.889034335000076,55.88222224400005],[9.387011500000028,55.92414799900007],[9.505113488000063,55.82234364700008],[9.672057,55.712056999000026],[9.838410513000042,54.99900425700008],[9.622945593000054,54.88181271900004],[9.422194997000076,54.83203333800003]]],[[[10.88365095100005,55.03719244800004],[10.803704792000076,54.87435113300006],[10.428223354000068,54.883470689000035],[10.307151281000074,54.883470689000035],[9.765642713000034,55.36898569400006],[10.045490273000041,55.56881367400007],[10.69475562100007,55.543784205000065],[10.88365095100005,55.03719244800004]]]]}},{"type":"Feature","properties":{"id":"DK04","name":"Midtjylland","country":"DK"},"geometry":{"type":"MultiPolygon","coordinates":[[[[9.304829828000038,56.69295221300007],[9.795824,56.56160999900004],[10.198995100000047,56.68363098800006],[10.818208225000035,56.48960056900006],[10.850856639000028,56.322794110000075],[9.945743759000038,55.730493410000065],[9.672057,55.712056999000026],[9.505113488000063,55.82234364700008],[9.387011500000028,55.92414799900007],[8.889034335000076,55.88222224400005],[8.183677060000036,55.82234364700008],[8.190695925000057,56.553127790000076],[8.672808602000032,56.52699146100008],[8.889034335000076,56.71464843900003],[9.304829828000038,56.69295221300007]]]]}},{"type":"Feature","properties":{"id":"DK05","name":"Nordjylland","country":"DK"},"geometry":{"type":"MultiPolygon","coordinates":[[[[10.495653086000061,57.35106854400004],[10.198995100000047,56.68363098800006],[9.795824,56.56160999900004],[9.304829828000038,56.69295221300007],[9.06594519400005,56.92849299000005],[8.889034335000076,56.924327006000055],[8.717289386000061,56.72620380300003],[8.324882,56.83850618500003],[8.63165518300002,57.10180769800007],[8.889034335000076,57.120644653000056],[10.28299019900004,57.59814036200004],[10.495653086000061,57.35106854400004]]]]}},{"type":"Feature","properties":{"id":"EE00","name":"Eesti","country":"EE"},"geometry":{"type":"MultiPolygon","coordinates":[[[[27.357049500000073,58.78714399900008],[27.64490834600008,57.981021557000076],[27.351579,57.51823699900007],[26.454869908000035,57.55492747900007],[25.046307,58.04014599900006],[24.834082500000022,57.97277949900007],[24.35281750000007,57.87655649900006],[24.51087406000005,58.29450657800004],[23.960552419000066,58.29112556500007],[23.521145793000073,58.58184337000006],[23.51831923000003,59.14057900300003],[23.730576,59.23732399900007],[25.830159500000036,59.56406449900004],[26.01528036700006,59.61946808700003],[26.759357,59.49942549900004],[28.041915,59.470120499000075],[28.120195455000044,59.35258144200003],[27.357049500000073,58.78714399900008]]],[[[23.01273979000007,58.87719859100008],[22.891691561000073,58.638837832000036],[23.199493807000067,58.64727140600007],[23.16002134300004,58.471357683000065],[22.488318882000044,58.15354071300004],[22.115346782000074,58.17836112800006],[21.904423888000053,58.42817423500003],[22.46040042800007,58.63150006500007],[22.610346711000034,59.053026714000055],[23.01273979000007,58.87719859100008]]]]}},{"type":"Feature","properties":{"id":"EL30","name":"Attiki","country":"EL"},"geometry":{"type":"MultiPolygon","coordinates":[[[[23.983579015000032,38.09112169000008],[24.04328111800004,37.70521946500003],[23.743593,37.85380949900008],[23.672225500000025,37.941819999000074],[23.596950500000048,38.01517499900007],[23.460443663000035,38.02396504600006],[23.179699500000027,37.95158999900008],[23.117532,38.06064599900003],[23.126179,38.16839999900003],[23.634494500000073,38.21134099900007],[23.690418,38.34029749900003],[23.990453073000026,38.235144028000036],[23.983579015000032,38.09112169000008]]],[[[23.13879705900007,36.367573965000076],[23.05337781000003,36.02745387900006],[22.854618189000064,36.14149760000004],[22.838407433000043,36.367573965000076],[23.13879705900007,36.367573965000076]]],[[[23.43358272000006,37.76155165800003],[23.416228295000053,37.45576051300003],[23.193535731000054,37.591220957000075],[23.319240999000044,37.609721937000074],[23.313021813000034,37.76143791700008],[23.43358272000006,37.76155165800003]]]]}},{"type":"Feature","properties":{"id":"EL41","name":"Voreio Aigaio","country":"EL"},"geometry":{"type":"MultiPolygon","coordinates":[[[[27.008842324000057,37.72994563200007],[26.69514298400003,37.449982730000045],[26.282381435000048,37.49199872100007],[26.23569774200007,37.63221860800007],[26.626448260000075,37.61113822300007],[26.584233005000044,37.77788140100006],[26.864400540000076,37.85294378100008],[27.008842324000057,37.72994563200007]]],[[[26.389623449000055,39.341906779000055],[26.48051931400005,39.16321379200008],[26.42681096700005,38.98340551900003],[26.164917252000066,39.01053968900004],[26.164917252000066,39.19144642400005],[26.021681305000072,39.098338529000046],[25.85242397500008,39.205018282000026],[25.911654241000065,39.27844416800008],[26.389623449000055,39.341906779000055]]],[[[26.15543018900007,38.310740632000034],[26.01194417000005,38.15286631600003],[25.917352080000057,38.24939654700006],[25.99017696100003,38.388946658000066],[25.834319548000053,38.54185662800006],[26.00345679800006,38.60184072200008],[26.16253068000003,38.551209939000046],[26.15543018900007,38.310740632000034]]],[[[25.263225032000037,40.06080856700004],[25.289034942000058,39.75291197400003],[24.985067444000038,39.81120029300007],[24.978007732000037,39.99601049300003],[25.263225032000037,40.06080856700004]]]]}},{"type":"Feature","properties":{"id":"EL42","name":"Notio Aigaio","country":"EL"},"geometry":{"type":"MultiPolygon","coordinates":[[[[28.077655220000054,36.118158718000075],[27.860562406000042,35.92257925700005],[27.722595246000026,35.928762781000046],[27.699571904000038,36.118158718000075],[27.704829162000067,36.26426746800007],[28.092919492000078,36.391258718000074],[28.077655220000054,36.118158718000075]]],[[[25.611431202000063,37.129611143000034],[25.64189063400005,36.88511501600004],[25.441323556000043,36.85967581500006],[25.363229817000047,37.023775399000044],[25.166347895000058,36.91218733000005],[25.026237611000056,36.99955009300004],[25.142784735000077,37.17067201900005],[25.611431202000063,37.129611143000034]]],[[[25.608763314000043,36.402750852000054],[25.49126447100008,36.21906972800008],[25.195117997000068,36.45054438200003],[25.442771169000025,36.575830274000054],[25.608763314000043,36.402750852000054]]],[[[25.072361843000067,37.91271078300008],[24.987604778000048,37.66711916000003],[24.666060483000024,37.86948176800007],[24.868987059000062,38.012003400000026],[25.072361843000067,37.91271078300008]]]]}},{"type":"Feature","properties":{"id":"EL43","name":"Kriti","country":"EL"},"geometry":{"type":"MultiPolygon","coordinates":[[[[24.097343453000065,35.55682775100007],[24.317411,35.35377499900005],[24.928003500000045,35.40690999900005],[25.490698,35.29833199900003],[26.20862560100005,35.170802981000065],[26.113326700000073,35.03224964300006],[25.550568,34.99075699900004],[24.875014386000032,34.955449248000036],[24.722517,35.09254449900004],[24.287523500000077,35.17600649900004],[23.639284375000045,35.24859242600007],[23.554079684000044,35.359248526000044],[23.64887002100005,35.490993427000035],[24.097343453000065,35.55682775100007]]]]}},{"type":"Feature","properties":{"id":"EL51","name":"Anatoliki Makedonia, Thraki","country":"EL"},"geometry":{"type":"MultiPolygon","coordinates":[[[[26.59229596800003,41.42012134000004],[26.032758,40.73025699900006],[25.632429,40.86280449900005],[25.139545,40.990687499000046],[24.81349,40.858085499000026],[24.692587391000075,40.65313039200004],[24.51386778500006,40.90533943400004],[23.867746500000067,40.77872849900007],[24.11834,41.00631999900003],[23.624223,41.37572749900005],[24.059744,41.52211199900006],[24.49168271600007,41.54361542600003],[24.783956,41.36018899900006],[25.17937550000005,41.31018799900005],[25.224698500000045,41.264630999000076],[25.906437500000038,41.30757499900005],[25.948626,41.32034199900005],[26.357879,41.711104499000044],[26.59229596800003,41.42012134000004]]],[[[25.744191270000044,40.367357113000025],[25.504209381000067,40.28935957500005],[25.410742390000053,40.43915538700003],[25.50418865000006,40.602042538000035],[25.723144270000034,40.558737489000066],[25.744191270000044,40.367357113000025]]]]}},{"type":"Feature","properties":{"id":"EL52","name":"Kentriki Makedonia","country":"EL"},"geometry":{"type":"MultiPolygon","coordinates":[[[[23.624223,41.37572749900005],[24.11834,41.00631999900003],[23.867746500000067,40.77872849900007],[23.765077500000075,40.757892499000036],[23.756864500000063,40.63456349900008],[23.651217792000068,40.312863777000075],[23.299509684000043,40.215727421000054],[23.004153,40.350336499000036],[22.682419,40.52896499900004],[22.663957500000038,40.491554499000074],[22.558882237000034,40.17470479100007],[22.664584778000062,39.974756366000065],[22.122764494000023,40.17470479100007],[22.183821,40.30227699900007],[21.906011500000034,40.68209199900008],[21.821787,40.69669149900005],[21.787378,40.931125499000075],[21.929438,41.10035049900006],[22.216216,41.170457499000065],[22.332052,41.120272499000066],[22.879178500000023,41.34065299900004],[22.927591500000062,41.338539499000035],[23.460443663000035,41.40248849300008],[23.624223,41.37572749900005]]],[[[24.029560918000072,40.17556648400006],[24.059946487000047,39.927906294000024],[23.781722858000023,39.96590211100005],[23.689453178000065,40.20056585100008],[24.029560918000072,40.17556648400006]]]]}},{"type":"Feature","properties":{"id":"EL53","name":"Dytiki Makedonia","country":"EL"},"geometry":{"type":"MultiPolygon","coordinates":[[[[22.122764494000023,40.17470479100007],[21.917692,39.852048499000034],[21.2956,39.857457999000076],[21.101375718000043,39.92542081400006],[21.004012,40.154066499000066],[20.778501,40.34878899900008],[21.056068500000038,40.61669549900006],[20.98020450000007,40.855664999000055],[21.787378,40.931125499000075],[21.821787,40.69669149900005],[21.906011500000034,40.68209199900008],[22.183821,40.30227699900007],[22.122764494000023,40.17470479100007]]]]}},{"type":"Feature","properties":{"id":"EL54","name":"Ipeiros","country":"EL"},"geometry":{"type":"MultiPolygon","coordinates":[[[[21.2956,39.857457999000076],[21.181609500000036,39.50108849900005],[21.37289450000003,39.17461399900003],[21.10860850000006,39.04614649900003],[20.70333295200004,39.05005020300007],[20.47782150000006,39.27484149900005],[20.010015795000072,39.691761341000074],[20.302345,39.81274299900008],[20.391308,39.78848349900005],[20.38332248300003,39.98271712900004],[20.612876500000027,40.079653499000074],[20.778501,40.34878899900008],[21.004012,40.154066499000066],[21.101375718000043,39.92542081400006],[21.2956,39.857457999000076]]]]}},{"type":"Feature","properties":{"id":"EL61","name":"Thessalia","country":"EL"},"geometry":{"type":"MultiPolygon","coordinates":[[[[22.664584778000062,39.974756366000065],[22.915911,39.60293599900007],[23.094624663000047,39.38355034500006],[22.962478331000057,38.97551360500006],[22.50489950000008,39.13052349900005],[22.25820150000004,39.27219499900008],[21.93851,39.06508149900003],[21.693151465000028,39.217653049000035],[21.396378,39.16474149900006],[21.37289450000003,39.17461399900003],[21.181609500000036,39.50108849900005],[21.2956,39.857457999000076],[21.917692,39.852048499000034],[22.122764494000023,40.17470479100007],[22.664584778000062,39.974756366000065]]],[[[24.093661120000036,38.99014906800005],[23.88644514400005,38.894181539000044],[23.783984949000057,39.10395793200007],[24.11616339300008,39.27881135900003],[24.093661120000036,38.99014906800005]]]]}},{"type":"Feature","properties":{"id":"EL62","name":"Ionia Nisia","country":"EL"},"geometry":{"type":"MultiPolygon","coordinates":[[[[20.709021190000044,38.45191867300008],[20.709021190000044,38.05975323900003],[20.382746145000056,38.21008678700008],[20.52503596100007,38.42928272100005],[20.709021190000044,38.45191867300008]]],[[[20.950572606000037,37.748934245000044],[20.86421507500006,37.60886899600007],[20.546787176000066,37.82925334300006],[20.679660710000064,38.00531198600004],[20.950572606000037,37.748934245000044]]],[[[20.847423736000053,38.65705404100004],[20.48806012400007,38.52442091700004],[20.564868373000024,38.81613400100008],[20.72188169700007,38.90685335500007],[20.847423736000053,38.65705404100004]]],[[[19.883129156000052,39.563837214000046],[19.73081785000005,39.55999865600006],[19.54477087300006,39.778391044000045],[19.787318930000026,39.85705296700007],[19.92330496200003,39.78136278200003],[19.883129156000052,39.563837214000046]]],[[[21.24343045300003,37.19525981400005],[20.935447638000028,37.10038085700006],[20.761657944000035,37.24257571700008],[21.14525673600008,37.38127558000008],[21.24343045300003,37.19525981400005]]]]}},{"type":"Feature","properties":{"id":"EL63","name":"Dytiki Elláda","country":"EL"},"geometry":{"type":"MultiPolygon","coordinates":[[[[22.37297250000006,38.14222349900007],[22.264305,37.83915599900007],[22.05505254600007,37.781695279000076],[21.88974150000007,37.865894499000035],[21.96559250000007,37.483448499000076],[21.680233,37.37743399900006],[21.488275577000024,37.591220957000075],[21.20962086700007,37.86271430600004],[21.351074,38.102138499000034],[21.864524930000073,38.28522992400008],[22.37297250000006,38.14222349900007]]],[[[21.63487260000005,38.862182295000025],[21.69672827200003,38.71502780600008],[21.946002,38.784001999000054],[21.99942550000003,38.768609999000034],[21.851732123000033,38.37453508600004],[21.205487107000067,38.35437019400007],[20.768009617000075,38.862182295000025],[21.10860850000006,39.04614649900003],[21.37289450000003,39.17461399900003],[21.396378,39.16474149900006],[21.63487260000005,38.862182295000025]]]]}},{"type":"Feature","properties":{"id":"EL64","name":"Sterea Elláda","country":"EL"},"geometry":{"type":"MultiPolygon","coordinates":[[[[22.50489950000008,39.13052349900005],[22.962478331000057,38.97551360500006],[22.79994314000004,38.814205249000054],[23.37779050000006,38.525756999000066],[23.460443663000035,38.49883631500006],[23.497718939000038,38.75457090200007],[24.053098367000075,38.49388071100003],[23.98840524600007,38.37750842600008],[23.655573219000075,38.35205231200007],[23.690418,38.34029749900003],[23.634494500000073,38.21134099900007],[23.126179,38.16839999900003],[22.89450417100005,38.21984528400003],[22.608278951000045,38.358656480000036],[22.05505254600007,38.39221870100005],[21.851732123000033,38.37453508600004],[21.99942550000003,38.768609999000034],[21.946002,38.784001999000054],[21.69672827200003,38.71502780600008],[21.63487260000005,38.862182295000025],[21.396378,39.16474149900006],[21.693151465000028,39.217653049000035],[21.93851,39.06508149900003],[22.25820150000004,39.27219499900008],[22.50489950000008,39.13052349900005]]],[[[24.597672722000027,38.118155271000035],[24.407231385000046,37.91186900100007],[24.093158146000064,38.09508445500006],[24.21943857800005,38.19119121800003],[24.597672722000027,38.118155271000035]]]]}},{"type":"Feature","properties":{"id":"ITI3","name":"Marche","country":"IT"},"geometry":{"type":"MultiPolygon","coordinates":[[[[12.750684840000076,43.96966888000003],[13.172615,43.75034599900005],[13.642096500000036,43.47414249900004],[13.74297050000007,43.29414699900008],[13.746218500000055,43.28881449900007],[13.752142,43.27773349900008],[13.757502500000044,43.26730649900003],[13.764212,43.25547399900006],[13.767507,43.25015599900007],[13.774242,43.23993149900008],[13.777659,43.23518399900007],[13.790693,43.19894149900006],[13.803945534000036,43.17165298300006],[13.810803846000056,43.16312968300008],[13.817920772000036,43.14509115200008],[13.82911,43.12681299900004],[13.841848,43.10317299900004],[13.845545414000071,43.09443713700006],[13.846695,43.08013249900006],[13.849453,43.066659499000025],[13.91573150000005,42.89457699900004],[13.359469971000067,42.68926112200006],[13.189226,42.733565499000065],[13.235287500000027,42.86766299900006],[12.949343011000053,42.97921507400008],[12.862358,43.21123249900006],[12.767457,43.45982999900008],[12.213856,43.610824499000046],[12.283797500000048,43.764898999000025],[12.45035729600005,43.89718562500008],[12.453021363000062,43.894454180000025],[12.462405500000045,43.89375299900007],[12.468817374000025,43.89657762600007],[12.487415500000054,43.89645099900008],[12.493068692000065,43.90686270000003],[12.750684840000076,43.96966888000003]]]]}},{"type":"Feature","properties":{"id":"ITI4","name":"Lazio","country":"IT"},"geometry":{"type":"MultiPolygon","coordinates":[[[[11.89498750000007,42.83465349900007],[12.444709,42.39879949900006],[12.601428868000028,42.41383827000004],[12.896352,42.61641799900008],[13.189226,42.733565499000065],[13.359469971000067,42.68926112200006],[13.39403150000004,42.59123399900005],[13.227859784000032,42.519853226000066],[13.21210310400005,42.39292650400006],[13.242812406000041,42.21713544200003],[13.030574500000057,42.11535299900004],[13.296299500000032,41.94858849900004],[13.829262777000054,41.73313085400008],[13.941038500000047,41.68794399900003],[13.977928,41.46245399900005],[13.873718500000052,41.33829399900003],[13.760795500000029,41.223167999000054],[12.773321500000065,41.41626399900008],[12.308676921000028,41.73313085400008],[11.733844,42.15805899900005],[11.44993850000003,42.37767049900003],[11.746037,42.78574249900004],[11.89498750000007,42.83465349900007]],[[12.362367999000071,41.88427904900004],[12.391143416000034,41.86899705500008],[12.51864517200005,41.878445604000035],[12.48974965900004,41.95472927900005],[12.432672808000063,41.94016773200008],[12.362367999000071,41.88427904900004]]]]}},{"type":"Feature","properties":{"id":"LI00","name":"Liechtenstein","country":"LI"},"geometry":{"type":"MultiPolygon","coordinates":[[[[9.620580500000074,47.15164549900004],[9.607078,47.06077449900005],[9.47604750000005,47.05179749900003],[9.530749,47.27058099900006],[9.620580500000074,47.15164549900004]]]]}},{"type":"Feature","properties":{"id":"LT01","name":"Sostinės regionas","country":"LT"},"geometry":{"type":"MultiPolygon","coordinates":[[[[26.740409726000053,55.26386461800007],[26.64465487900003,55.16078447600006],[26.31109615400004,55.13246737000003],[26.19321291500006,55.00339731400004],[25.957809577000035,54.950648115000035],[25.770783811000058,54.794297304000054],[25.76096562300006,54.579093371000056],[25.669675681000058,54.19496965600007],[24.835949500000027,54.149027499000056],[24.810011908000035,54.36967320600007],[24.414311,54.53326899900003],[24.623098190000064,54.90642042700006],[24.42979,55.39079649900003],[24.655051,55.51768749900003],[25.332087777000027,55.05047362000005],[25.957809577000035,55.281985699000074],[26.740409726000053,55.26386461800007]]]]}},{"type":"Feature","properties":{"id":"LT02","name":"Vidurio ir vakarų Lietuvos regionas","country":"LT"},"geometry":{"type":"MultiPolygon","coordinates":[[[[22.920517,56.39914299900005],[23.15540158600004,56.328836659000046],[24.1518,56.253348499000026],[24.848476523000045,56.367646163000074],[25.821386500000074,56.052178999000034],[26.046154500000057,55.944105999000044],[26.630365,55.68066699900004],[26.740409726000053,55.26386461800007],[25.957809577000035,55.281985699000074],[25.332087777000027,55.05047362000005],[24.655051,55.51768749900003],[24.42979,55.39079649900003],[24.623098190000064,54.90642042700006],[24.414311,54.53326899900003],[24.810011908000035,54.36967320600007],[24.835949500000027,54.149027499000056],[24.475421535000066,53.930931971000064],[23.51465,53.956559999000035],[23.321498500000075,54.253325999000026],[22.792095500000073,54.36335899900007],[22.821521349000022,54.82638323400005],[22.588968,55.07025149900005],[21.651071,55.17998349900006],[21.390285922000032,55.26944694200006],[21.273511168000027,55.245652247000066],[21.04997823900004,55.91145201900008],[21.064238,56.06913699900008],[21.978209,56.38514299900004],[22.635563500000046,56.368167999000036],[22.920517,56.39914299900005]]]]}},{"type":"Feature","properties":{"id":"LU00","name":"Luxembourg","country":"LU"},"geometry":{"type":"MultiPolygon","coordinates":[[[[6.137662500000033,50.12995149900007],[6.474962500000061,49.82127499900008],[6.380052500000033,49.551104999000074],[6.367107500000031,49.46950699900003],[5.893386,49.49694449900005],[5.818117,49.54631049900007],[5.746319,49.85359499900005],[6.02489950000006,50.18277949900005],[6.137662500000033,50.12995149900007]]]]}},{"type":"Feature","properties":{"id":"LV00","name":"Latvija","country":"LV"},"geometry":{"type":"MultiPolygon","coordinates":[[[[27.690777,57.37056099900008],[28.154555500000072,56.16984349900008],[27.63123994700004,55.87369024800006],[26.630365,55.68066699900004],[26.046154500000057,55.944105999000044],[25.821386500000074,56.052178999000034],[24.848476523000045,56.367646163000074],[24.1518,56.253348499000026],[23.15540158600004,56.328836659000046],[22.920517,56.39914299900005],[22.635563500000046,56.368167999000036],[21.978209,56.38514299900004],[21.064238,56.06913699900008],[21.07296143700006,56.78427341000008],[21.713220886000045,57.540006625000046],[22.491761718000078,57.70454687900008],[23.14689050000004,57.31625799900007],[23.477038665000066,57.045218359000046],[23.934532500000046,57.00637049900007],[24.11920250000003,57.08628999900003],[24.381934082000043,57.316695680000066],[24.35281750000007,57.87655649900006],[24.834082500000022,57.97277949900007],[25.046307,58.04014599900006],[26.454869908000035,57.55492747900007],[27.351579,57.51823699900007],[27.690777,57.37056099900008]]]]}},{"type":"Feature","properties":{"id":"MT00","name":"Malta","country":"MT"},"geometry":{"type":"MultiPolygon","coordinates":[[[[14.645876287000021,35.93330163200005],[14.433356592000052,35.716981959000066],[14.23399478500005,35.881468572000074],[14.41194850200003,36.066949159000046],[14.645876287000021,35.93330163200005]]],[[[14.348187835000033,36.030810845000076],[14.262219725000023,36.00672006000008],[14.172654973000022,36.06905079400008],[14.230711133000057,36.087891669000044],[14.348187835000033,36.030810845000076]]]]}},{"type":"Feature","properties":{"id":"NL11","name":"Groningen","country":"NL"},"geometry":{"type":"MultiPolygon","coordinates":[[[[7.208935,53.24306449900007],[7.202794500000039,53.11328149900004],[7.092692,52.83820099900004],[6.935702,52.99336249900006],[6.81381,53.07104849900003],[6.464410674000021,53.200288353000076],[6.315237,53.094051499000045],[6.176817,53.15945049900006],[6.232763926000075,53.25501734100004],[6.191301500000066,53.410937999000055],[6.449189670000067,53.42288800500006],[6.874905,53.40801299900005],[7.09814906400004,53.25501734100004],[7.208935,53.24306449900007]]]]}},{"type":"Feature","properties":{"id":"NL12","name":"Friesland (NL)","country":"NL"},"geometry":{"type":"MultiPolygon","coordinates":[[[[5.795148500000039,52.80649949900004],[5.377261500000031,52.764804999000035],[5.164383500000042,53.00091049900004],[5.41122850000005,53.15172449900007],[5.519872557000042,53.25501734100004],[5.877018665000037,53.382145929000046],[6.191301500000066,53.410937999000055],[6.232763926000075,53.25501734100004],[6.176817,53.15945049900006],[6.315237,53.094051499000045],[6.369053,52.921973499000046],[6.119814,52.85426699900006],[5.819826500000033,52.81731749900007],[5.795148500000039,52.80649949900004]]]]}},{"type":"Feature","properties":{"id":"NL13","name":"Drenthe","country":"NL"},"geometry":{"type":"MultiPolygon","coordinates":[[[[7.092692,52.83820099900004],[7.006229500000074,52.63876299900005],[6.70973250000003,52.627823499000044],[6.629429500000072,52.669658499000036],[6.464410674000021,52.62352955700004],[6.245207862000029,52.68874045900003],[6.119814,52.85426699900006],[6.369053,52.921973499000046],[6.315237,53.094051499000045],[6.464410674000021,53.200288353000076],[6.81381,53.07104849900003],[6.935702,52.99336249900006],[7.092692,52.83820099900004]]]]}},{"type":"Feature","properties":{"id":"NL21","name":"Overijssel","country":"NL"},"geometry":{"type":"MultiPolygon","coordinates":[[[[6.245207862000029,52.68874045900003],[6.464410674000021,52.62352955700004],[6.629429500000072,52.669658499000036],[6.70973250000003,52.627823499000044],[6.697865500000034,52.486285999000074],[7.004076894000036,52.39960571700004],[7.065685,52.24137299900008],[6.760465,52.118569499000046],[6.381997500000068,52.24608599900006],[6.166411500000038,52.23104499900006],[6.109792500000026,52.440574499000036],[5.864311,52.51816949900007],[5.795148500000039,52.80649949900004],[5.819826500000033,52.81731749900007],[6.119814,52.85426699900006],[6.245207862000029,52.68874045900003]]]]}},{"type":"Feature","properties":{"id":"NL22","name":"Gelderland","country":"NL"},"geometry":{"type":"MultiPolygon","coordinates":[[[[6.109792500000026,52.440574499000036],[6.166411500000038,52.23104499900006],[6.381997500000068,52.24608599900006],[6.760465,52.118569499000046],[6.681671345000041,51.932420025000056],[6.407779500000061,51.82809199900004],[6.167766,51.90080449900006],[5.953192,51.74784599900005],[5.865158500000064,51.757407999000066],[5.597879500000033,51.82808299900006],[5.128057500000068,51.73760999900003],[5.000534,51.82093799900008],[5.149456,51.933452499000055],[5.606011500000022,51.94324849900005],[5.404633,52.249629999000035],[5.864311,52.51816949900007],[6.109792500000026,52.440574499000036]]]]}},{"type":"Feature","properties":{"id":"NL23","name":"Flevoland","country":"NL"},"geometry":{"type":"MultiPolygon","coordinates":[[[[5.864311,52.51816949900007],[5.404633,52.249629999000035],[5.335462,52.29021849900005],[5.079161,52.388652999000044],[5.060426500000062,52.57893749900006],[5.377261500000031,52.764804999000035],[5.795148500000039,52.80649949900004],[5.864311,52.51816949900007]]]]}},{"type":"Feature","properties":{"id":"NL31","name":"Utrecht","country":"NL"},"geometry":{"type":"MultiPolygon","coordinates":[[[[5.335462,52.29021849900005],[5.404633,52.249629999000035],[5.606011500000022,51.94324849900005],[5.149456,51.933452499000055],[4.877899500000069,51.93783549900007],[4.794524,52.22672649900005],[5.021537500000022,52.30249849900008],[5.093636109000045,52.20793854500005],[5.335462,52.29021849900005]]]]}},{"type":"Feature","properties":{"id":"NL32","name":"Noord-Holland","country":"NL"},"geometry":{"type":"MultiPolygon","coordinates":[[[[5.079161,52.388652999000044],[5.335462,52.29021849900005],[5.093636109000045,52.20793854500005],[5.021537500000022,52.30249849900008],[4.794524,52.22672649900005],[4.728766,52.20981949900005],[4.611684,52.31358699900005],[4.493847500000072,52.32825999900007],[4.560596500000031,52.43742599900003],[4.609676500000035,52.57340099900006],[4.649071,52.756177499000046],[4.763908454000045,53.207360004000066],[5.164383500000042,53.00091049900004],[5.377261500000031,52.764804999000035],[5.060426500000062,52.57893749900006],[5.079161,52.388652999000044]]]]}},{"type":"Feature","properties":{"id":"NL33","name":"Zuid-Holland","country":"NL"},"geometry":{"type":"MultiPolygon","coordinates":[[[[4.611684,52.31358699900005],[4.728766,52.20981949900005],[4.794524,52.22672649900005],[4.877899500000069,51.93783549900007],[5.149456,51.933452499000055],[5.000534,51.82093799900008],[4.67629450000004,51.72491849900007],[4.620420500000023,51.71412649900003],[4.242535500000031,51.64712099900004],[3.839083,51.75829699900004],[4.127788500000065,52.00054249900006],[4.198018500000046,52.054144499000074],[4.374232500000062,52.18708999900008],[4.493847500000072,52.32825999900007],[4.611684,52.31358699900005]]]]}},{"type":"Feature","properties":{"id":"NL34","name":"Zeeland","country":"NL"},"geometry":{"type":"MultiPolygon","coordinates":[[[[4.279565,51.376017499000056],[4.243669500000067,51.37472949900007],[3.687433279000061,51.516717862000064],[3.839083,51.75829699900004],[4.242535500000031,51.64712099900004],[4.279565,51.376017499000056]]],[[[3.977666500000055,51.22513199900004],[3.856339500000047,51.21105599900005],[3.380661,51.27429949900005],[3.365787500000067,51.36983549900003],[4.234817500000077,51.348253999000065],[3.977666500000055,51.22513199900004]]]]}},{"type":"Feature","properties":{"id":"NL41","name":"Noord-Brabant","country":"NL"},"geometry":{"type":"MultiPolygon","coordinates":[[[[5.865158500000064,51.757407999000066],[5.838077,51.566467499000055],[5.840245500000037,51.34692399900007],[5.566283500000054,51.22083649900003],[5.237716500000033,51.26160049900005],[5.10218,51.42900499900003],[4.759926,51.50246449900004],[4.669544,51.42638399900005],[4.279565,51.376017499000056],[4.242535500000031,51.64712099900004],[4.620420500000023,51.71412649900003],[4.67629450000004,51.72491849900007],[5.000534,51.82093799900008],[5.128057500000068,51.73760999900003],[5.597879500000033,51.82808299900006],[5.865158500000064,51.757407999000066]]]]}},{"type":"Feature","properties":{"id":"NL42","name":"Limburg (NL)","country":"NL"},"geometry":{"type":"MultiPolygon","coordinates":[[[[6.020999,50.75429549900008],[5.819052,50.71455749900008],[5.687622,50.811923999000044],[5.766125500000044,51.00871549900006],[5.798274,51.05985349900004],[5.566283500000054,51.22083649900003],[5.840245500000037,51.34692399900007],[5.838077,51.566467499000055],[5.865158500000064,51.757407999000066],[5.953192,51.74784599900005],[6.224405,51.36497899900007],[6.072657,51.24258749900008],[6.174812,51.18451349900005],[5.877085,51.03210099900008],[6.086947500000065,50.91313499900008],[6.020999,50.75429549900008]]]]}},{"type":"Feature","properties":{"id":"IS00","name":"Ísland","country":"IS"},"geometry":{"type":"MultiPolygon","coordinates":[[[[-13.979477475999943,65.57657735100008],[-13.758301203999963,65.24119130400004],[-13.95504860099993,64.85986389600004],[-14.990959566999948,64.29254036700007],[-18.232518309999932,63.49083709900003],[-20.13267234099993,63.548213503000056],[-21.967726676999973,63.88299575700006],[-22.125507,64.04059899900005],[-21.75694446999995,64.32557287100008],[-21.37004749999994,64.38032599900004],[-22.10388931999995,64.43237777400003],[-22.977057412999955,64.80237082100007],[-22.54792770399996,65.44710762500006],[-23.63342640199994,65.47037132900005],[-23.95542217999997,65.68350796800007],[-22.70108448299993,66.28383639700007],[-21.899393906999933,66.13888782100008],[-20.973001755999974,65.52515863700006],[-20.08982243899993,65.95051293100005],[-17.47180678999996,66.06036646600006],[-16.01540597099995,66.42118247400003],[-14.854869274999942,66.06845247200005],[-13.979477475999943,65.57657735100008]]]]}},{"type":"Feature","properties":{"id":"ITC1","name":"Piemonte","country":"IT"},"geometry":{"type":"MultiPolygon","coordinates":[[[[9.202995500000043,44.61347649900006],[8.576182,44.50920599900007],[8.261596,44.51942449900008],[8.252819500000044,44.52874049900004],[8.015629500000045,44.11067649900008],[7.714236500000027,44.06151349900006],[6.887428,44.36128699900007],[6.948443,44.654741999000066],[7.065755,44.713464499000054],[6.630051,45.109856499000045],[7.131083476000072,45.26707165000005],[7.104723,45.468454499000075],[7.895811,45.59002799900003],[7.936649,45.72434049900005],[7.864076500000067,45.916750499000045],[7.87713750000006,45.92695499900003],[8.384717,46.45215849900006],[8.713936,46.09727199900004],[8.593811,45.82822499900004],[8.706896500000028,45.55831599900006],[8.84291550000006,45.393840999000076],[8.51356,45.313278499000035],[8.547797500000058,45.16814749900004],[9.200074,44.68609949900008],[9.202995500000043,44.61347649900006]]]]}},{"type":"Feature","properties":{"id":"ITC2","name":"Valle d’Aosta/Vallée d’Aoste","country":"IT"},"geometry":{"type":"MultiPolygon","coordinates":[[[[7.864076500000067,45.916750499000045],[7.936649,45.72434049900005],[7.895811,45.59002799900003],[7.104723,45.468454499000075],[6.802368500000057,45.77856199900003],[7.044886,45.92241299900007],[7.864076500000067,45.916750499000045]]]]}},{"type":"Feature","properties":{"id":"ITC3","name":"Liguria","country":"IT"},"geometry":{"type":"MultiPolygon","coordinates":[[[[9.493363,44.555858999000066],[9.479059500000062,44.40924049900008],[9.686725500000023,44.36592199900008],[10.018769500000076,44.04453599900006],[9.511344,44.216675499000075],[8.63301,44.37980349900005],[8.135351,43.93894049900007],[7.529827,43.78400799900004],[7.714236500000027,44.06151349900006],[8.015629500000045,44.11067649900008],[8.252819500000044,44.52874049900004],[8.261596,44.51942449900008],[8.576182,44.50920599900007],[9.202995500000043,44.61347649900006],[9.493363,44.555858999000066]]]]}},{"type":"Feature","properties":{"id":"ITC4","name":"Lombardia","country":"IT"},"geometry":{"type":"MultiPolygon","coordinates":[[[[10.515751500000022,46.34322449900003],[10.51430023200004,45.880563325000026],[10.840176500000041,45.83275849900008],[10.654655500000047,45.415826999000046],[10.745421190000059,45.314629643000046],[10.840338847000055,45.26707165000005],[11.205502500000023,45.10948749900007],[11.426765500000045,44.950075999000035],[11.246231500000022,44.95142799900003],[10.887909500000035,44.914265999000065],[10.504344,44.92241799900006],[10.464030500000035,44.937171499000044],[10.083503,45.04395849900004],[9.891101500000048,45.13089799900007],[9.548684500000036,45.13264849900003],[9.200074,44.68609949900008],[8.547797500000058,45.16814749900004],[8.51356,45.313278499000035],[8.84291550000006,45.393840999000076],[8.706896500000028,45.55831599900006],[8.593811,45.82822499900004],[8.713936,46.09727199900004],[8.912147,45.830444999000065],[9.159377500000062,46.16960099900007],[9.24853150000007,46.233767999000065],[9.347472248000031,46.47198247800003],[10.050687629000038,46.33497281700005],[10.173912125000072,46.57977326500003],[10.452801,46.53068299900008],[10.622145500000045,46.44810199900007],[10.515751500000022,46.34322449900003]]]]}},{"type":"Feature","properties":{"id":"ITF1","name":"Abruzzo","country":"IT"},"geometry":{"type":"MultiPolygon","coordinates":[[[[14.779647,42.07002149900006],[14.485359,41.759622999000044],[14.229757500000062,41.87705649900005],[13.941038500000047,41.68794399900003],[13.829262777000054,41.73313085400008],[13.296299500000032,41.94858849900004],[13.030574500000057,42.11535299900004],[13.242812406000041,42.21713544200003],[13.21210310400005,42.39292650400006],[13.227859784000032,42.519853226000066],[13.39403150000004,42.59123399900005],[13.359469971000067,42.68926112200006],[13.91573150000005,42.89457699900004],[14.015448166000056,42.68926112200006],[14.146906500000057,42.53059649900007],[14.253960500000062,42.44479849900006],[14.779647,42.07002149900006]]]]}},{"type":"Feature","properties":{"id":"ITF2","name":"Molise","country":"IT"},"geometry":{"type":"MultiPolygon","coordinates":[[[[15.138178500000038,41.92700749900007],[15.080751216000067,41.73313085400008],[15.007655500000055,41.486356999000066],[14.5051,41.382461499000044],[14.382519,41.44321649900007],[13.977928,41.46245399900005],[13.941038500000047,41.68794399900003],[14.229757500000062,41.87705649900005],[14.485359,41.759622999000044],[14.779647,42.07002149900006],[15.138178500000038,41.92700749900007]]]]}},{"type":"Feature","properties":{"id":"ITF3","name":"Campania","country":"IT"},"geometry":{"type":"MultiPolygon","coordinates":[[[[15.007655500000055,41.486356999000066],[15.149196500000073,41.28041249900008],[15.542921,41.05582349900004],[15.335024500000031,40.83484399900004],[15.713898035000057,40.17470479100007],[15.644945500000063,40.042790499000034],[15.094044914000051,40.17877942400003],[14.776223794000032,40.56976392300004],[14.48127136000005,40.64257258500004],[14.03213050000005,40.89883899900008],[13.760795500000029,41.223167999000054],[13.873718500000052,41.33829399900003],[13.977928,41.46245399900005],[14.382519,41.44321649900007],[14.5051,41.382461499000044],[15.007655500000055,41.486356999000066]]]]}},{"type":"Feature","properties":{"id":"ITF4","name":"Puglia","country":"IT"},"geometry":{"type":"MultiPolygon","coordinates":[[[[16.542302500000062,41.229440999000076],[17.388981,40.89186349900007],[17.900555653000026,40.68185267900003],[18.097453,40.515377999000066],[18.434346683000058,40.183919280000055],[18.328061327000057,39.88036092700003],[18.10199420300006,39.93697328500008],[17.763504500000067,40.295506999000054],[16.867264,40.39784549900003],[16.72499,40.71381449900008],[16.244098500000064,40.83800849900007],[16.202532,40.91751099900006],[15.870311,41.13989999900008],[15.542921,41.05582349900004],[15.149196500000073,41.28041249900008],[15.007655500000055,41.486356999000066],[15.080751216000067,41.73313085400008],[15.138178500000038,41.92700749900007],[16.04912143100006,41.90555105100003],[16.040362149000032,41.73313085400008],[16.02473850000007,41.425590499000066],[16.542302500000062,41.229440999000076]]]]}},{"type":"Feature","properties":{"id":"ITF5","name":"Basilicata","country":"IT"},"geometry":{"type":"MultiPolygon","coordinates":[[[[16.398881,40.05539999900003],[15.755958500000077,39.92349599900007],[15.644945500000063,40.042790499000034],[15.713898035000057,40.17470479100007],[15.335024500000031,40.83484399900004],[15.542921,41.05582349900004],[15.870311,41.13989999900008],[16.202532,40.91751099900006],[16.244098500000064,40.83800849900007],[16.72499,40.71381449900008],[16.867264,40.39784549900003],[16.644317,40.11909599900008],[16.398881,40.05539999900003]]]]}},{"type":"Feature","properties":{"id":"ITF6","name":"Calabria","country":"IT"},"geometry":{"type":"MultiPolygon","coordinates":[[[[16.582084500000065,38.469790499000055],[15.832685301000026,37.93095797600006],[15.652846016000069,38.14239827000006],[15.918956,38.50676149900005],[16.213753500000053,38.81043999900004],[16.093153,39.04874299900007],[15.755958500000077,39.92349599900007],[16.398881,40.05539999900003],[16.644317,40.11909599900008],[16.53989359700006,39.72145527400005],[17.025064500000042,39.48357849900003],[17.10997376000006,39.04929248500008],[16.890732,38.92712849900005],[16.74761821100003,38.882349368000064],[16.572390021000047,38.71034925400005],[16.582084500000065,38.469790499000055]]]]}},{"type":"Feature","properties":{"id":"ITG1","name":"Sicilia","country":"IT"},"geometry":{"type":"MultiPolygon","coordinates":[[[[13.226489313000059,38.19325603200008],[14.183486,38.01939649900004],[15.343181135000066,38.16479951500003],[15.258082500000057,37.80722399900003],[15.091499,37.35770849900007],[15.24788267100007,37.074689199000034],[15.000358,36.70284749900003],[14.573211109000056,36.769636426000034],[14.337594500000023,37.00197999900007],[14.036207,37.10602799900005],[12.896496,37.57711849900005],[12.64469047800003,37.63879268000005],[12.55030273500006,37.93025941900004],[12.977262500000052,38.04020599900008],[13.226489313000059,38.19325603200008]]],[[[12.193682625000065,36.824554947000024],[11.994392939000022,36.61044851200006],[11.760010962000024,36.88156337400005],[11.855980742000042,36.963585085000034],[12.193682625000065,36.824554947000024]]]]}},{"type":"Feature","properties":{"id":"ITG2","name":"Sardegna","country":"IT"},"geometry":{"type":"MultiPolygon","coordinates":[[[[9.520695020000062,39.18146579100005],[8.612392,38.95778799900006],[8.365756641000075,39.06930673200003],[8.393,39.446529499000064],[8.50225450000005,39.71300699900007],[8.466637817000048,40.198438786000054],[8.399809,40.407568499000035],[8.231552306000026,40.79501511600006],[8.802688500000045,40.93104799900004],[9.380432781000025,41.19597028900006],[9.74937,40.658096999000065],[9.628014116000031,40.198438786000054],[9.651118500000052,39.54932399900008],[9.520695020000062,39.18146579100005]]]]}},{"type":"Feature","properties":{"id":"ITH1","name":"Provincia Autonoma di Bolzano/Bozen","country":"IT"},"geometry":{"type":"MultiPolygon","coordinates":[[[[12.24074550000006,47.06916849900006],[12.211668725000038,46.89676780100007],[12.477924,46.679835499000035],[11.85717350300007,46.51853569100007],[11.297307082000032,46.29010350800007],[11.065601997000044,46.48973064100005],[10.622145500000045,46.44810199900007],[10.452801,46.53068299900008],[10.469651500000055,46.85490899900003],[10.981675044000042,46.80738071500008],[11.164281500000072,46.96572249900004],[11.627199500000074,47.01329899900003],[11.85717350300007,47.00382740400005],[12.136014,47.08066749900007],[12.24074550000006,47.06916849900006]]]]}},{"type":"Feature","properties":{"id":"ITH2","name":"Provincia Autonoma di Trento","country":"IT"},"geometry":{"type":"MultiPolygon","coordinates":[[[[11.684318500000074,45.98407799900008],[11.138337500000034,45.697088499000074],[10.840176500000041,45.83275849900008],[10.51430023200004,45.880563325000026],[10.515751500000022,46.34322449900003],[10.622145500000045,46.44810199900007],[11.065601997000044,46.48973064100005],[11.297307082000032,46.29010350800007],[11.85717350300007,46.51853569100007],[11.89305113100005,46.182624127000054],[11.684318500000074,45.98407799900008]]]]}},{"type":"Feature","properties":{"id":"ITH3","name":"Veneto","country":"IT"},"geometry":{"type":"MultiPolygon","coordinates":[[[[12.400534500000049,46.04199649900005],[12.661673,45.792440999000064],[12.979058,45.83404899900006],[13.098785500000076,45.644532999000035],[12.227708760000041,45.325536612000064],[12.330572,45.16055049900007],[12.399056500000029,44.79261549900008],[11.85717350300007,44.973790972000074],[11.426765500000045,44.950075999000035],[11.205502500000023,45.10948749900007],[10.840338847000055,45.26707165000005],[10.745421190000059,45.314629643000046],[10.654655500000047,45.415826999000046],[10.840176500000041,45.83275849900008],[11.138337500000034,45.697088499000074],[11.684318500000074,45.98407799900008],[11.89305113100005,46.182624127000054],[11.85717350300007,46.51853569100007],[12.477924,46.679835499000035],[12.690635,46.65697199900006],[12.731393,46.63428799900004],[12.498703,46.41222249900005],[12.400534500000049,46.04199649900005]]]]}},{"type":"Feature","properties":{"id":"UKC1","name":"Tees Valley and Durham","country":"UK"},"geometry":{"type":"MultiPolygon","coordinates":[[[[-0.790906499999949,54.55948249900007],[-0.92009808499995,54.49478686900005],[-1.234791,54.51036849900004],[-1.434778,54.48751449900004],[-1.696865,54.53606049900003],[-1.893272127999978,54.48252459100007],[-2.170166499999937,54.45825599900007],[-2.312043,54.79108049900003],[-1.820951,54.90572749900008],[-1.55934149999996,54.88210299900004],[-1.347372499999949,54.86069099900004],[-1.242229499999951,54.72259499900008],[-1.208942596999975,54.580479679000064],[-0.790906499999949,54.55948249900007]]]]}},{"type":"Feature","properties":{"id":"UKC2","name":"Northumberland and Tyne and Wear","country":"UK"},"geometry":{"type":"MultiPolygon","coordinates":[[[[-1.36390149999994,54.944183499000076],[-1.347372499999949,54.86069099900004],[-1.55934149999996,54.88210299900004],[-1.820951,54.90572749900008],[-2.312043,54.79108049900003],[-2.689751,55.18906399900004],[-2.563361300999929,55.30743342800008],[-2.034329,55.81116499900003],[-1.893272127999978,55.711723617000075],[-1.785876667999958,55.63601264400006],[-1.628093540999942,55.523144380000076],[-1.557332595999981,55.30743342800008],[-1.461693,55.07439049900006],[-1.36390149999994,54.944183499000076]]]]}},{"type":"Feature","properties":{"id":"UKD1","name":"Cumbria","country":"UK"},"geometry":{"type":"MultiPolygon","coordinates":[[[[-2.86947,54.176738499000066],[-3.145344186999978,54.095489470000075],[-3.556150956999943,54.55538375300006],[-3.378768974999957,54.82318608500003],[-3.11915,54.927886999000066],[-3.057370499999934,54.98689649900007],[-2.858508,55.10842499900008],[-2.689751,55.18906399900004],[-2.312043,54.79108049900003],[-2.170166499999937,54.45825599900007],[-2.460827499999937,54.22676449900007],[-2.86947,54.176738499000066]]]]}},{"type":"Feature","properties":{"id":"UKD3","name":"Greater Manchester","country":"UK"},"geometry":{"type":"MultiPolygon","coordinates":[[[[-1.963350499999933,53.50985349900003],[-2.031023499999947,53.37028899900008],[-2.240760499999965,53.35959999900007],[-2.313970499999925,53.35745249900003],[-2.426606,53.38745799900005],[-2.48968949999994,53.46029049900005],[-2.576737499999979,53.44604249900004],[-2.730499499999951,53.52062999900005],[-2.511298,53.62702949900006],[-2.379104,53.63090149900006],[-2.371208,53.667114499000036],[-2.146293,53.68226599900004],[-1.909583,53.53842149900004],[-1.963350499999933,53.50985349900003]]]]}},{"type":"Feature","properties":{"id":"UKD4","name":"Lancashire","country":"UK"},"geometry":{"type":"MultiPolygon","coordinates":[[[[-2.730499499999951,53.52062999900005],[-2.887964,53.50383849900004],[-2.956203,53.69752899900004],[-2.786280659999932,53.726456029000076],[-2.94254,53.85083399900003],[-2.87536476799994,53.973907506000046],[-2.86947,54.176738499000066],[-2.460827499999937,54.22676449900007],[-2.469517,54.046256999000036],[-2.184482499999945,53.952304999000035],[-2.046130499999947,53.850140999000075],[-2.06121,53.825671999000065],[-2.146293,53.68226599900004],[-2.371208,53.667114499000036],[-2.379104,53.63090149900006],[-2.511298,53.62702949900006],[-2.730499499999951,53.52062999900005]]],[[[-2.944011658999955,53.75669657700007],[-3.099605832999941,53.73852142700008],[-3.095232438999972,53.828640851000046],[-3.009870916999944,53.93596619900006],[-2.944011658999955,53.75669657700007]]]]}},{"type":"Feature","properties":{"id":"RO11","name":"Nord-Vest","country":"RO"},"geometry":{"type":"MultiPolygon","coordinates":[[[[25.063383,47.13653849900004],[24.422762933000058,46.79471272600006],[24.179575500000055,46.804696499000045],[23.985275,46.43091799900003],[23.15540158600004,46.50496788400005],[22.811950500000023,46.56885949900004],[22.67657550000007,46.40582549900006],[21.441398,46.651466999000036],[21.658955,47.02213149900007],[22.12832,47.598089499000025],[22.180837500000052,47.60009449900008],[22.89627050000007,47.954120499000055],[23.15540158600004,48.11272745600007],[23.493605,47.96781149900005],[24.560793045000025,47.93394991300005],[24.947100500000033,47.72912399900008],[24.960837500000025,47.596850999000026],[25.063383,47.13653849900004]]]]}},{"type":"Feature","properties":{"id":"RO12","name":"Centru","country":"RO"},"geometry":{"type":"MultiPolygon","coordinates":[[[[25.661582500000065,47.091646499000035],[25.975159500000075,46.69731249900008],[26.263439,46.246338499000046],[26.439984500000037,46.038876499000025],[26.39209450000004,45.80238949900007],[26.093334500000026,45.51630599900005],[26.072718500000065,45.50578799900006],[25.452539,45.44134199900003],[25.321577500000046,45.38108899900004],[24.684925500000077,45.604110999000056],[24.523132,45.58056399900005],[23.703613,45.49677199900003],[23.597270500000036,45.47347149900003],[23.15540158600004,46.034074830000066],[22.748716,46.351207499000054],[22.67657550000007,46.40582549900006],[22.811950500000023,46.56885949900004],[23.15540158600004,46.50496788400005],[23.985275,46.43091799900003],[24.179575500000055,46.804696499000045],[24.422762933000058,46.79471272600006],[25.063383,47.13653849900004],[25.246710500000063,47.09791899900006],[25.661582500000065,47.091646499000035]]]]}},{"type":"Feature","properties":{"id":"RO21","name":"Nord-Est","country":"RO"},"geometry":{"type":"MultiPolygon","coordinates":[[[[28.228308241000036,46.43802513900005],[28.115802,46.10782699900005],[27.503053,46.139620999000044],[27.492818500000055,46.15921299900003],[26.439984500000037,46.038876499000025],[26.263439,46.246338499000046],[25.975159500000075,46.69731249900008],[25.661582500000065,47.091646499000035],[25.246710500000063,47.09791899900006],[25.063383,47.13653849900004],[24.960837500000025,47.596850999000026],[24.947100500000033,47.72912399900008],[26.098827500000027,47.978795999000056],[26.63056,48.259749999000064],[27.19255785200005,47.904379679000044],[27.391166500000054,47.58939749900003],[28.11380550000007,46.838410999000075],[28.228308241000036,46.43802513900005]]]]}},{"type":"Feature","properties":{"id":"RO22","name":"Sud-Est","country":"RO"},"geometry":{"type":"MultiPolygon","coordinates":[[[[28.21136,45.46727999900003],[28.65190928800007,45.25105495400004],[29.297649376000038,45.411151450000034],[29.667044857000064,45.31191186600006],[29.679639500000064,45.21183799900007],[29.556938296000055,44.873975004000044],[28.994085,44.67962549900005],[28.71224277600004,44.37740413500006],[28.578884,43.73873899900008],[27.69541,43.98734299900008],[27.271340500000065,44.12633549900005],[28.017374,44.34024899900004],[27.881007,44.76307649900008],[27.203458500000067,44.78707399900003],[26.605551500000047,44.85699399900005],[26.232437925000056,45.31191186600006],[26.072718500000065,45.50578799900006],[26.093334500000026,45.51630599900005],[26.39209450000004,45.80238949900007],[26.439984500000037,46.038876499000025],[27.492818500000055,46.15921299900003],[27.503053,46.139620999000044],[28.115802,46.10782699900005],[28.21136,45.46727999900003]]]]}},{"type":"Feature","properties":{"id":"RO31","name":"Sud-Muntenia","country":"RO"},"geometry":{"type":"MultiPolygon","coordinates":[[[[24.684925500000077,45.604110999000056],[25.321577500000046,45.38108899900004],[25.452539,45.44134199900003],[26.072718500000065,45.50578799900006],[26.232437925000056,45.31191186600006],[26.605551500000047,44.85699399900005],[27.203458500000067,44.78707399900003],[27.881007,44.76307649900008],[28.017374,44.34024899900004],[27.271340500000065,44.12633549900005],[26.381823,44.03861199900007],[26.358182,44.03716049900004],[25.672201,43.68814849900008],[25.54453950000004,43.64284549900003],[25.296372500000075,43.65541899900006],[24.654779500000075,43.72358649900008],[24.88401950000008,44.38263649900006],[24.45981039000003,44.86025885300006],[24.490106136000065,45.31191186600006],[24.523132,45.58056399900005],[24.684925500000077,45.604110999000056]],[[25.87888261100005,44.37228961500006],[26.119912170000077,44.25340532000007],[26.259956500000044,44.29498599900006],[26.41606050000007,44.52168299900006],[26.301818500000024,44.76887499900005],[25.970744,44.71040849900004],[25.890739500000052,44.54095299900007],[25.87888261100005,44.37228961500006]]]]}},{"type":"Feature","properties":{"id":"RO32","name":"Bucureşti-Ilfov","country":"RO"},"geometry":{"type":"MultiPolygon","coordinates":[[[[26.259956500000044,44.29498599900006],[26.119912170000077,44.25340532000007],[25.87888261100005,44.37228961500006],[25.890739500000052,44.54095299900007],[25.970744,44.71040849900004],[26.301818500000024,44.76887499900005],[26.41606050000007,44.52168299900006],[26.259956500000044,44.29498599900006]]]]}},{"type":"Feature","properties":{"id":"RO41","name":"Sud-Vest Oltenia","country":"RO"},"geometry":{"type":"MultiPolygon","coordinates":[[[[24.45981039000003,44.86025885300006],[24.88401950000008,44.38263649900006],[24.654779500000075,43.72358649900008],[24.323522500000024,43.69768599900004],[24.112043500000027,43.69994599900008],[23.630393,43.79104999900005],[23.15540158600004,43.81228186900006],[22.997171,43.807867499000054],[22.966369,44.098288499000034],[22.67516150000006,44.215662999000074],[22.499677231000078,44.611749048000036],[22.016132500000026,44.59920249900006],[22.656632,45.10816699900005],[22.68624650000004,45.257960999000034],[23.59064,45.35307249900006],[23.597270500000036,45.47347149900003],[23.703613,45.49677199900003],[24.523132,45.58056399900005],[24.490106136000065,45.31191186600006],[24.45981039000003,44.86025885300006]]]]}},{"type":"Feature","properties":{"id":"RO42","name":"Vest","country":"RO"},"geometry":{"type":"MultiPolygon","coordinates":[[[[22.656632,45.10816699900005],[22.016132500000026,44.59920249900006],[22.012350500000025,44.602318499000035],[21.35847,44.82161199900003],[21.479178500000046,45.19302749900004],[21.016575,45.32462749900003],[20.662833,45.79411599900004],[20.264296,46.12637349900007],[20.70530350000007,46.160937499000056],[20.7756,46.27590999900008],[21.14747118200006,46.33588539600004],[21.441398,46.651466999000036],[22.67657550000007,46.40582549900006],[22.748716,46.351207499000054],[23.15540158600004,46.034074830000066],[23.597270500000036,45.47347149900003],[23.59064,45.35307249900006],[22.68624650000004,45.257960999000034],[22.656632,45.10816699900005]]]]}},{"type":"Feature","properties":{"id":"SE11","name":"Stockholm","country":"SE"},"geometry":{"type":"MultiPolygon","coordinates":[[[[17.572396,58.950852499000064],[17.441676362000067,59.049036483000066],[17.320549897000035,59.14001500100005],[17.416126500000075,59.38413999900007],[18.690254008000068,60.23117060100003],[19.024507174000064,59.70636543000006],[18.590407181000046,59.049036483000066],[17.912951667000073,58.805490847000044],[17.572396,58.950852499000064]]]]}},{"type":"Feature","properties":{"id":"SE12","name":"Östra Mellansverige","country":"SE"},"geometry":{"type":"MultiPolygon","coordinates":[[[[18.690254008000068,60.23117060100003],[17.416126500000075,59.38413999900007],[17.320549897000035,59.14001500100005],[17.441676362000067,59.049036483000066],[17.572396,58.950852499000064],[17.389562433000037,58.71206519600008],[16.75598715800004,58.626540489000035],[16.956906168000046,58.16949950900005],[16.666683500000033,57.99607649900008],[16.26834685800003,58.091225043000065],[15.421051,57.70487949900007],[15.152605999000059,57.73192545200004],[15.051592621000054,57.85460331500008],[15.005283673000065,58.07985404100003],[14.852613340000062,58.08691643000003],[14.41671,58.18724049900004],[14.650267800000051,58.48721635100003],[14.778936500000043,58.645992499000045],[14.295995,59.01277949900003],[14.437155500000074,60.02616099900007],[14.938410131000069,60.04882577400008],[15.422092500000076,59.85474749900004],[15.880121109000072,60.16287772600003],[16.703831,60.19572049900006],[17.17273069600003,60.33476958800003],[17.372614230000067,60.65425593200007],[18.690254008000068,60.23117060100003]]]]}},{"type":"Feature","properties":{"id":"SE21","name":"Småland med öarna","country":"SE"},"geometry":{"type":"MultiPolygon","coordinates":[[[[15.152605999000059,57.73192545200004],[15.421051,57.70487949900007],[16.26834685800003,58.091225043000065],[16.666683500000033,57.99607649900008],[16.72782843400006,57.54762009800004],[16.500711350000074,57.11496548200006],[16.76760341800002,56.79146944200005],[16.507240892000027,56.361734573000035],[16.284598239000047,56.57339477700003],[16.04987150000005,56.32188849900007],[15.852141108000069,56.33195860100005],[15.537089725000044,56.503224584000066],[15.363503500000036,56.482375999000055],[14.852613340000062,56.36415611500007],[14.514669500000025,56.46003699900007],[13.46263650000003,56.42818849900004],[13.355831884000054,56.801560977000065],[13.681201,56.97211449900004],[13.100760500000035,57.145515499000055],[13.600666193000052,57.53932511200003],[13.853162805000068,57.98483010900003],[14.41671,58.18724049900004],[14.852613340000062,58.08691643000003],[15.005283673000065,58.07985404100003],[15.051592621000054,57.85460331500008],[15.152605999000059,57.73192545200004]]],[[[18.758777673000054,57.279428850000045],[18.202508368000053,56.97121928300004],[18.220937554000045,57.14169492100007],[18.097303294000028,57.263769506000074],[18.19111424400006,57.38634404600003],[18.110903361000055,57.53361279600006],[18.461365858000022,57.81634830400003],[18.73539738100004,57.92492477600007],[19.097868307000056,57.93665418900008],[19.01051360300005,57.74222807700005],[18.807547084000078,57.65236880200007],[18.758777673000054,57.279428850000045]]]]}},{"type":"Feature","properties":{"id":"SE22","name":"Sydsverige","country":"SE"},"geometry":{"type":"MultiPolygon","coordinates":[[[[15.537089725000044,56.503224584000066],[15.852141108000069,56.33195860100005],[16.04987150000005,56.32188849900007],[15.78262914000004,56.10533372800006],[14.546399500000064,56.06131749900004],[14.155420057000072,55.44928057000004],[13.175370938000071,55.39377098500006],[12.663496382000062,56.04093159200005],[12.899313,56.44900449900007],[13.46263650000003,56.42818849900004],[14.514669500000025,56.46003699900007],[14.852613340000062,56.36415611500007],[15.363503500000036,56.482375999000055],[15.537089725000044,56.503224584000066]]]]}},{"type":"Feature","properties":{"id":"SE23","name":"Västsverige","country":"SE"},"geometry":{"type":"MultiPolygon","coordinates":[[[[12.78698683500005,59.049036483000066],[13.143173321000063,58.76083937100003],[13.656220317000077,59.040481303000035],[14.295995,59.01277949900003],[14.778936500000043,58.645992499000045],[14.650267800000051,58.48721635100003],[14.41671,58.18724049900004],[13.853162805000068,57.98483010900003],[13.600666193000052,57.53932511200003],[13.100760500000035,57.145515499000055],[13.681201,56.97211449900004],[13.355831884000054,56.801560977000065],[13.46263650000003,56.42818849900004],[12.899313,56.44900449900007],[11.922900500000026,57.56222299900003],[11.49766149100003,57.98402653900007],[11.194966140000076,58.65202101800003],[11.214194517000067,58.97256029200008],[11.456293106000032,58.99003427900004],[11.622032552000064,58.929603314000076],[11.716704274000051,59.049036483000066],[11.826196500000037,59.23784999900005],[12.149506941000027,59.25178566200003],[12.696458945000074,59.122284284000045],[12.78698683500005,59.049036483000066]]]]}},{"type":"Feature","properties":{"id":"SE31","name":"Norra Mellansverige","country":"SE"},"geometry":{"type":"MultiPolygon","coordinates":[[[[17.484231002000058,61.67908527000003],[17.173917561000053,61.17234681100007],[17.372614230000067,60.65425593200007],[17.17273069600003,60.33476958800003],[16.703831,60.19572049900006],[15.880121109000072,60.16287772600003],[15.422092500000076,59.85474749900004],[14.938410131000069,60.04882577400008],[14.437155500000074,60.02616099900007],[14.295995,59.01277949900003],[13.656220317000077,59.040481303000035],[13.143173321000063,58.76083937100003],[12.78698683500005,59.049036483000066],[12.696458945000074,59.122284284000045],[12.149506941000027,59.25178566200003],[11.826196500000037,59.23784999900005],[11.926970500000039,59.79047599900008],[11.839729,59.84076699900004],[12.149506941000027,59.88822680700008],[12.438050007000072,60.07823781500008],[12.56846422700005,60.43470681600007],[12.294974122000042,60.986899048000055],[12.670176500000025,61.05597649900005],[12.693323305000035,61.42594322600007],[12.182376674000068,61.76715319900006],[12.29937,62.26749399900007],[13.296035462000077,62.002905181000074],[13.635517564000054,61.670275952000054],[14.447561500000063,61.594947999000055],[15.198306390000027,61.92581701700004],[15.32733950000005,62.272083499000075],[16.31611709200007,62.23516878600003],[17.489299500000072,62.13695049900008],[17.345052185000043,61.83997293400006],[17.484231002000058,61.67908527000003]]]]}},{"type":"Feature","properties":{"id":"SE32","name":"Mellersta Norrland","country":"SE"},"geometry":{"type":"MultiPolygon","coordinates":[[[[15.595688720000055,64.54695307100008],[16.718954,64.02787799900005],[16.916809431000047,63.94835333600008],[17.684947561000058,63.88277086700003],[18.273521784000025,63.96495800400004],[18.483168050000074,63.850870592000035],[18.91412321000007,63.77509765500008],[19.045287220000034,63.688124111000036],[19.286468,63.469719499000064],[18.42354943600003,63.01270651100003],[18.381069104000062,62.84915758100004],[17.462934499000028,62.356096742000034],[17.489299500000072,62.13695049900008],[16.31611709200007,62.23516878600003],[15.32733950000005,62.272083499000075],[15.198306390000027,61.92581701700004],[14.447561500000063,61.594947999000055],[13.635517564000054,61.670275952000054],[13.296035462000077,62.002905181000074],[12.29937,62.26749399900007],[12.25465950000006,62.33102449900008],[12.052455500000065,63.183444499000075],[12.149506941000027,63.41824941800007],[12.205748750000055,63.61881959800007],[12.52213210900004,63.850870592000035],[13.14894692300004,64.07482882800008],[14.013628492000066,64.07335018800006],[14.109218917000021,64.38296240500006],[13.838097015000073,64.54695307100008],[13.730256673000042,64.61218132900007],[14.325985,65.11891599900008],[14.920029166000063,64.85918388400006],[15.595688720000055,64.54695307100008]]]]}},{"type":"Feature","properties":{"id":"SE33","name":"Övre Norrland","country":"SE"},"geometry":{"type":"MultiPolygon","coordinates":[[[[20.548636500000043,69.05996849900004],[23.40780632600007,68.02300861700007],[23.845309275000034,66.83698800200006],[23.765562130000035,66.27389239800004],[24.155129,65.81602699900003],[24.162340320000055,65.69310629100005],[22.921952056000066,65.67426415400007],[22.39807390900006,65.38935410600004],[22.098288583000055,65.44201802200007],[21.54360450000007,65.06305899900008],[21.152661008000052,64.76977668000006],[21.28988299400004,64.54695307100008],[21.220530474000043,64.22619345200008],[20.13647573000003,63.63283229900003],[19.286468,63.469719499000064],[19.045287220000034,63.688124111000036],[18.91412321000007,63.77509765500008],[18.483168050000074,63.850870592000035],[18.273521784000025,63.96495800400004],[17.684947561000058,63.88277086700003],[16.916809431000047,63.94835333600008],[16.718954,64.02787799900005],[15.595688720000055,64.54695307100008],[14.920029166000063,64.85918388400006],[14.325985,65.11891599900008],[14.627344443000027,66.06389820800007],[15.453994500000022,66.34523349900007],[15.415274297000053,66.50450012300007],[16.342528019000042,67.06415142700007],[16.167988669000067,67.42887684400006],[16.72042231000006,67.88741076200006],[17.26614568800005,68.09132058500006],[17.684947561000058,68.03245812800003],[18.07055247200003,68.13721175800003],[18.125925,68.53651599900007],[19.922091367000064,68.38448789400007],[20.334571065000034,69.01862856000008],[20.548636500000043,69.05996849900004]]]]}},{"type":"Feature","properties":{"id":"SI03","name":"Vzhodna Slovenija","country":"SI"},"geometry":{"type":"MultiPolygon","coordinates":[[[[16.370793500000048,46.72224349900006],[16.596805,46.47590249900003],[16.24214850000004,46.490075499000056],[16.301549,46.378287999000065],[15.87349450000005,46.27931949900005],[15.791475500000047,46.25932749900005],[15.627262,46.08595349900003],[15.706407500000068,45.975261999000054],[15.404425,45.79271699900005],[15.331290500000023,45.76285499900007],[15.226437500000031,45.42708799900004],[14.570012500000075,45.67294449900004],[14.390910012000063,45.503422053000065],[14.118196500000067,45.48123899900003],[14.042371500000058,45.76135899900004],[14.129577500000039,45.86949899900003],[14.564807500000029,45.791461999000035],[14.948575,45.97861049900007],[14.908764500000075,46.20756599900005],[14.565212,46.36769699900003],[14.565175500000066,46.37245349900007],[14.674580500000047,46.450687499000026],[15.065120500000035,46.652112499000054],[15.401979500000039,46.65354849900007],[15.649988,46.70575699900007],[15.786422,46.70746949900007],[15.996236,46.835398499000064],[16.113849,46.86906799900004],[16.370793500000048,46.72224349900006]]]]}},{"type":"Feature","properties":{"id":"SI04","name":"Zahodna Slovenija","country":"SI"},"geometry":{"type":"MultiPolygon","coordinates":[[[[14.948575,45.97861049900007],[14.564807500000029,45.791461999000035],[14.129577500000039,45.86949899900003],[14.042371500000058,45.76135899900004],[14.118196500000067,45.48123899900003],[14.111284500000068,45.482335499000044],[13.651296,45.45405499900005],[13.722140357000058,45.59496424900004],[13.835956643000031,45.58751506100003],[13.903210664000028,45.63576203100007],[13.784653225000056,45.74277965500005],[13.596243,45.80793749900005],[13.597145,45.81952249900007],[13.496939,46.05133499900006],[13.511025224000036,46.34837122500005],[13.684032,46.43747249900008],[13.714185,46.522703499000045],[14.43450050000007,46.44294349900008],[14.565175500000066,46.37245349900007],[14.565212,46.36769699900003],[14.908764500000075,46.20756599900005],[14.948575,45.97861049900007]]]]}},{"type":"Feature","properties":{"id":"SK01","name":"Bratislavský kraj","country":"SK"},"geometry":{"type":"MultiPolygon","coordinates":[[[[17.24742750000007,48.012008999000045],[17.160797500000058,48.00665649900003],[17.066741,48.11868149900005],[16.976203,48.172244499000044],[16.851106,48.438634999000044],[16.949778,48.535791999000025],[17.223136054000065,48.520667986000035],[17.451762947000077,48.346661769000036],[17.435764517000052,48.157836229000054],[17.24742750000007,48.012008999000045]]]]}},{"type":"Feature","properties":{"id":"SK02","name":"Západné Slovensko","country":"SK"},"geometry":{"type":"MultiPolygon","coordinates":[[[[18.848478,47.818227999000044],[17.893923,47.739456999000026],[17.705436500000076,47.758992499000044],[17.24742750000007,48.012008999000045],[17.435764517000052,48.157836229000054],[17.451762947000077,48.346661769000036],[17.223136054000065,48.520667986000035],[16.949778,48.535791999000025],[16.940278,48.617245499000035],[17.39672550000006,48.81334999900008],[17.64693,48.85426599900006],[18.322436,49.31505899900003],[18.826351,48.74405899900006],[18.478677,48.54860399900008],[19.01432250000005,48.077736499000025],[18.928392,48.05683249900005],[18.760178861000043,47.914534220000064],[18.848478,47.818227999000044]]]]}},{"type":"Feature","properties":{"id":"SK03","name":"Stredné Slovensko","country":"SK"},"geometry":{"type":"MultiPolygon","coordinates":[[[[19.467386500000032,49.61376699900006],[19.883929500000022,49.204176999000026],[19.992254500000058,48.90749999900004],[20.13647573000003,48.88998200100008],[20.267450500000052,48.87407299900008],[20.463937,48.463966999000036],[20.051879,48.167703999000025],[19.01432250000005,48.077736499000025],[18.478677,48.54860399900008],[18.826351,48.74405899900006],[18.322436,49.31505899900003],[18.40359550000005,49.396745499000076],[18.851551,49.51718899900004],[19.123691262000023,49.42007847100007],[19.467386500000032,49.61376699900006]]]]}},{"type":"Feature","properties":{"id":"SK04","name":"Východné Slovensko","country":"SK"},"geometry":{"type":"MultiPolygon","coordinates":[[[[22.175807831000043,48.57435933100004],[22.155306,48.40339649900005],[22.12107750000007,48.37831149900006],[21.410606333000032,48.54970043600008],[20.463937,48.463966999000036],[20.267450500000052,48.87407299900008],[20.13647573000003,48.88998200100008],[19.992254500000058,48.90749999900004],[19.883929500000022,49.204176999000026],[20.13647573000003,49.277989966000064],[20.614939500000048,49.41783299900004],[21.39771250000007,49.433793999000045],[22.56684,49.088377499000046],[22.382817500000044,48.86226399900005],[22.333613769000067,48.70160413200006],[22.175807831000043,48.57435933100004]]]]}},{"type":"Feature","properties":{"id":"DEB1","name":"Koblenz","country":"DE"},"geometry":{"type":"MultiPolygon","coordinates":[[[[8.121913500000062,50.277224999000055],[7.773997,50.06653999900004],[7.764844500000038,50.08259049900005],[7.734630500000037,49.99868849900008],[7.963557,49.833101999000064],[7.905437,49.75226349900004],[7.70333050000005,49.65251499900006],[7.522752500000024,49.70762249900008],[7.27662250000003,49.54862349900003],[7.02798,49.63943849900005],[7.044311500000049,49.689301999000065],[7.222511,49.88495049900007],[7.202684500000032,49.966322999000056],[6.979021,50.09791099900008],[7.068778500000064,50.27978549900007],[6.984338500000035,50.34889349900004],[6.800711500000034,50.361781499000074],[6.927901,50.55861849900003],[7.21239950000006,50.62340499900006],[7.440772,50.711437999000054],[7.661003500000049,50.82036449900005],[7.785898,50.939913999000055],[7.851496,50.92583249900008],[8.03969,50.69737549900003],[8.125776500000029,50.68581399900006],[8.151592,50.59937099900003],[7.971559500000069,50.40622049900003],[8.121913500000062,50.277224999000055]]]]}},{"type":"Feature","properties":{"id":"DEB2","name":"Trier","country":"DE"},"geometry":{"type":"MultiPolygon","coordinates":[[[[6.984338500000035,50.34889349900004],[7.068778500000064,50.27978549900007],[6.979021,50.09791099900008],[7.202684500000032,49.966322999000056],[7.222511,49.88495049900007],[7.044311500000049,49.689301999000065],[7.02798,49.63943849900005],[6.891454,49.61342249900008],[6.380052500000033,49.551104999000074],[6.474962500000061,49.82127499900008],[6.137662500000033,50.12995149900007],[6.405028500000071,50.32330849900006],[6.425295,50.32301199900007],[6.800711500000034,50.361781499000074],[6.984338500000035,50.34889349900004]]]]}},{"type":"Feature","properties":{"id":"DEB3","name":"Rheinhessen-Pfalz","country":"DE"},"geometry":{"type":"MultiPolygon","coordinates":[[[[7.773997,50.06653999900004],[7.909922040000026,49.98387483300007],[8.175135500000067,50.03425549900004],[8.190038500000071,50.03529599900003],[8.288245,49.995133999000075],[8.343030500000054,49.94050599900004],[8.400055,49.803674999000066],[8.448822147000044,49.734319791000075],[8.44737125000006,49.73223049900008],[8.445736422000039,49.73028176100007],[8.414774,49.59505199900008],[8.422439500000053,49.58338549900003],[8.422700500000076,49.57419249900005],[8.423068,49.54182099900004],[8.472505500000068,49.44351349900006],[8.497316,49.411346999000045],[8.462841292000064,49.311790063000046],[8.487268,49.29002649900008],[8.466985500000021,49.28297549900003],[8.413072500000055,49.249816499000076],[8.33997,49.08014999900007],[8.277349,48.98993899900006],[8.261284,48.980916999000044],[8.232633,48.966571499000054],[8.068407500000035,48.99931649900003],[7.910654500000021,49.04516349900007],[7.635651,49.05395049900005],[7.36875550000002,49.16145799900005],[7.320341,49.18949899900008],[7.316515738000021,49.246120535000045],[7.394494,49.31635199900006],[7.402075500000024,49.367718499000034],[7.395898500000044,49.37204599900008],[7.292601500000046,49.40822249900003],[7.252589,49.43146549900007],[7.27662250000003,49.54862349900003],[7.522752500000024,49.70762249900008],[7.70333050000005,49.65251499900006],[7.905437,49.75226349900004],[7.963557,49.833101999000064],[7.734630500000037,49.99868849900008],[7.764844500000038,50.08259049900005],[7.773997,50.06653999900004]]]]}},{"type":"Feature","properties":{"id":"DEC0","name":"Saarland","country":"DE"},"geometry":{"type":"MultiPolygon","coordinates":[[[[7.36875550000002,49.16145799900005],[7.264279993000059,49.133797568000034],[7.101069,49.15599799900008],[6.723465500000032,49.21882899900004],[6.556986,49.419208499000035],[6.367107500000031,49.46950699900003],[6.380052500000033,49.551104999000074],[6.891454,49.61342249900008],[7.02798,49.63943849900005],[7.27662250000003,49.54862349900003],[7.252589,49.43146549900007],[7.292601500000046,49.40822249900003],[7.395898500000044,49.37204599900008],[7.402075500000024,49.367718499000034],[7.394494,49.31635199900006],[7.316515738000021,49.246120535000045],[7.320341,49.18949899900008],[7.36875550000002,49.16145799900005]]]]}},{"type":"Feature","properties":{"id":"DED2","name":"Dresden","country":"DE"},"geometry":{"type":"MultiPolygon","coordinates":[[[[14.729862,51.581776999000056],[14.974183,51.363949999000056],[14.823362,50.870550499000046],[14.6188,50.85780449900005],[14.491221,51.04353049900004],[14.317873500000076,51.05469899900004],[14.151195229000052,50.851571257000046],[13.652174,50.73035999900003],[13.42188550000003,51.034199999000066],[13.198708,51.23040549900003],[13.21015,51.40473599900008],[13.691250500000024,51.37401299900006],[13.835313,51.37678999900004],[14.163324500000044,51.54104299900007],[14.447771,51.54206899900004],[14.729862,51.581776999000056]]]]}},{"type":"Feature","properties":{"id":"DED4","name":"Chemnitz","country":"DE"},"geometry":{"type":"MultiPolygon","coordinates":[[[[13.501846,50.633642999000074],[12.948144500000069,50.40431149900007],[12.58377850000005,50.40707899900008],[12.100900500000023,50.31802799900004],[11.919323,50.42472799900003],[11.88835967500006,50.62704463800003],[12.085549100000037,50.57873753800004],[12.318916500000057,50.676532499000075],[12.250825500000076,50.81831849900004],[12.652865500000075,50.92367799900006],[12.617355,50.98079299900007],[12.926016,51.21820749900007],[13.198708,51.23040549900003],[13.42188550000003,51.034199999000066],[13.652174,50.73035999900003],[13.501846,50.633642999000074]]]]}},{"type":"Feature","properties":{"id":"DED5","name":"Leipzig","country":"DE"},"geometry":{"type":"MultiPolygon","coordinates":[[[[12.926016,51.21820749900007],[12.617355,50.98079299900007],[12.283547,51.09192399900007],[12.170904500000063,51.27550849900007],[12.19354450000003,51.33251849900006],[12.198939,51.53132049900006],[12.580263,51.62606549900005],[13.051025,51.647676999000055],[13.21015,51.40473599900008],[13.198708,51.23040549900003],[12.926016,51.21820749900007]]]]}},{"type":"Feature","properties":{"id":"DEE0","name":"Sachsen-Anhalt","country":"DE"},"geometry":{"type":"MultiPolygon","coordinates":[[[[12.283547,51.09192399900007],[12.224169,50.942934999000045],[12.163529500000038,50.95859999900006],[12.021018500000025,50.969122499000036],[11.85717350300007,51.05377575300008],[11.696938500000044,51.08749099900007],[11.484608500000036,51.10543749900006],[11.385374500000069,51.24588699900005],[11.473968,51.29505849900005],[11.428868500000021,51.33980999900007],[10.978113,51.42688499900004],[10.916059,51.616373999000075],[10.701372,51.642187499000045],[10.561227,52.004065999000034],[10.801489,52.04799699900008],[10.964414500000032,52.056642999000076],[10.934542500000077,52.47179499900005],[11.008781500000055,52.49674749900004],[10.759314500000073,52.79583049900003],[10.841556,52.85220499900004],[11.505027,52.94103249900007],[11.597784500000046,53.03592649900003],[11.85717350300007,52.90909054900004],[12.12681150000003,52.89019949900006],[12.249203500000021,52.79186199900005],[12.171555,52.50633649900004],[12.31718,52.45409549900006],[12.276724500000057,52.104017999000064],[12.376122500000065,52.045119499000066],[12.769780500000024,51.97927449900004],[13.150913500000058,51.85961049900004],[13.051025,51.647676999000055],[12.580263,51.62606549900005],[12.198939,51.53132049900006],[12.19354450000003,51.33251849900006],[12.170904500000063,51.27550849900007],[12.283547,51.09192399900007]]]]}},{"type":"Feature","properties":{"id":"DEF0","name":"Schleswig-Holstein","country":"DE"},"geometry":{"type":"MultiPolygon","coordinates":[[[[9.113097,54.873601499000074],[9.273634572000049,54.81168988700006],[9.422194997000076,54.83203333800003],[9.468529196000077,54.817231709000055],[9.491949500000032,54.82263549900006],[9.778117247000068,54.72773912800005],[9.794372014000032,54.562467206000065],[10.168517,54.432844999000054],[10.174162,54.34574549900003],[10.71375050000006,54.30507249900006],[11.006397567000022,54.32319432700007],[10.841326454000068,53.99193534300008],[10.903661500000055,53.956821999000056],[10.762964500000066,53.81115299900006],[10.951918500000033,53.64762249900008],[10.595047,53.363927499000056],[10.469184,53.38584399900003],[10.307954,53.433200999000064],[10.236678500000039,53.49635449900006],[10.075734690000047,53.71243260500006],[9.945376,53.65292799900004],[9.730104,53.55758099900004],[9.48589,53.70766449900003],[9.273634572000049,53.86742491600006],[9.199751,53.880104499000026],[8.832592,54.023929499000076],[8.844804500000066,54.26632849900005],[8.635926,54.91168299900005],[8.889034335000076,54.89148322800003],[9.113097,54.873601499000074]]],[[[8.054720193000037,54.25083931300003],[7.982673657000021,53.99245803000008],[7.635770839000031,54.26773969100003],[7.898156254000071,54.34257920200008],[8.054720193000037,54.25083931300003]]]]}},{"type":"Feature","properties":{"id":"DEG0","name":"Thüringen","country":"DE"},"geometry":{"type":"MultiPolygon","coordinates":[[[[12.163529500000038,50.95859999900006],[12.224169,50.942934999000045],[12.283547,51.09192399900007],[12.617355,50.98079299900007],[12.652865500000075,50.92367799900006],[12.250825500000076,50.81831849900004],[12.318916500000057,50.676532499000075],[12.085549100000037,50.57873753800004],[11.88835967500006,50.62704463800003],[11.919323,50.42472799900003],[11.603290500000071,50.398765999000034],[11.481568,50.43162149900007],[11.265938,50.47942099900007],[11.189943,50.27118549900007],[10.945718500000055,50.38646649900005],[10.729202,50.23000549900007],[10.610115,50.22799499900003],[10.450532,50.40185949900007],[10.041338500000052,50.51646949900004],[10.077555500000074,50.63762399900003],[9.926176500000054,50.767389999000045],[10.021558500000026,50.992949499000076],[10.210013,51.144082999000034],[10.206942,51.190648999000075],[9.928339,51.37529899900005],[10.488551,51.57477849900005],[10.677283,51.63837599900006],[10.701372,51.642187499000045],[10.916059,51.616373999000075],[10.978113,51.42688499900004],[11.428868500000021,51.33980999900007],[11.473968,51.29505849900005],[11.385374500000069,51.24588699900005],[11.484608500000036,51.10543749900006],[11.696938500000044,51.08749099900007],[11.85717350300007,51.05377575300008],[12.021018500000025,50.969122499000036],[12.163529500000038,50.95859999900006]]]]}},{"type":"Feature","properties":{"id":"DK01","name":"Hovedstaden","country":"DK"},"geometry":{"type":"MultiPolygon","coordinates":[[[[12.582753500000024,55.80796799900003],[12.584125500000027,55.722001499000044],[12.750318667000045,55.64909094200004],[12.619201623000038,55.571505510000065],[12.501793317000022,55.62744720400008],[12.363471,55.59380699900004],[12.250525491000076,55.70860196400008],[12.149506941000027,55.75645775300006],[11.875297500000045,55.737655999000026],[11.942447407000031,55.82234364700008],[12.149506941000027,56.09501596900003],[12.517592578000063,56.05621085400003],[12.525031136000052,55.91145201900008],[12.582753500000024,55.80796799900003]]],[[[15.162898222000024,55.093707692000066],[15.09404091600004,54.99622273400007],[14.947995010000056,55.00111322600003],[14.696804416000077,55.13063435300006],[14.774003178000044,55.27541431100008],[14.947995010000056,55.21791826100008],[15.162898222000024,55.093707692000066]]]]}},{"type":"Feature","properties":{"id":"DK02","name":"Sjælland","country":"DK"},"geometry":{"type":"MultiPolygon","coordinates":[[[[11.942447407000031,55.82234364700008],[11.875297500000045,55.737655999000026],[12.149506941000027,55.75645775300006],[12.250525491000076,55.70860196400008],[12.363471,55.59380699900004],[12.219570500000032,55.425061999000036],[12.291180847000021,55.20700519700006],[11.95733404300006,54.68348138600004],[11.375588736000054,54.813318252000045],[11.479682526000033,55.052454141000055],[11.226158657000042,55.312854095000034],[11.232558398000037,55.643078366000054],[11.525867004000077,55.858356308000054],[11.942447407000031,55.82234364700008]]]]}},{"type":"Feature","properties":{"id":"PL63","name":"Pomorskie","country":"PL"},"geometry":{"type":"MultiPolygon","coordinates":[[[[18.54172650000004,54.58447999900005],[18.950029500000028,54.35831049900003],[19.638898038000036,54.45822865200006],[19.645147354000073,54.45160935200005],[19.331494374000044,54.35225906900007],[19.256953,54.27846049900006],[19.217688500000065,54.11612149900003],[19.431927605000055,53.90203272800005],[19.300142454000024,53.765405040000076],[19.12927650000006,53.58826049900006],[18.761577500000044,53.60488199900004],[18.072036500000024,53.781074999000055],[17.390653,53.49096399900003],[16.892248,53.65586899900006],[16.931747354000038,53.765405040000076],[16.982053500000063,53.90490949900004],[16.792764500000033,53.985550499000055],[16.699085,54.56924699900003],[17.666607,54.78323149900007],[18.289636140000027,54.80684147000005],[18.54172650000004,54.58447999900005]]]]}},{"type":"Feature","properties":{"id":"PL71","name":"Łódzkie","country":"PL"},"geometry":{"type":"MultiPolygon","coordinates":[[[[20.03947050000005,50.99020649900007],[19.74706,50.86596999900007],[19.243142500000033,51.03684449900004],[18.67295450000006,51.056902499000046],[18.163681500000052,51.17251699900004],[18.471965500000067,51.85100549900005],[18.683278588000064,51.86013863900007],[18.827809,52.06418799900007],[19.04712,52.33280399900008],[19.289184500000033,52.39271249900003],[19.936101,52.29973349900007],[20.13647573000003,52.148916041000064],[20.52713641200006,51.85487471600004],[20.385006,51.64160999900008],[20.42489050000006,51.61161949900003],[20.432815,51.33940499900007],[20.119611190000057,51.17742855600005],[20.03947050000005,50.99020649900007]]]]}},{"type":"Feature","properties":{"id":"PL72","name":"Świętokrzyskie","country":"PL"},"geometry":{"type":"MultiPolygon","coordinates":[[[[20.432815,51.33940499900007],[21.630164500000035,51.06338899900004],[21.802998,51.07207899900004],[21.864303500000062,50.80270649900007],[21.70651569100005,50.62704463800003],[21.20883150000003,50.35489749900006],[20.681539,50.20587549900006],[20.13647573000003,50.42857827500006],[19.949966500000073,50.504782499000044],[19.90899219000005,50.62704463800003],[19.826116542000022,50.70241260300003],[19.712949500000036,50.72915599900006],[19.74706,50.86596999900007],[20.03947050000005,50.99020649900007],[20.119611190000057,51.17742855600005],[20.432815,51.33940499900007]]]]}},{"type":"Feature","properties":{"id":"UKD6","name":"Cheshire","country":"UK"},"geometry":{"type":"MultiPolygon","coordinates":[[[[-2.426606,53.38745799900005],[-2.313970499999925,53.35745249900003],[-2.240760499999965,53.35959999900007],[-2.031023499999947,53.37028899900008],[-1.987376,53.21360799900003],[-2.295237929999928,53.083254811000074],[-2.380768,52.998428499000056],[-2.699274499999945,52.995460499000046],[-2.726823499999966,52.983295499000064],[-3.084193,53.25612249900007],[-3.110706,53.29631799900005],[-3.091281,53.307258499000056],[-3.082068499999934,53.311221999000054],[-3.077264749999927,53.314779249000026],[-3.07337,53.316137249000064],[-3.063851,53.31196999900004],[-3.059647,53.30903249900007],[-3.047981621999952,53.31061283500003],[-3.04470783499994,53.30750578900006],[-3.041368071999955,53.30608412500004],[-3.03847849999994,53.30517199900004],[-3.036848809999981,53.30159614100006],[-3.03128849999996,53.298526999000046],[-3.011171372999968,53.29999983100004],[-2.992648048999968,53.30673447700008],[-2.980073,53.30466849900006],[-2.968820990999973,53.30199975900007],[-2.959436620999952,53.30394381000008],[-2.947913970999934,53.304988267000056],[-2.939918161999969,53.30977684000004],[-2.932105700999955,53.30673180700006],[-2.928556499999956,53.30827699900004],[-2.786280659999932,53.313442],[-2.595223,53.32245449900006],[-2.576737499999979,53.44604249900004],[-2.48968949999994,53.46029049900005],[-2.426606,53.38745799900005]]]]}},{"type":"Feature","properties":{"id":"UKD7","name":"Merseyside","country":"UK"},"geometry":{"type":"MultiPolygon","coordinates":[[[[-2.956203,53.69752899900004],[-2.887964,53.50383849900004],[-2.730499499999951,53.52062999900005],[-2.576737499999979,53.44604249900004],[-2.595223,53.32245449900006],[-2.786280659999932,53.313442],[-2.826677,53.331672499000035],[-2.832207197999935,53.336011633000055],[-3.008742,53.43841149900004],[-3.067228326999953,53.56719798900008],[-2.956203,53.69752899900004]]],[[[-3.089935310999977,53.40349720700004],[-2.928556499999956,53.30827699900004],[-2.932105700999955,53.30673180700006],[-2.939918161999969,53.30977684000004],[-2.947913970999934,53.304988267000056],[-2.959436620999952,53.30394381000008],[-2.968820990999973,53.30199975900007],[-2.980073,53.30466849900006],[-2.992648048999968,53.30673447700008],[-3.011171372999968,53.29999983100004],[-3.03128849999996,53.298526999000046],[-3.036848809999981,53.30159614100006],[-3.03847849999994,53.30517199900004],[-3.041368071999955,53.30608412500004],[-3.04470783499994,53.30750578900006],[-3.047981621999952,53.31061283500003],[-3.059647,53.30903249900007],[-3.063851,53.31196999900004],[-3.07337,53.316137249000064],[-3.077264749999927,53.314779249000026],[-3.082068499999934,53.311221999000054],[-3.091281,53.307258499000056],[-3.110706,53.29631799900005],[-3.089935310999977,53.40349720700004]]]]}},{"type":"Feature","properties":{"id":"UKE1","name":"East Yorkshire and Northern Lincolnshire","country":"UK"},"geometry":{"type":"MultiPolygon","coordinates":[[[[-0.419136499999979,53.71961999900003],[-0.698366,53.684653999000034],[-0.401402345999941,53.69211131000003],[0.017378,53.525367499000026],[-0.797417499999938,53.45508599900006],[-0.935518,53.50252149900007],[-0.865270499999951,53.637733499000035],[-1.0486,53.65608199900004],[-0.987713079999935,53.765405040000076],[-0.923447499999952,53.88079449900005],[-0.92181457099997,53.89003284100005],[-0.934999915999924,53.89055134200004],[-0.948073093999938,53.894121590000054],[-0.940560734999963,53.899098396000056],[-0.938757599999974,53.90699182600008],[-0.932341537999946,53.909518125000034],[-0.933588111999939,53.91324879100006],[-0.930901691999964,53.91708176600008],[-0.92228804299998,53.92149131200006],[-0.927655499999958,53.93088899900005],[-0.924303255999973,53.93497192400008],[-0.927516863999926,53.943468307000046],[-0.92688063199995,53.95254907800006],[-0.921528518999935,53.96018752600003],[-0.933484788999976,53.969427178000046],[-0.930532460999927,53.973907506000046],[-0.928212965999933,53.977427473000034],[-0.927027142999975,53.98460408500006],[-0.921429211999964,53.98988605000005],[-0.925222,53.99155049900003],[-0.214331845999936,54.15399152400005],[-0.195688555999936,53.973907506000046],[-0.049111078999942,53.765405040000076],[-0.296306195999932,53.765405040000076],[-0.419136499999979,53.71961999900003]]]]}},{"type":"Feature","properties":{"id":"UKE2","name":"North Yorkshire","country":"UK"},"geometry":{"type":"MultiPolygon","coordinates":[[[[-0.790906499999949,54.55948249900007],[-0.214331845999936,54.15399152400005],[-0.925222,53.99155049900003],[-0.921429211999964,53.98988605000005],[-0.927027142999975,53.98460408500006],[-0.928212965999933,53.977427473000034],[-0.930532460999927,53.973907506000046],[-0.933484788999976,53.969427178000046],[-0.921528518999935,53.96018752600003],[-0.92688063199995,53.95254907800006],[-0.927516863999926,53.943468307000046],[-0.924303255999973,53.93497192400008],[-0.927655499999958,53.93088899900005],[-0.92228804299998,53.92149131200006],[-0.930901691999964,53.91708176600008],[-0.933588111999939,53.91324879100006],[-0.932341537999946,53.909518125000034],[-0.938757599999974,53.90699182600008],[-0.940560734999963,53.899098396000056],[-0.948073093999938,53.894121590000054],[-0.934999915999924,53.89055134200004],[-0.92181457099997,53.89003284100005],[-0.923447499999952,53.88079449900005],[-0.987713079999935,53.765405040000076],[-1.0486,53.65608199900004],[-1.232786499999975,53.62113949900004],[-1.301985499999944,53.741756499000076],[-1.454399726999952,53.88368903400004],[-1.727166499999953,53.910236499000064],[-1.893272127999978,53.878940802000045],[-2.046130499999947,53.850140999000075],[-2.184482499999945,53.952304999000035],[-2.469517,54.046256999000036],[-2.460827499999937,54.22676449900007],[-2.170166499999937,54.45825599900007],[-1.893272127999978,54.48252459100007],[-1.696865,54.53606049900003],[-1.434778,54.48751449900004],[-1.234791,54.51036849900004],[-0.92009808499995,54.49478686900005],[-0.790906499999949,54.55948249900007]]]]}},{"type":"Feature","properties":{"id":"UKE3","name":"South Yorkshire","country":"UK"},"geometry":{"type":"MultiPolygon","coordinates":[[[[-0.935518,53.50252149900007],[-1.199686499999927,53.311454999000034],[-1.324669,53.32880999900004],[-1.599118,53.31131799900004],[-1.801470499999937,53.48099199900008],[-1.822188499999925,53.52111799900007],[-1.58640349999996,53.607204499000034],[-1.232786499999975,53.62113949900004],[-1.0486,53.65608199900004],[-0.865270499999951,53.637733499000035],[-0.935518,53.50252149900007]]]]}},{"type":"Feature","properties":{"id":"UKE4","name":"West Yorkshire","country":"UK"},"geometry":{"type":"MultiPolygon","coordinates":[[[[-1.58640349999996,53.607204499000034],[-1.822188499999925,53.52111799900007],[-1.909583,53.53842149900004],[-2.146293,53.68226599900004],[-2.06121,53.825671999000065],[-2.046130499999947,53.850140999000075],[-1.893272127999978,53.878940802000045],[-1.727166499999953,53.910236499000064],[-1.454399726999952,53.88368903400004],[-1.301985499999944,53.741756499000076],[-1.232786499999975,53.62113949900004],[-1.58640349999996,53.607204499000034]]]]}},{"type":"Feature","properties":{"id":"UKF1","name":"Derbyshire and Nottinghamshire","country":"UK"},"geometry":{"type":"MultiPolygon","coordinates":[[[[-1.801470499999937,53.48099199900008],[-1.599118,53.31131799900004],[-1.324669,53.32880999900004],[-1.199686499999927,53.311454999000034],[-0.935518,53.50252149900007],[-0.797417499999938,53.45508599900006],[-0.778224499999965,52.97693249900004],[-0.819968499999959,52.96047199900005],[-1.058164442999953,52.82231470200003],[-1.267889,52.87336849900004],[-1.597075645999951,52.70077190600006],[-1.785876667999958,52.94884746500003],[-1.893272127999978,53.08995999000007],[-1.987376,53.21360799900003],[-2.031023499999947,53.37028899900008],[-1.963350499999933,53.50985349900003],[-1.909583,53.53842149900004],[-1.822188499999925,53.52111799900007],[-1.801470499999937,53.48099199900008]]]]}},{"type":"Feature","properties":{"id":"UKF2","name":"Leicestershire, Rutland and Northamptonshire","country":"UK"},"geometry":{"type":"MultiPolygon","coordinates":[[[[-0.778224499999965,52.97693249900004],[-0.494973499999958,52.640239499000074],[-0.415381499999967,52.57874249900004],[-0.465321499999959,52.322955999000044],[-0.668097,52.19503399900003],[-0.705417499999953,52.19157049900008],[-0.871292499999925,52.040252499000076],[-1.009810354999956,52.075695910000036],[-1.118059,52.015431499000044],[-1.331897,52.16848499900004],[-1.20158,52.39673599900004],[-1.589611,52.68727099900008],[-1.597075645999951,52.70077190600006],[-1.267889,52.87336849900004],[-1.058164442999953,52.82231470200003],[-0.819968499999959,52.96047199900005],[-0.778224499999965,52.97693249900004]]]]}},{"type":"Feature","properties":{"id":"UKF3","name":"Lincolnshire","country":"UK"},"geometry":{"type":"MultiPolygon","coordinates":[[[[0.26596,52.81011599900006],[0.171689,52.73803699900003],[-0.031326499999977,52.66151599900007],[-0.494973499999958,52.640239499000074],[-0.778224499999965,52.97693249900004],[-0.797417499999938,53.45508599900006],[0.017378,53.525367499000026],[0.276338086000067,53.230833973000074],[0.116675405000024,52.90943617600004],[0.26596,52.81011599900006]]]]}},{"type":"Feature","properties":{"id":"UKG1","name":"Herefordshire, Worcestershire and Warwickshire","country":"UK"},"geometry":{"type":"MultiPolygon","coordinates":[[[[-1.589611,52.68727099900008],[-1.20158,52.39673599900004],[-1.331897,52.16848499900004],[-1.665732499999933,51.98749149900004],[-1.767627,52.11259449900007],[-1.893272127999978,52.09295816300005],[-2.351362,52.02136599900007],[-2.65021349999995,51.826152999000044],[-2.786280659999932,51.877363622000075],[-3.067357499999957,51.98315049900003],[-2.954719,52.34925849900003],[-2.786280659999932,52.328100464000045],[-2.618022,52.30696499900006],[-2.287363,52.45532599900008],[-2.16483,52.430213999000046],[-2.016967499999964,52.43268949900005],[-1.868721499999936,52.404742999000064],[-1.87201,52.36760349900004],[-1.785876667999958,52.36203651900007],[-1.705775016999951,52.41743878800003],[-1.753495,52.51297399900005],[-1.785876667999958,52.588961623000046],[-1.589611,52.68727099900008]],[[-1.647627108999927,52.43418719600004],[-1.553436862999945,52.34795051100008],[-1.404421492999973,52.38363165800007],[-1.440424470999972,52.47377105700008],[-1.647627108999927,52.43418719600004]]]]}},{"type":"Feature","properties":{"id":"UKG2","name":"Shropshire and Staffordshire","country":"UK"},"geometry":{"type":"MultiPolygon","coordinates":[[[[-1.589611,52.68727099900008],[-1.785876667999958,52.588961623000046],[-1.872537499999964,52.58495349900005],[-2.050694,52.620532999000034],[-2.054241859999934,52.62193682800006],[-2.062664602999973,52.62078218200003],[-2.068056286999933,52.61775284300006],[-2.068038269999931,52.612662122000074],[-2.080949945999976,52.611581888000046],[-2.092168343999958,52.61079633800006],[-2.107218263999926,52.60493665400003],[-2.119850344999975,52.59487352600007],[-2.128925779999975,52.581514166000034],[-2.133626399999969,52.566062946000045],[-2.13338148899993,52.55821382000005],[-2.134123391999935,52.55447114400005],[-2.16483,52.430213999000046],[-2.287363,52.45532599900008],[-2.618022,52.30696499900006],[-2.786280659999932,52.328100464000045],[-2.954719,52.34925849900003],[-3.14748,52.89015599900006],[-2.726823499999966,52.983295499000064],[-2.699274499999945,52.995460499000046],[-2.380768,52.998428499000056],[-2.295237929999928,53.083254811000074],[-1.987376,53.21360799900003],[-1.893272127999978,53.08995999000007],[-1.785876667999958,52.94884746500003],[-1.597075645999951,52.70077190600006],[-1.589611,52.68727099900008]]]]}},{"type":"Feature","properties":{"id":"UKG3","name":"West Midlands","country":"UK"},"geometry":{"type":"MultiPolygon","coordinates":[[[[-2.050694,52.620532999000034],[-1.872537499999964,52.58495349900005],[-1.785876667999958,52.588961623000046],[-1.753495,52.51297399900005],[-1.705775016999951,52.41743878800003],[-1.785876667999958,52.36203651900007],[-1.87201,52.36760349900004],[-1.868721499999936,52.404742999000064],[-2.016967499999964,52.43268949900005],[-2.16483,52.430213999000046],[-2.134123391999935,52.55447114400005],[-2.13338148899993,52.55821382000005],[-2.133626399999969,52.566062946000045],[-2.128925779999975,52.581514166000034],[-2.119850344999975,52.59487352600007],[-2.107218263999926,52.60493665400003],[-2.092168343999958,52.61079633800006],[-2.080949945999976,52.611581888000046],[-2.068038269999931,52.612662122000074],[-2.068056286999933,52.61775284300006],[-2.062664602999973,52.62078218200003],[-2.054241859999934,52.62193682800006],[-2.050694,52.620532999000034]]],[[[-1.404421492999973,52.38363165800007],[-1.553436862999945,52.34795051100008],[-1.647627108999927,52.43418719600004],[-1.440424470999972,52.47377105700008],[-1.404421492999973,52.38363165800007]]]]}},{"type":"Feature","properties":{"id":"UKH1","name":"East Anglia","country":"UK"},"geometry":{"type":"MultiPolygon","coordinates":[[[[1.520042860000046,52.094322885000054],[1.05638,51.95149249900004],[0.946309087000031,51.97196104600005],[0.745306729000049,52.006673868000064],[0.404686500000025,52.06549849900006],[0.389743,52.03646449900003],[0.068169,52.005786999000065],[-0.157241,52.08054749900003],[-0.249742,52.184371999000064],[-0.465321499999959,52.322955999000044],[-0.415381499999967,52.57874249900004],[-0.494973499999958,52.640239499000074],[-0.031326499999977,52.66151599900007],[0.171689,52.73803699900003],[0.26596,52.81011599900006],[0.745306729000049,52.918025166000064],[0.946309087000031,52.96327424300006],[1.33006307200003,52.91574955200008],[1.675478,52.74269099900005],[1.740543500000058,52.53210049900008],[1.520042860000046,52.094322885000054]]]]}},{"type":"Feature","properties":{"id":"UKH2","name":"Bedfordshire and Hertfordshire","country":"UK"},"geometry":{"type":"MultiPolygon","coordinates":[[[[-0.304423,51.636348499000064],[-0.500561499999947,51.59968949900008],[-0.549140770999941,51.823694757000055],[-0.652946499999928,51.96923049900005],[-0.591772499999934,52.11069099900004],[-0.668097,52.19503399900003],[-0.465321499999959,52.322955999000044],[-0.249742,52.184371999000064],[-0.157241,52.08054749900003],[0.068169,52.005786999000065],[-0.011878499999966,51.680877499000076],[-0.182047499999953,51.66860199900003],[-0.304423,51.636348499000064]]]]}},{"type":"Feature","properties":{"id":"UKH3","name":"Essex","country":"UK"},"geometry":{"type":"MultiPolygon","coordinates":[[[[0.590769500000022,51.63064949900007],[0.606865390000053,51.51763090900005],[0.51370350000002,51.53118499900006],[0.381466730000056,51.459209859000055],[0.210514,51.49003599900004],[0.313079500000072,51.565814999000054],[0.200354,51.62493149900007],[0.138225500000033,51.62354299900005],[-0.012219499999958,51.64622899900007],[-0.011878499999966,51.680877499000076],[0.068169,52.005786999000065],[0.389743,52.03646449900003],[0.404686500000025,52.06549849900006],[0.745306729000049,52.006673868000064],[0.946309087000031,51.97196104600005],[1.05638,51.95149249900004],[0.946309087000031,51.73431398100007],[0.745306729000049,51.675707834000036],[0.590769500000022,51.63064949900007]]],[[[0.787976527000069,51.553029888000026],[0.790201882000019,51.52234788100003],[0.745306729000049,51.52718829100007],[0.622180216000061,51.540463283000065],[0.636020237000025,51.57640729800005],[0.745306729000049,51.55959433700008],[0.787976527000069,51.553029888000026]]]]}},{"type":"Feature","properties":{"id":"UKI3","name":"Inner London — West","country":"UK"},"geometry":{"type":"MultiPolygon","coordinates":[[[[-0.171223,51.572429499000066],[-0.085154,51.52033249900006],[-0.078455499999961,51.52151549900003],[-0.07944649999996,51.50780499900003],[-0.110187,51.50960149900004],[-0.112603599999943,51.51039540600004],[-0.149948499999937,51.48551549900003],[-0.244502,51.48870099900006],[-0.253024,51.50139999900006],[-0.246334499999932,51.53279899900008],[-0.215968,51.52792749900004],[-0.191422,51.53628899900008],[-0.213401,51.55514899900004],[-0.171223,51.572429499000066]]],[[[-0.128365499999973,51.48505799900005],[-0.140344,51.41924649900005],[-0.253975499999967,51.43723699900005],[-0.222829,51.471816999000055],[-0.128365499999973,51.48505799900005]]]]}},{"type":"Feature","properties":{"id":"UKI4","name":"Inner London — East","country":"UK"},"geometry":{"type":"MultiPolygon","coordinates":[[[[0.068394,51.54441449900003],[0.096999500000038,51.515670999000065],[0.00941750000004,51.50709899900005],[-0.07944649999996,51.50780499900003],[-0.078455499999961,51.52151549900003],[-0.085154,51.52033249900006],[-0.171223,51.572429499000066],[-0.138722499999972,51.61019149900005],[-0.041382499999941,51.60563649900007],[-0.061119,51.57778549900007],[0.068394,51.54441449900003]]],[[[-0.078611499999965,51.41982249900008],[-0.127744,51.412315499000044],[-0.140344,51.41924649900005],[-0.128365499999973,51.48505799900005],[-0.110187,51.50960149900004],[-0.024711499999967,51.485648999000034],[0.028960500000039,51.44162349900006],[-0.078611499999965,51.41982249900008]]]]}},{"type":"Feature","properties":{"id":"UKI5","name":"Outer London — East and North East","country":"UK"},"geometry":{"type":"MultiPolygon","coordinates":[[[[-0.012219499999958,51.64622899900007],[0.138225500000033,51.62354299900005],[0.200354,51.62493149900007],[0.313079500000072,51.565814999000054],[0.210514,51.49003599900004],[0.096999500000038,51.515670999000065],[0.068394,51.54441449900003],[-0.061119,51.57778549900007],[-0.041382499999941,51.60563649900007],[-0.138722499999972,51.61019149900005],[-0.182047499999953,51.66860199900003],[-0.011878499999966,51.680877499000076],[-0.012219499999958,51.64622899900007]]],[[[0.152974,51.40870299900007],[0.148871,51.40850449900006],[0.028960500000039,51.44162349900006],[-0.024711499999967,51.485648999000034],[0.217437,51.480071999000074],[0.152974,51.40870299900007]]]]}},{"type":"Feature","properties":{"id":"UKI6","name":"Outer London — South","country":"UK"},"geometry":{"type":"MultiPolygon","coordinates":[[[[0.028960500000039,51.44162349900006],[0.148871,51.40850449900006],[0.042433500000072,51.29266749900006],[0.002330500000028,51.329131999000026],[-0.156508,51.321506499000066],[-0.330655499999978,51.32900949900005],[-0.317698,51.39366699900006],[-0.253975499999967,51.43723699900005],[-0.140344,51.41924649900005],[-0.127744,51.412315499000044],[-0.078611499999965,51.41982249900008],[0.028960500000039,51.44162349900006]]]]}},{"type":"Feature","properties":{"id":"UKI7","name":"Outer London — West and North West","country":"UK"},"geometry":{"type":"MultiPolygon","coordinates":[[[[-0.191422,51.53628899900008],[-0.215968,51.52792749900004],[-0.246334499999932,51.53279899900008],[-0.253024,51.50139999900006],[-0.244502,51.48870099900006],[-0.222829,51.471816999000055],[-0.253975499999967,51.43723699900005],[-0.317698,51.39366699900006],[-0.458605499999976,51.45631399900003],[-0.50966649999998,51.46917349900008],[-0.489989499999979,51.49474699900003],[-0.500561499999947,51.59968949900008],[-0.304423,51.636348499000064],[-0.182047499999953,51.66860199900003],[-0.138722499999972,51.61019149900005],[-0.171223,51.572429499000066],[-0.213401,51.55514899900004],[-0.191422,51.53628899900008]]]]}},{"type":"Feature","properties":{"id":"UKJ1","name":"Berkshire, Buckinghamshire and Oxfordshire","country":"UK"},"geometry":{"type":"MultiPolygon","coordinates":[[[[-0.591772499999934,52.11069099900004],[-0.652946499999928,51.96923049900005],[-0.549140770999941,51.823694757000055],[-0.500561499999947,51.59968949900008],[-0.489989499999979,51.49474699900003],[-0.50966649999998,51.46917349900008],[-0.775435499999958,51.33195499900006],[-1.14824658699996,51.37232881700004],[-1.429674499999976,51.33653249900004],[-1.49828,51.329375999000035],[-1.584689499999968,51.524913999000034],[-1.602793499999962,51.51829549900003],[-1.683058499999959,51.69011049900007],[-1.665732499999933,51.98749149900004],[-1.331897,52.16848499900004],[-1.118059,52.015431499000044],[-1.009810354999956,52.075695910000036],[-0.871292499999925,52.040252499000076],[-0.705417499999953,52.19157049900008],[-0.668097,52.19503399900003],[-0.591772499999934,52.11069099900004]]]]}},{"type":"Feature","properties":{"id":"UKJ2","name":"Surrey, East and West Sussex","country":"UK"},"geometry":{"type":"MultiPolygon","coordinates":[[[[-0.330655499999978,51.32900949900005],[-0.156508,51.321506499000066],[0.002330500000028,51.329131999000026],[0.042433500000072,51.29266749900006],[0.050053500000047,51.14264299900003],[0.605435,51.012058499000034],[0.745306729000049,50.99386234500008],[0.779001,50.98947899900003],[0.854784,50.92370999900004],[0.745306729000049,50.90848223800003],[-0.038176499999963,50.79950349900008],[-0.216009,50.82756399900006],[-0.941293649999977,50.82518212800005],[-0.753453499999978,51.086452499000075],[-0.848883499999943,51.21071249900007],[-0.72937331299994,51.25640703900007],[-0.775435499999958,51.33195499900006],[-0.50966649999998,51.46917349900008],[-0.458605499999976,51.45631399900003],[-0.317698,51.39366699900006],[-0.330655499999978,51.32900949900005]]]]}},{"type":"Feature","properties":{"id":"UKJ3","name":"Hampshire and Isle of Wight","country":"UK"},"geometry":{"type":"MultiPolygon","coordinates":[[[[-0.753453499999978,51.086452499000075],[-0.941293649999977,50.82518212800005],[-1.040413987999955,50.80494379600003],[-1.209795678999967,50.80643360800008],[-1.365159499999947,50.88006949900006],[-1.398295123999958,50.88960340700004],[-1.692049499999939,50.73662549900007],[-1.956807,50.98982999900005],[-1.49828,51.329375999000035],[-1.429674499999976,51.33653249900004],[-1.14824658699996,51.37232881700004],[-0.775435499999958,51.33195499900006],[-0.72937331299994,51.25640703900007],[-0.848883499999943,51.21071249900007],[-0.753453499999978,51.086452499000075]]],[[[-1.128525754999941,50.77074391100007],[-1.127759477999973,50.549118168000064],[-1.375013839999951,50.549627635000036],[-1.481410990999962,50.695104023000056],[-1.379387437999981,50.805025974000046],[-1.128525754999941,50.77074391100007]]]]}},{"type":"Feature","properties":{"id":"UKJ4","name":"Kent","country":"UK"},"geometry":{"type":"MultiPolygon","coordinates":[[[[0.255695,51.46253599900007],[0.277613500000029,51.453487249000034],[0.283532125000022,51.45386749700003],[0.293103635000023,51.45572131100005],[0.309375406000072,51.46608116600004],[0.315464,51.46499649900005],[0.329118813000036,51.45083888100004],[0.339730831000054,51.447529201000066],[0.355974500000059,51.44579299900005],[0.369749500000069,51.44522499900006],[0.406608500000061,51.44329049900006],[0.428469,51.446765999000036],[0.433579,51.44741449900005],[0.437819500000046,51.44735699900008],[0.443151,51.449996999000064],[0.458900500000027,51.45493699900004],[0.592971556000066,51.466104898000026],[0.626894500000049,51.37520999900005],[0.745306729000049,51.364423016000046],[0.950297500000033,51.34574899900008],[1.268866137000032,51.34186402000006],[1.346472431000052,51.22854853800004],[0.964017641000055,50.92671395800005],[0.854784,50.92370999900004],[0.779001,50.98947899900003],[0.745306729000049,50.99386234500008],[0.605435,51.012058499000034],[0.050053500000047,51.14264299900003],[0.042433500000072,51.29266749900006],[0.148871,51.40850449900006],[0.152974,51.40870299900007],[0.217437,51.480071999000074],[0.230949340000052,51.47318553300005],[0.239779,51.46868499900006],[0.244095316000028,51.46701751200004],[0.255695,51.46253599900007]]]]}},{"type":"Feature","properties":{"id":"UKK1","name":"Gloucestershire, Wiltshire and Bristol/Bath area","country":"UK"},"geometry":{"type":"MultiPolygon","coordinates":[[[[-1.683058499999959,51.69011049900007],[-1.602793499999962,51.51829549900003],[-1.584689499999968,51.524913999000034],[-1.49828,51.329375999000035],[-1.956807,50.98982999900005],[-2.325841499999967,51.07967749900007],[-2.289077,51.32527549900004],[-2.786280659999932,51.32177501000007],[-2.992948,51.32031999900005],[-2.712638241999969,51.50406618300008],[-2.673813499999937,51.54443099900004],[-2.534685499999966,51.67727049900003],[-2.666091,51.63939649900004],[-2.65021349999995,51.826152999000044],[-2.351362,52.02136599900007],[-1.893272127999978,52.09295816300005],[-1.767627,52.11259449900007],[-1.665732499999933,51.98749149900004],[-1.683058499999959,51.69011049900007]]]]}},{"type":"Feature","properties":{"id":"UKL2","name":"East Wales","country":"UK"},"geometry":{"type":"MultiPolygon","coordinates":[[[[-2.65021349999995,51.826152999000044],[-2.666091,51.63939649900004],[-2.786280659999932,51.599730452000074],[-3.082688,51.501907499000026],[-3.373935246999963,51.391382383000064],[-3.637855499999944,51.46984099900004],[-3.497506499999929,51.51264549900003],[-3.373935246999963,51.53164852700007],[-3.237515,51.55262749900004],[-3.118871499999955,51.54570749900006],[-3.019356897999955,51.64120475100003],[-3.157343499999968,51.81605899900006],[-3.334463,51.79040899900008],[-3.591288499999962,51.75461949900006],[-3.80665,51.78792949900003],[-3.71627061199996,52.34188983300004],[-3.926611,52.56078349900008],[-3.48307,52.86553949900008],[-3.375009499999976,52.89247499900006],[-3.259859965999965,53.09285623200003],[-3.373935246999963,53.339181851000035],[-3.084193,53.25612249900007],[-2.726823499999966,52.983295499000064],[-3.14748,52.89015599900006],[-2.954719,52.34925849900003],[-3.067357499999957,51.98315049900003],[-2.786280659999932,51.877363622000075],[-2.65021349999995,51.826152999000044]]]]}},{"type":"Feature","properties":{"id":"UKM5","name":"North Eastern Scotland","country":"UK"},"geometry":{"type":"MultiPolygon","coordinates":[[[[-2.425346,56.75518799900004],[-2.786280659999932,56.90328927300004],[-2.906840296999974,56.95275815900004],[-3.37210749999997,56.87474449900003],[-3.801627499999938,56.93601249900007],[-3.373935246999963,57.14229526500003],[-3.049924100999931,57.29857098700006],[-2.801509,57.69524749900006],[-1.91584781399996,57.45223721700006],[-2.425346,56.75518799900004]]]]}},{"type":"Feature","properties":{"id":"UKM6","name":"Highlands and Islands","country":"UK"},"geometry":{"type":"MultiPolygon","coordinates":[[[[-5.56623721699998,57.78519811600006],[-5.071163288999969,58.32849407700007],[-3.839071185999956,58.39930617500005],[-4.432052499999941,57.494353999000055],[-3.373935246999963,57.624720885000045],[-2.801509,57.69524749900006],[-3.049924100999931,57.29857098700006],[-3.373935246999963,57.14229526500003],[-3.801627499999938,56.93601249900007],[-4.520373,56.80541999900004],[-4.785811499999966,56.323852499000054],[-4.74865099799996,56.20332850700004],[-5.235815449999961,55.55035729900004],[-5.750118455999939,55.37132004100005],[-5.664958822999949,56.26921763900003],[-6.156141900999955,56.53570906400006],[-5.880703043999972,56.706309944000054],[-5.714641450999977,57.22967823700003],[-5.504436,57.36693949900007],[-5.56623721699998,57.78519811600006]]],[[[-7.21132079399996,57.59216579900004],[-7.168242015999965,57.49615014900007],[-7.350844510999934,57.09301045500007],[-7.451733183999977,57.119805049000036],[-7.367170816999931,57.40361180300005],[-7.451733183999977,57.67111192100003],[-7.081225887999949,57.81332671100006],[-7.158923953999931,58.01633389600005],[-6.964223937999975,58.25071788200006],[-6.309192369999948,58.46756084600008],[-6.203339650999965,58.29499898300003],[-6.373372073999974,58.01633389600005],[-6.874217617999932,57.798244314000044],[-7.21132079399996,57.59216579900004]]],[[[-6.761488666999981,57.42559788400007],[-6.419907942999941,57.55706539900007],[-6.300990525999964,57.738581433000036],[-5.950629592999974,57.31748451400006],[-5.993059666999955,57.02474587800003],[-6.159008804999928,57.08516574300006],[-6.32006499299996,56.85997735500007],[-6.476055342999928,56.983841072000075],[-6.224494239999956,57.21171909700007],[-6.355410176999953,57.31748451400006],[-6.710287978999929,57.31748451400006],[-6.761488666999981,57.42559788400007]]],[[[-1.436892383999975,60.42360051000003],[-1.335060496999972,60.54310062800005],[-1.15005121799993,60.47349222200006],[-1.149835355999926,60.74295122900003],[-0.87059432999996,60.74295122900003],[-1.166868275999946,60.240999946000045],[-1.321347182999943,60.114516449000064],[-1.436892383999975,60.42360051000003]]],[[[-2.95539170099994,59.31397415500004],[-2.78288570899997,59.16525318600003],[-3.172448396999926,58.814899670000045],[-3.37534515599998,58.91675317900007],[-3.317931721999969,59.07366618400005],[-2.95539170099994,59.31397415500004]]],[[[-6.04087842499996,55.68442179500005],[-6.166708803999938,55.63373658000006],[-6.454822350999962,55.797348628000066],[-6.351849479999942,55.88317957100003],[-5.987014378999959,55.95156205300003],[-5.987014378999959,55.79469190900005],[-6.04087842499996,55.68442179500005]]],[[[-1.532236375999958,59.88565985000008],[-1.442319205999979,60.01972125000003],[-1.071651815999928,59.884211693000054],[-1.285645130999967,59.71577028400003],[-1.442319205999979,59.80146213800003],[-1.532236375999958,59.88565985000008]]],[[[-7.871760844999926,58.278387749000046],[-7.377509749999945,58.424268202000064],[-7.46204417499996,58.16229348400003],[-7.797954987999958,58.18887777500004],[-7.871760844999926,58.278387749000046]]],[[[-8.838147211999967,57.91776439600005],[-8.337695675999953,57.82009408400006],[-8.425372076999963,57.64630032100007],[-8.767599903999951,57.75092540900005],[-8.838147211999967,57.91776439600005]]],[[[-2.78288570899997,59.16525318600003],[-2.788827277999928,59.18058711200007],[-2.60626844199993,59.32407664500005],[-2.514327371999968,59.11087798700004],[-2.711754129999974,59.01220160500003],[-2.78288570899997,59.16525318600003]]]]}},{"type":"Feature","properties":{"id":"UKM7","name":"Eastern Scotland","country":"UK"},"geometry":{"type":"MultiPolygon","coordinates":[[[[-2.786280659999932,56.90328927300004],[-2.425346,56.75518799900004],[-2.511604639999973,56.64084708200005],[-2.678875668999979,56.518152791000034],[-3.051892499999951,56.45849999900008],[-3.276975499999935,56.35053249900005],[-2.952809667999929,56.30969414500004],[-2.93585468699996,56.30457478400007],[-2.921514578999961,56.29437709800004],[-2.911232896999934,56.28009709500003],[-2.906109963999938,56.26326299200008],[-2.906694026999958,56.245676339000056],[-2.912922579999929,56.229219225000065],[-2.924129056999959,56.21565285600008],[-2.939177481999934,56.20631374700008],[-3.374717799999928,56.02934959100003],[-3.385416274999955,56.02565170000008],[-3.394083287999933,56.02709199600008],[-3.399878097999931,56.02479701100003],[-3.388862267999968,56.02241761600004],[-3.390415499999961,56.01723099900005],[-3.388251565999951,56.01210924000003],[-3.390876981999952,56.006602298000075],[-3.395828040999959,56.00953577400003],[-3.403552329999968,56.01005279200007],[-3.408359884999925,56.01427494300003],[-3.414063803999966,56.017076788000054],[-3.441530494999938,56.02276326100008],[-3.44657962499997,56.02113494100007],[-3.448470794999935,56.01943384800006],[-3.454397788999927,56.02165261000005],[-3.458353347999946,56.02737707300008],[-3.486081246999959,56.034414208000044],[-3.50413890699997,56.03422499900006],[-3.518629188999967,56.04135122100007],[-3.529825863999974,56.039814060000026],[-3.545555209999975,56.04068024000003],[-3.554838923999966,56.044244707000075],[-3.560215760999938,56.05038484200003],[-3.576488316999928,56.05883682800004],[-3.589553208999973,56.05922043500004],[-3.586289751999971,56.054899155000044],[-3.587097051999933,56.05031226400007],[-3.589658312999973,56.04743606200003],[-3.594806990999928,56.04601401100007],[-3.607418682999935,56.046562693000055],[-3.614075969999931,56.05431791400008],[-3.61809343699997,56.05571562100005],[-3.650163457999952,56.052866986000026],[-3.670053334999977,56.04658259800004],[-3.685171464999939,56.04806696500003],[-3.706821558999934,56.05570460000007],[-3.72563217499993,56.06966810600005],[-3.739637310999967,56.078062903000045],[-3.749379741999974,56.08005856700004],[-3.757577106999975,56.08259660700003],[-3.761849358999939,56.08391930100004],[-3.775874499999929,56.09371199900005],[-3.792418539999971,56.10550370000004],[-3.80413380799996,56.110442868000064],[-3.81972789799994,56.110894227000074],[-3.829421471999979,56.10284297700008],[-3.831122390999951,56.10473430300004],[-3.83282331099997,56.106625629000064],[-3.827070869999943,56.10989977400004],[-3.827732849999961,56.11426943500004],[-3.835030763999953,56.11808243000007],[-3.848924919999945,56.122198119000075],[-3.856968949999953,56.12035108900005],[-3.858207045999961,56.117997106000075],[-3.858800941999959,56.11010412700006],[-3.863971600999946,56.10720325400007],[-3.859051367999939,56.10757281800005],[-3.856645356999934,56.10875368500007],[-3.854078584999968,56.112050718000035],[-3.855668908999974,56.11816473700003],[-3.848550581999973,56.11712457700003],[-3.838197081999965,56.11492938400005],[-3.840854472999979,56.107039591000046],[-3.837532959999976,56.10152496300003],[-3.832020352999962,56.09922045600007],[-3.820153,56.099117499000045],[-3.694625282999937,56.02385097400003],[-3.515724,56.00225849900005],[-3.425330499999973,55.99402999900008],[-3.07764549999996,55.94689549900005],[-2.366623499999946,55.946113499000035],[-2.786280659999932,55.83367786500003],[-3.11126584699997,55.74660699100008],[-3.36901649999993,55.82420749900007],[-3.394744499999945,55.81983949900007],[-3.471619,55.77106849900008],[-3.744007499999952,55.78210849900006],[-3.822552,55.89659499900006],[-4.020121,56.02814499900006],[-4.152381499999933,56.00814449900008],[-4.549848404999977,56.07192006900004],[-4.673912867999945,56.18134734500006],[-4.674817141999938,56.30615361100007],[-4.785811499999966,56.323852499000054],[-4.520373,56.80541999900004],[-3.801627499999938,56.93601249900007],[-3.37210749999997,56.87474449900003],[-2.906840296999974,56.95275815900004],[-2.786280659999932,56.90328927300004]]]]}},{"type":"Feature","properties":{"id":"UKM8","name":"West Central Scotland","country":"UK"},"geometry":{"type":"MultiPolygon","coordinates":[[[[-4.549848404999977,56.07192006900004],[-4.152381499999933,56.00814449900008],[-4.020121,56.02814499900006],[-3.822552,55.89659499900006],[-3.744007499999952,55.78210849900006],[-4.107039499999928,55.83475499900004],[-4.250752499999976,55.784988499000065],[-4.246906499999966,55.67914949900006],[-4.549848404999977,55.76612838900007],[-4.888966499999981,55.87478999900003],[-4.789246696999953,55.95213926500003],[-4.549848404999977,55.92328344300006],[-4.549848404999977,55.935578658000054],[-4.691556795999929,56.00016162400004],[-4.74865099799996,56.20332850700004],[-4.785811499999966,56.323852499000054],[-4.674817141999938,56.30615361100007],[-4.673912867999945,56.18134734500006],[-4.549848404999977,56.07192006900004]]]]}},{"type":"Feature","properties":{"id":"UKM9","name":"Southern Scotland","country":"UK"},"geometry":{"type":"MultiPolygon","coordinates":[[[[-2.034329,55.81116499900003],[-2.563361300999929,55.30743342800008],[-2.689751,55.18906399900004],[-2.858508,55.10842499900008],[-3.057370499999934,54.98689649900007],[-3.373935246999963,54.93339780100007],[-4.549848404999977,54.73467124300004],[-5.076373797999963,54.852461480000045],[-5.041215014999977,54.99891571900008],[-4.844366315999935,55.325830816000064],[-4.658272499999953,55.57028949900007],[-4.870774470999947,55.699250293000034],[-4.888966499999981,55.87478999900003],[-4.549848404999977,55.76612838900007],[-4.246906499999966,55.67914949900006],[-4.250752499999976,55.784988499000065],[-4.107039499999928,55.83475499900004],[-3.744007499999952,55.78210849900006],[-3.471619,55.77106849900008],[-3.394744499999945,55.81983949900007],[-3.36901649999993,55.82420749900007],[-3.11126584699997,55.74660699100008],[-2.786280659999932,55.83367786500003],[-2.366623499999946,55.946113499000035],[-2.034329,55.81116499900003]]]]}},{"type":"Feature","properties":{"id":"UKN0","name":"Northern Ireland","country":"UK"},"geometry":{"type":"MultiPolygon","coordinates":[[[[-5.976527499999975,55.056598499000074],[-5.868339499999934,54.68877049900004],[-5.905161159999977,54.655345476000036],[-5.813513439999952,54.655345476000036],[-5.549280252999949,54.655345476000036],[-5.462450018999959,54.41687192200004],[-5.519048681999948,54.361193393000065],[-5.619085684999959,54.458769817000075],[-5.610085258999959,54.30888076700006],[-5.968094802999929,54.06189449700008],[-6.268015499999933,54.102336999000045],[-6.594991,54.044673999000054],[-6.643909,54.18001949900008],[-6.864229499999965,54.33016549900003],[-7.18851049999995,54.33768099900004],[-7.42910780099993,54.18289061100006],[-7.841137676999949,54.334889211000075],[-7.570156014999952,54.64264636900003],[-7.655125649999945,54.772940067000036],[-7.256068499999969,55.06703499900004],[-7.149065499999949,55.04338049900008],[-6.936642211999981,55.17025440000003],[-6.209195600999976,55.27315475000006],[-5.976527499999975,55.056598499000074]]]]}},{"type":"Feature","properties":{"id":"HR05","name":"Grad Zagreb","country":"HR"},"geometry":{"type":"MultiPolygon","coordinates":[[[[16.196429907000038,45.837391342000046],[15.923086032000072,45.65888527800007],[15.852669320000075,45.80854737300007],[15.956769,45.901593999000056],[16.154813500000046,45.968773999000064],[16.196429907000038,45.837391342000046]]]]}},{"type":"Feature","properties":{"id":"HR06","name":"Sjeverna Hrvatska","country":"HR"},"geometry":{"type":"MultiPolygon","coordinates":[[[[17.294325,45.98854449900006],[17.122053,45.88336399900004],[16.82156999500006,46.04784968300004],[16.702198,45.92312099900005],[16.609920500000044,45.67035599900004],[15.922112,45.47858749900007],[15.331290500000023,45.76285499900007],[15.404425,45.79271699900005],[15.706407500000068,45.975261999000054],[15.627262,46.08595349900003],[15.791475500000047,46.25932749900005],[15.87349450000005,46.27931949900005],[16.301549,46.378287999000065],[16.24214850000004,46.490075499000056],[16.596805,46.47590249900003],[16.854755,46.35044099900006],[16.876043500000037,46.320602499000074],[17.294325,45.98854449900006]],[[15.852669320000075,45.80854737300007],[15.923086032000072,45.65888527800007],[16.196429907000038,45.837391342000046],[16.154813500000046,45.968773999000064],[15.956769,45.901593999000056],[15.852669320000075,45.80854737300007]]]]}},{"type":"Feature","properties":{"id":"NO02","name":"Innlandet","country":"NO"},"geometry":{"type":"MultiPolygon","coordinates":[[[[10.85108708200005,60.30355936900003],[10.366276,60.32097549900004],[10.356589757000052,60.320789243000036],[10.016826044000027,60.58407538800003],[9.724550814000054,60.489636579000035],[9.368695109000043,60.629123367000034],[9.209864193000044,60.775442061000035],[8.889034335000076,60.875391981000064],[8.251701,61.07394399900005],[8.132034877000024,61.11909676400006],[8.186125494000066,61.51381381200008],[7.524225656000056,61.770865179000054],[7.349109,62.007681999000056],[8.271420996000074,62.32484537100004],[8.889034335000076,62.36215578700006],[9.062062,62.37260849900008],[9.316071324000063,62.325357989000054],[9.792455,62.28793199900008],[10.418422938000049,62.66876585700004],[12.25465950000006,62.33102449900008],[12.29937,62.26749399900007],[12.182376674000068,61.76715319900006],[12.693323305000035,61.42594322600007],[12.670176500000025,61.05597649900005],[12.294974122000042,60.986899048000055],[12.56846422700005,60.43470681600007],[12.438050007000072,60.07823781500008],[12.149506941000027,59.88822680700008],[11.839729,59.84076699900004],[11.153986,60.60514799900005],[10.85108708200005,60.30355936900003]]]]}},{"type":"Feature","properties":{"id":"NO06","name":"Trøndelag","country":"NO"},"geometry":{"type":"MultiPolygon","coordinates":[[[[14.109218917000021,64.38296240500006],[14.013628492000066,64.07335018800006],[13.14894692300004,64.07482882800008],[12.52213210900004,63.850870592000035],[12.205748750000055,63.61881959800007],[12.149506941000027,63.41824941800007],[12.052455500000065,63.183444499000075],[12.25465950000006,62.33102449900008],[10.418422938000049,62.66876585700004],[9.792455,62.28793199900008],[9.316071324000063,62.325357989000054],[9.062062,62.37260849900008],[9.431551497000044,63.07738591300006],[8.889034335000076,63.11915778100007],[8.623515205000047,63.38512004200004],[8.329581013000052,63.53383479200005],[8.380052681000052,63.66552110600003],[8.889034335000076,63.632347922000065],[9.046491333000063,63.52448274400007],[9.704646740000044,63.65770762500006],[9.928423692000024,64.02151141100006],[10.72949071100004,64.41340227700005],[11.052667815000063,64.60679518300003],[11.077328314000056,64.95741112800005],[12.13961774300003,65.02029180400007],[14.325985,65.11891599900008],[13.730256673000042,64.61218132900007],[13.838097015000073,64.54695307100008],[14.109218917000021,64.38296240500006]]],[[[9.197595055000022,64.02784721500007],[9.057818694000048,63.81968716800003],[8.658831368000051,63.894522936000044],[8.736130364000076,64.00968846300003],[9.197595055000022,64.02784721500007]]]]}},{"type":"Feature","properties":{"id":"NO07","name":"Nord-Norge","country":"NO"},"geometry":{"type":"MultiPolygon","coordinates":[[[[27.860229153000034,70.98478361700006],[28.465374504000067,70.71867713800003],[29.24549115700006,70.76133877700005],[30.32772966700003,70.51978264800005],[30.496650403000046,70.28849257700006],[30.145544206000068,69.93024346400006],[30.86536,69.75959449900006],[30.929705091000073,69.61947466400005],[30.84260981500006,69.54219790000008],[30.261668137000072,69.64165752800005],[30.075293343000055,69.47173898700004],[29.645268472000055,69.34741462300008],[28.896657488000073,69.04263701800005],[29.153650447000075,69.58802403300007],[27.747210623000058,70.06018756900005],[26.076315848000036,69.72561131500004],[25.63800956600005,68.96323131700007],[25.01195971900006,68.64287037700007],[24.028901794000035,68.78015797500007],[23.075685084000042,68.67564241600007],[21.983611500000052,69.07289349900003],[21.69185318800004,69.23480532600007],[21.588840693000066,69.27858431300007],[21.310315850000052,69.30653751100004],[21.03324826900007,69.23480532600007],[20.548636500000043,69.05996849900004],[20.334571065000034,69.01862856000008],[19.922091367000064,68.38448789400007],[18.125925,68.53651599900007],[18.07055247200003,68.13721175800003],[17.684947561000058,68.03245812800003],[17.26614568800005,68.09132058500006],[16.72042231000006,67.88741076200006],[16.167988669000067,67.42887684400006],[16.342528019000042,67.06415142700007],[15.415274297000053,66.50450012300007],[15.453994500000022,66.34523349900007],[14.627344443000027,66.06389820800007],[14.325985,65.11891599900008],[12.13961774300003,65.02029180400007],[12.026450337000028,65.64886949700008],[12.330704084000047,66.14443938800008],[12.802643725000053,66.49136508700008],[13.066833631000065,66.41013331900007],[13.206591912000022,66.74600437200007],[13.630171765000057,67.00228311100005],[14.192696578000039,67.17086167800005],[14.790103773000055,67.81938808400008],[15.767472607000059,68.14317053600007],[15.618232919000036,68.31873340600004],[14.549514393000038,68.28302105200004],[14.638808414000039,68.71300902100006],[15.824664133000056,69.15151370300003],[15.976778655000032,68.79250284200003],[16.47666407500003,68.95132579700004],[17.17205016500003,68.74457425100007],[17.008565646000022,69.32033893100004],[18.513130094000076,69.72777514900008],[18.88964382300003,70.08798598000004],[19.75813028300007,70.08220810000006],[19.866455006000024,69.82994318500005],[20.459544519000076,69.78862161100005],[20.675268236000022,70.05727135200004],[21.130376769000065,69.95016797800008],[21.489003423000042,70.18705597700006],[22.341764385000033,70.25291055900004],[22.962804748000053,70.68467927600005],[23.74094569600004,70.62947251000003],[25.55742059000005,70.96474718800005],[25.63350029700007,70.55600892300004],[27.860229153000034,70.98478361700006]]],[[[14.020592134000026,68.19480950400003],[13.492483055000037,68.04358594600006],[13.364378498000065,68.11875625800008],[13.920395295000048,68.36578261700004],[14.020592134000026,68.19480950400003]]],[[[13.233071162000044,68.00200973300008],[13.028888102000053,67.79843004300005],[12.836307228000067,67.89513472900006],[13.092708988000027,68.18171972100004],[13.233071162000044,68.00200973300008]]],[[[24.354748968000024,70.89505985100004],[24.067198391000034,70.88865489400007],[24.017995859000052,71.11366620700005],[24.28569296300003,71.17815589000008],[24.354748968000024,70.89505985100004]]]]}},{"type":"Feature","properties":{"id":"NO08","name":"Oslo og Viken","country":"NO"},"geometry":{"type":"MultiPolygon","coordinates":[[[[9.368695109000043,60.629123367000034],[9.724550814000054,60.489636579000035],[10.016826044000027,60.58407538800003],[10.356589757000052,60.320789243000036],[10.366276,60.32097549900004],[10.85108708200005,60.30355936900003],[11.153986,60.60514799900005],[11.839729,59.84076699900004],[11.926970500000039,59.79047599900008],[11.826196500000037,59.23784999900005],[11.716704274000051,59.049036483000066],[11.622032552000064,58.929603314000076],[11.456293106000032,58.99003427900004],[11.408527607000053,59.049036483000066],[10.911098163000077,59.049881655000036],[10.669662730000027,59.44797894800007],[10.501983002000031,59.781628356000056],[10.530081702000075,59.579388839000046],[10.324119133000067,59.691045161000034],[9.778087500000026,59.41200199900004],[8.889034335000076,60.043490234000046],[8.651861024000027,60.17370223000006],[7.488040500000068,60.09883849900007],[7.693943046000072,60.45869255200006],[7.46964,60.67554749900006],[8.251701,61.07394399900005],[8.889034335000076,60.875391981000064],[9.209864193000044,60.775442061000035],[9.368695109000043,60.629123367000034]]]]}},{"type":"Feature","properties":{"id":"NO09","name":"Agder og Sør-Østlandet","country":"NO"},"geometry":{"type":"MultiPolygon","coordinates":[[[[8.889034335000076,60.043490234000046],[9.778087500000026,59.41200199900004],[10.324119133000067,59.691045161000034],[10.446967934000043,59.43347610500007],[10.44890682600004,59.12924599100006],[10.205065152000032,59.00377120600007],[9.839197,59.04417899900005],[9.292107728000076,58.78230614600005],[8.889034335000076,58.47336556400006],[8.185152,58.142941499000074],[7.28850168200006,57.99887946400003],[6.438414023000064,58.29072668100008],[6.825913739000043,59.049036483000066],[6.939172500000041,59.18191549900007],[6.96787890500002,59.49840743000004],[7.214666500000021,59.672686999000064],[7.097079292000046,59.781628356000056],[7.488040500000068,60.09883849900007],[8.651861024000027,60.17370223000006],[8.889034335000076,60.043490234000046]]]]}},{"type":"Feature","properties":{"id":"NO0A","name":"Vestlandet","country":"NO"},"geometry":{"type":"MultiPolygon","coordinates":[[[[8.271420996000074,62.32484537100004],[7.349109,62.007681999000056],[7.524225656000056,61.770865179000054],[8.186125494000066,61.51381381200008],[8.132034877000024,61.11909676400006],[8.251701,61.07394399900005],[7.46964,60.67554749900006],[7.693943046000072,60.45869255200006],[7.488040500000068,60.09883849900007],[7.097079292000046,59.781628356000056],[7.214666500000021,59.672686999000064],[6.96787890500002,59.49840743000004],[6.939172500000041,59.18191549900007],[6.825913739000043,59.049036483000066],[6.438414023000064,58.29072668100008],[5.555610118000061,58.75078916100006],[5.511515624000026,59.00629653400006],[5.75630600300002,59.26678655400008],[5.67473482500003,59.57397639100003],[5.852256570000065,59.62924523600003],[5.605324318000044,59.769758015000036],[5.535590556000045,59.46765322200008],[5.542881197000042,59.33588722600007],[5.268187793000038,59.163896005000026],[5.243171158000052,59.46765322200008],[4.958823325000026,60.37444692100007],[5.126030316000026,60.83165688200006],[4.627811768000072,60.90616927500008],[4.847591365000028,61.22950631300006],[4.892775766000057,61.71541093700006],[5.150939873000027,61.897468426000046],[5.109244403000048,62.140525936000074],[5.479565960000059,61.98426860300003],[5.436420159000022,62.17978035200008],[5.729493222000031,62.17121196000005],[6.245624702000043,62.62685926900008],[7.004038210000033,62.95341778300008],[7.682432336000034,62.992412098000045],[7.880913030000045,63.40794882700004],[8.623515205000047,63.38512004200004],[8.889034335000076,63.11915778100007],[9.431551497000044,63.07738591300006],[9.062062,62.37260849900008],[8.889034335000076,62.36215578700006],[8.271420996000074,62.32484537100004]]]]}},{"type":"Feature","properties":{"id":"NO0B","name":"Jan Mayen and Svalbard","country":"NO"},"geometry":{"type":"MultiPolygon","coordinates":[[[[17.88143675400005,79.75051132600004],[17.837218438000036,79.47341974800008],[18.39546001900004,79.60378584400007],[18.761616400000037,79.49052335900006],[18.98955671300007,79.18284787000005],[20.488635084000066,79.12346409500003],[20.932493199000078,78.87805541400007],[21.572759002000055,78.81522018400005],[21.517588991000025,78.65197711900004],[22.059951443000045,78.53294068100007],[22.28729542800005,78.23318649500004],[22.96637687200007,78.22909120500003],[23.24205813900005,78.02184630000005],[24.143057229000078,77.76378983900008],[24.011482245000025,77.60293627900006],[23.24205813900005,77.39430747800003],[22.806841398000074,77.31131476500008],[22.63717704000004,77.57941590100006],[22.46590766500003,77.61485522100008],[21.903601485000024,77.50958087500004],[20.966591050000034,77.44770062500004],[20.929482563000022,77.54364462500007],[21.38771181100003,77.90829142100006],[20.61052027100004,78.34190484700008],[20.488635084000066,78.63837908100004],[19.061547295000025,78.43284633900004],[19.014223540000046,78.10802791700007],[18.47333728600006,77.97757564200003],[18.222649755000077,77.50958087500004],[17.684508492000077,77.46055621800008],[17.118742756000074,76.68026087200008],[16.610285074000046,76.59295512900007],[14.351951574000054,77.20722883200006],[13.974891674000048,77.50958087500004],[14.418175489000078,77.60779989100007],[14.413572473000045,77.71381595700007],[13.78393141600003,77.79694504300005],[13.650573679000047,78.04899040700008],[14.946663277000027,78.11410305800007],[16.343949680000037,78.36878551300003],[16.37788164500006,78.59251998700006],[15.60924007400007,78.46701904000008],[14.946663277000027,78.59250641500006],[13.503126504000022,78.19815223800003],[12.97661191800006,78.22923407100006],[12.264176753000072,78.57316382500005],[11.696064056000068,78.77624356100006],[11.737990086000025,79.15325546200006],[11.193472339000039,79.15544431800004],[10.80609735400003,79.57379019800004],[11.411681977000057,79.84787924900007],[12.264176753000072,79.66055191700008],[12.264176753000072,79.83888728200003],[13.57793706700005,79.84471524300005],[13.604970587000025,79.74407599300008],[13.373898062000023,79.61164666300004],[13.389598957000032,79.51213940000008],[13.925499589000026,79.39936186400007],[13.940521017000037,79.54137380400005],[14.526181233000045,79.76711532800005],[14.946663277000027,79.72328334400004],[15.981056423000041,79.12557053900008],[16.052293890000044,79.20292773200003],[15.703489184000034,79.70595861100009],[15.966795044000037,79.94916390400005],[16.403730324000037,80.04782303700006],[17.684508492000077,79.85307097500004],[17.88143675400005,79.75051132600004]]],[[[20.041086808000045,80.52594397800004],[21.717864083000052,80.16621058400005],[22.24398894500007,80.03741433300007],[22.39842065600004,80.11622096300005],[22.51961109000007,80.37501422100007],[23.24778458800006,80.44638267700003],[23.294027465000056,80.17697056200007],[23.845352546000072,80.20546113300009],[24.151636970000027,80.44735958700005],[26.889675080000075,80.04243654300006],[26.901582133000034,79.93880872600005],[26.359138073000054,79.72489692400006],[25.288291334000064,79.36255136500006],[23.24778458800006,79.25115273000006],[20.065106152000055,79.46979400900005],[19.85877834200005,79.56427017800007],[19.975976179000043,79.63226677500006],[20.489293547000045,79.57492267400005],[20.457912388000068,79.77127361700008],[18.77765528200007,79.72455938500008],[17.938741245000074,80.16621058400005],[18.282022478000044,80.36310733000005],[18.506204326000045,80.33558952500005],[18.634378432000062,80.16621058400005],[19.086459666000053,80.13128834000008],[19.07144018300005,80.32962772600007],[19.502581949000046,80.23195642400003],[19.738810932000035,80.47164519100005],[20.041086808000045,80.52594397800004]]],[[[11.327820681000048,78.51626384600007],[11.038149430000033,78.47003343000006],[10.49504055500006,78.80240184200005],[10.479334344000051,78.90362323000005],[11.023257143000023,78.83498778500007],[11.198386793000054,78.73811040600003],[11.327820681000048,78.51626384600007]]],[[[19.29312512300004,74.45697683100008],[19.06539508000003,74.27627936200008],[18.791527346000066,74.45391176600003],[19.115133678000063,74.56616724000008],[19.29312512300004,74.45697683100008]]],[[[-7.859361522999961,70.99552684900004],[-8.271505140999977,70.94627110600004],[-8.335391215999948,71.00989173000005],[-7.999343887999942,71.24319606900008],[-7.859361522999961,70.99552684900004]]],[[[12.140386608000028,78.24184688800005],[11.861973379000062,78.17939586300008],[11.61086825500007,78.37947355600005],[11.882776814000067,78.44830355000005],[12.140386608000028,78.24184688800005]]],[[[26.68846687200005,78.87713740300006],[26.71288922900004,78.60293739000008],[26.368408550000026,78.65058348100007],[26.326028766000036,78.78293554600003],[26.68846687200005,78.87713740300006]]],[[[28.16214757000006,80.18997925500008],[28.076568976000033,79.99102096400003],[27.656989258000067,80.15607572700003],[27.764131150000026,80.25759466000005],[28.16214757000006,80.18997925500008]]],[[[20.789865735000035,80.77780942100003],[20.79762937000004,80.55414471100005],[20.381057939000073,80.64074765400005],[20.46849239100004,80.79910717900003],[20.789865735000035,80.77780942100003]]]]}}]}